[2026-05-08T04:11:50.314+0000] {processor.py:161} INFO - Started process (PID=3423) to work on /opt/airflow/dags/dynamic_etl_dag.py
[2026-05-08T04:11:50.318+0000] {processor.py:830} INFO - Processing file /opt/airflow/dags/dynamic_etl_dag.py for tasks to queue
[2026-05-08T04:11:50.326+0000] {logging_mixin.py:188} INFO - [2026-05-08T04:11:50.325+0000] {dagbag.py:545} INFO - Filling up the DagBag from /opt/airflow/dags/dynamic_etl_dag.py
[2026-05-08T04:11:53.494+0000] {processor.py:840} INFO - DAG(s) 'dynamic_etl_framework' retrieved from /opt/airflow/dags/dynamic_etl_dag.py
[2026-05-08T04:11:53.827+0000] {logging_mixin.py:188} INFO - [2026-05-08T04:11:53.823+0000] {dag.py:3096} INFO - Sync 1 DAGs
[2026-05-08T04:11:53.906+0000] {logging_mixin.py:188} INFO - [2026-05-08T04:11:53.902+0000] {dag.py:3954} INFO - Setting next_dagrun for dynamic_etl_framework to 2026-05-08 00:00:00+00:00, run_after=2026-05-09 00:00:00+00:00
[2026-05-08T04:11:54.011+0000] {processor.py:183} INFO - Processing /opt/airflow/dags/dynamic_etl_dag.py took 3.718 seconds
[2026-05-08T04:12:24.354+0000] {processor.py:161} INFO - Started process (PID=3432) to work on /opt/airflow/dags/dynamic_etl_dag.py
[2026-05-08T04:12:24.355+0000] {processor.py:830} INFO - Processing file /opt/airflow/dags/dynamic_etl_dag.py for tasks to queue
[2026-05-08T04:12:24.358+0000] {logging_mixin.py:188} INFO - [2026-05-08T04:12:24.358+0000] {dagbag.py:545} INFO - Filling up the DagBag from /opt/airflow/dags/dynamic_etl_dag.py
[2026-05-08T04:12:25.239+0000] {processor.py:840} INFO - DAG(s) 'dynamic_etl_framework' retrieved from /opt/airflow/dags/dynamic_etl_dag.py
[2026-05-08T04:12:25.265+0000] {logging_mixin.py:188} INFO - [2026-05-08T04:12:25.264+0000] {dag.py:3096} INFO - Sync 1 DAGs
[2026-05-08T04:12:25.291+0000] {logging_mixin.py:188} INFO - [2026-05-08T04:12:25.291+0000] {dag.py:3954} INFO - Setting next_dagrun for dynamic_etl_framework to 2026-05-08 00:00:00+00:00, run_after=2026-05-09 00:00:00+00:00
[2026-05-08T04:12:25.316+0000] {processor.py:183} INFO - Processing /opt/airflow/dags/dynamic_etl_dag.py took 0.970 seconds
[2026-05-08T04:12:55.517+0000] {processor.py:161} INFO - Started process (PID=3438) to work on /opt/airflow/dags/dynamic_etl_dag.py
[2026-05-08T04:12:55.519+0000] {processor.py:830} INFO - Processing file /opt/airflow/dags/dynamic_etl_dag.py for tasks to queue
[2026-05-08T04:12:55.521+0000] {logging_mixin.py:188} INFO - [2026-05-08T04:12:55.520+0000] {dagbag.py:545} INFO - Filling up the DagBag from /opt/airflow/dags/dynamic_etl_dag.py
[2026-05-08T04:12:56.349+0000] {processor.py:840} INFO - DAG(s) 'dynamic_etl_framework' retrieved from /opt/airflow/dags/dynamic_etl_dag.py
[2026-05-08T04:12:56.367+0000] {logging_mixin.py:188} INFO - [2026-05-08T04:12:56.366+0000] {dag.py:3096} INFO - Sync 1 DAGs
[2026-05-08T04:12:56.385+0000] {logging_mixin.py:188} INFO - [2026-05-08T04:12:56.384+0000] {dag.py:3954} INFO - Setting next_dagrun for dynamic_etl_framework to 2026-05-08 00:00:00+00:00, run_after=2026-05-09 00:00:00+00:00
[2026-05-08T04:12:56.400+0000] {processor.py:183} INFO - Processing /opt/airflow/dags/dynamic_etl_dag.py took 0.888 seconds
[2026-05-08T04:13:26.645+0000] {processor.py:161} INFO - Started process (PID=3444) to work on /opt/airflow/dags/dynamic_etl_dag.py
[2026-05-08T04:13:26.647+0000] {processor.py:830} INFO - Processing file /opt/airflow/dags/dynamic_etl_dag.py for tasks to queue
[2026-05-08T04:13:26.649+0000] {logging_mixin.py:188} INFO - [2026-05-08T04:13:26.648+0000] {dagbag.py:545} INFO - Filling up the DagBag from /opt/airflow/dags/dynamic_etl_dag.py
[2026-05-08T04:13:27.280+0000] {processor.py:840} INFO - DAG(s) 'dynamic_etl_framework' retrieved from /opt/airflow/dags/dynamic_etl_dag.py
[2026-05-08T04:13:27.296+0000] {logging_mixin.py:188} INFO - [2026-05-08T04:13:27.295+0000] {dag.py:3096} INFO - Sync 1 DAGs
[2026-05-08T04:13:27.310+0000] {logging_mixin.py:188} INFO - [2026-05-08T04:13:27.310+0000] {dag.py:3954} INFO - Setting next_dagrun for dynamic_etl_framework to 2026-05-08 00:00:00+00:00, run_after=2026-05-09 00:00:00+00:00
[2026-05-08T04:13:27.327+0000] {processor.py:183} INFO - Processing /opt/airflow/dags/dynamic_etl_dag.py took 0.687 seconds
[2026-05-08T04:13:57.606+0000] {processor.py:161} INFO - Started process (PID=3450) to work on /opt/airflow/dags/dynamic_etl_dag.py
[2026-05-08T04:13:57.607+0000] {processor.py:830} INFO - Processing file /opt/airflow/dags/dynamic_etl_dag.py for tasks to queue
[2026-05-08T04:13:57.609+0000] {logging_mixin.py:188} INFO - [2026-05-08T04:13:57.608+0000] {dagbag.py:545} INFO - Filling up the DagBag from /opt/airflow/dags/dynamic_etl_dag.py
[2026-05-08T04:13:58.329+0000] {processor.py:840} INFO - DAG(s) 'dynamic_etl_framework' retrieved from /opt/airflow/dags/dynamic_etl_dag.py
[2026-05-08T04:13:58.349+0000] {logging_mixin.py:188} INFO - [2026-05-08T04:13:58.349+0000] {dag.py:3096} INFO - Sync 1 DAGs
[2026-05-08T04:13:58.363+0000] {logging_mixin.py:188} INFO - [2026-05-08T04:13:58.363+0000] {dag.py:3954} INFO - Setting next_dagrun for dynamic_etl_framework to 2026-05-08 00:00:00+00:00, run_after=2026-05-09 00:00:00+00:00
[2026-05-08T04:13:58.380+0000] {processor.py:183} INFO - Processing /opt/airflow/dags/dynamic_etl_dag.py took 0.780 seconds
[2026-05-08T04:14:28.687+0000] {processor.py:161} INFO - Started process (PID=3456) to work on /opt/airflow/dags/dynamic_etl_dag.py
[2026-05-08T04:14:28.689+0000] {processor.py:830} INFO - Processing file /opt/airflow/dags/dynamic_etl_dag.py for tasks to queue
[2026-05-08T04:14:28.692+0000] {logging_mixin.py:188} INFO - [2026-05-08T04:14:28.691+0000] {dagbag.py:545} INFO - Filling up the DagBag from /opt/airflow/dags/dynamic_etl_dag.py
[2026-05-08T04:14:29.422+0000] {processor.py:840} INFO - DAG(s) 'dynamic_etl_framework' retrieved from /opt/airflow/dags/dynamic_etl_dag.py
[2026-05-08T04:14:29.438+0000] {logging_mixin.py:188} INFO - [2026-05-08T04:14:29.438+0000] {dag.py:3096} INFO - Sync 1 DAGs
[2026-05-08T04:14:29.452+0000] {logging_mixin.py:188} INFO - [2026-05-08T04:14:29.452+0000] {dag.py:3954} INFO - Setting next_dagrun for dynamic_etl_framework to 2026-05-08 00:00:00+00:00, run_after=2026-05-09 00:00:00+00:00
[2026-05-08T04:14:29.468+0000] {processor.py:183} INFO - Processing /opt/airflow/dags/dynamic_etl_dag.py took 0.787 seconds
[2026-05-08T04:14:59.634+0000] {processor.py:161} INFO - Started process (PID=3462) to work on /opt/airflow/dags/dynamic_etl_dag.py
[2026-05-08T04:14:59.635+0000] {processor.py:830} INFO - Processing file /opt/airflow/dags/dynamic_etl_dag.py for tasks to queue
[2026-05-08T04:14:59.636+0000] {logging_mixin.py:188} INFO - [2026-05-08T04:14:59.636+0000] {dagbag.py:545} INFO - Filling up the DagBag from /opt/airflow/dags/dynamic_etl_dag.py
[2026-05-08T04:15:00.302+0000] {processor.py:840} INFO - DAG(s) 'dynamic_etl_framework' retrieved from /opt/airflow/dags/dynamic_etl_dag.py
[2026-05-08T04:15:00.320+0000] {logging_mixin.py:188} INFO - [2026-05-08T04:15:00.320+0000] {dag.py:3096} INFO - Sync 1 DAGs
[2026-05-08T04:15:00.337+0000] {logging_mixin.py:188} INFO - [2026-05-08T04:15:00.337+0000] {dag.py:3954} INFO - Setting next_dagrun for dynamic_etl_framework to 2026-05-08 00:00:00+00:00, run_after=2026-05-09 00:00:00+00:00
[2026-05-08T04:15:00.358+0000] {processor.py:183} INFO - Processing /opt/airflow/dags/dynamic_etl_dag.py took 0.730 seconds
[2026-05-08T04:15:30.626+0000] {processor.py:161} INFO - Started process (PID=3468) to work on /opt/airflow/dags/dynamic_etl_dag.py
[2026-05-08T04:15:30.627+0000] {processor.py:830} INFO - Processing file /opt/airflow/dags/dynamic_etl_dag.py for tasks to queue
[2026-05-08T04:15:30.629+0000] {logging_mixin.py:188} INFO - [2026-05-08T04:15:30.629+0000] {dagbag.py:545} INFO - Filling up the DagBag from /opt/airflow/dags/dynamic_etl_dag.py
[2026-05-08T04:15:31.284+0000] {processor.py:840} INFO - DAG(s) 'dynamic_etl_framework' retrieved from /opt/airflow/dags/dynamic_etl_dag.py
[2026-05-08T04:15:31.309+0000] {logging_mixin.py:188} INFO - [2026-05-08T04:15:31.309+0000] {dag.py:3096} INFO - Sync 1 DAGs
[2026-05-08T04:15:31.329+0000] {logging_mixin.py:188} INFO - [2026-05-08T04:15:31.329+0000] {dag.py:3954} INFO - Setting next_dagrun for dynamic_etl_framework to 2026-05-08 00:00:00+00:00, run_after=2026-05-09 00:00:00+00:00
[2026-05-08T04:15:31.364+0000] {processor.py:183} INFO - Processing /opt/airflow/dags/dynamic_etl_dag.py took 0.742 seconds
[2026-05-08T04:16:01.638+0000] {processor.py:161} INFO - Started process (PID=3474) to work on /opt/airflow/dags/dynamic_etl_dag.py
[2026-05-08T04:16:01.639+0000] {processor.py:830} INFO - Processing file /opt/airflow/dags/dynamic_etl_dag.py for tasks to queue
[2026-05-08T04:16:01.641+0000] {logging_mixin.py:188} INFO - [2026-05-08T04:16:01.641+0000] {dagbag.py:545} INFO - Filling up the DagBag from /opt/airflow/dags/dynamic_etl_dag.py
[2026-05-08T04:16:02.406+0000] {processor.py:840} INFO - DAG(s) 'dynamic_etl_framework' retrieved from /opt/airflow/dags/dynamic_etl_dag.py
[2026-05-08T04:16:02.426+0000] {logging_mixin.py:188} INFO - [2026-05-08T04:16:02.425+0000] {dag.py:3096} INFO - Sync 1 DAGs
[2026-05-08T04:16:02.444+0000] {logging_mixin.py:188} INFO - [2026-05-08T04:16:02.443+0000] {dag.py:3954} INFO - Setting next_dagrun for dynamic_etl_framework to 2026-05-08 00:00:00+00:00, run_after=2026-05-09 00:00:00+00:00
[2026-05-08T04:16:02.459+0000] {processor.py:183} INFO - Processing /opt/airflow/dags/dynamic_etl_dag.py took 0.827 seconds
[2026-05-08T04:16:32.707+0000] {processor.py:161} INFO - Started process (PID=3480) to work on /opt/airflow/dags/dynamic_etl_dag.py
[2026-05-08T04:16:32.708+0000] {processor.py:830} INFO - Processing file /opt/airflow/dags/dynamic_etl_dag.py for tasks to queue
[2026-05-08T04:16:32.709+0000] {logging_mixin.py:188} INFO - [2026-05-08T04:16:32.709+0000] {dagbag.py:545} INFO - Filling up the DagBag from /opt/airflow/dags/dynamic_etl_dag.py
[2026-05-08T04:16:33.419+0000] {processor.py:840} INFO - DAG(s) 'dynamic_etl_framework' retrieved from /opt/airflow/dags/dynamic_etl_dag.py
[2026-05-08T04:16:33.438+0000] {logging_mixin.py:188} INFO - [2026-05-08T04:16:33.437+0000] {dag.py:3096} INFO - Sync 1 DAGs
[2026-05-08T04:16:33.459+0000] {logging_mixin.py:188} INFO - [2026-05-08T04:16:33.459+0000] {dag.py:3954} INFO - Setting next_dagrun for dynamic_etl_framework to 2026-05-08 00:00:00+00:00, run_after=2026-05-09 00:00:00+00:00
[2026-05-08T04:16:33.480+0000] {processor.py:183} INFO - Processing /opt/airflow/dags/dynamic_etl_dag.py took 0.778 seconds
[2026-05-08T04:17:03.621+0000] {processor.py:161} INFO - Started process (PID=3486) to work on /opt/airflow/dags/dynamic_etl_dag.py
[2026-05-08T04:17:03.622+0000] {processor.py:830} INFO - Processing file /opt/airflow/dags/dynamic_etl_dag.py for tasks to queue
[2026-05-08T04:17:03.624+0000] {logging_mixin.py:188} INFO - [2026-05-08T04:17:03.624+0000] {dagbag.py:545} INFO - Filling up the DagBag from /opt/airflow/dags/dynamic_etl_dag.py
[2026-05-08T04:17:04.399+0000] {processor.py:840} INFO - DAG(s) 'dynamic_etl_framework' retrieved from /opt/airflow/dags/dynamic_etl_dag.py
[2026-05-08T04:17:04.418+0000] {logging_mixin.py:188} INFO - [2026-05-08T04:17:04.417+0000] {dag.py:3096} INFO - Sync 1 DAGs
[2026-05-08T04:17:04.438+0000] {logging_mixin.py:188} INFO - [2026-05-08T04:17:04.438+0000] {dag.py:3954} INFO - Setting next_dagrun for dynamic_etl_framework to 2026-05-08 00:00:00+00:00, run_after=2026-05-09 00:00:00+00:00
[2026-05-08T04:17:04.456+0000] {processor.py:183} INFO - Processing /opt/airflow/dags/dynamic_etl_dag.py took 0.841 seconds
[2026-05-08T04:17:34.732+0000] {processor.py:161} INFO - Started process (PID=3492) to work on /opt/airflow/dags/dynamic_etl_dag.py
[2026-05-08T04:17:34.733+0000] {processor.py:830} INFO - Processing file /opt/airflow/dags/dynamic_etl_dag.py for tasks to queue
[2026-05-08T04:17:34.735+0000] {logging_mixin.py:188} INFO - [2026-05-08T04:17:34.735+0000] {dagbag.py:545} INFO - Filling up the DagBag from /opt/airflow/dags/dynamic_etl_dag.py
[2026-05-08T04:17:35.439+0000] {processor.py:840} INFO - DAG(s) 'dynamic_etl_framework' retrieved from /opt/airflow/dags/dynamic_etl_dag.py
[2026-05-08T04:17:35.455+0000] {logging_mixin.py:188} INFO - [2026-05-08T04:17:35.455+0000] {dag.py:3096} INFO - Sync 1 DAGs
[2026-05-08T04:17:35.470+0000] {logging_mixin.py:188} INFO - [2026-05-08T04:17:35.470+0000] {dag.py:3954} INFO - Setting next_dagrun for dynamic_etl_framework to 2026-05-08 00:00:00+00:00, run_after=2026-05-09 00:00:00+00:00
[2026-05-08T04:17:35.495+0000] {processor.py:183} INFO - Processing /opt/airflow/dags/dynamic_etl_dag.py took 0.768 seconds
[2026-05-08T04:18:05.853+0000] {processor.py:161} INFO - Started process (PID=3498) to work on /opt/airflow/dags/dynamic_etl_dag.py
[2026-05-08T04:18:05.855+0000] {processor.py:830} INFO - Processing file /opt/airflow/dags/dynamic_etl_dag.py for tasks to queue
[2026-05-08T04:18:05.857+0000] {logging_mixin.py:188} INFO - [2026-05-08T04:18:05.856+0000] {dagbag.py:545} INFO - Filling up the DagBag from /opt/airflow/dags/dynamic_etl_dag.py
[2026-05-08T04:18:06.518+0000] {processor.py:840} INFO - DAG(s) 'dynamic_etl_framework' retrieved from /opt/airflow/dags/dynamic_etl_dag.py
[2026-05-08T04:18:06.536+0000] {logging_mixin.py:188} INFO - [2026-05-08T04:18:06.535+0000] {dag.py:3096} INFO - Sync 1 DAGs
[2026-05-08T04:18:06.551+0000] {logging_mixin.py:188} INFO - [2026-05-08T04:18:06.551+0000] {dag.py:3954} INFO - Setting next_dagrun for dynamic_etl_framework to 2026-05-08 00:00:00+00:00, run_after=2026-05-09 00:00:00+00:00
[2026-05-08T04:18:06.568+0000] {processor.py:183} INFO - Processing /opt/airflow/dags/dynamic_etl_dag.py took 0.721 seconds
[2026-05-08T04:18:36.894+0000] {processor.py:161} INFO - Started process (PID=3504) to work on /opt/airflow/dags/dynamic_etl_dag.py
[2026-05-08T04:18:36.896+0000] {processor.py:830} INFO - Processing file /opt/airflow/dags/dynamic_etl_dag.py for tasks to queue
[2026-05-08T04:18:36.898+0000] {logging_mixin.py:188} INFO - [2026-05-08T04:18:36.898+0000] {dagbag.py:545} INFO - Filling up the DagBag from /opt/airflow/dags/dynamic_etl_dag.py
[2026-05-08T04:18:37.586+0000] {processor.py:840} INFO - DAG(s) 'dynamic_etl_framework' retrieved from /opt/airflow/dags/dynamic_etl_dag.py
[2026-05-08T04:18:37.601+0000] {logging_mixin.py:188} INFO - [2026-05-08T04:18:37.601+0000] {dag.py:3096} INFO - Sync 1 DAGs
[2026-05-08T04:18:37.616+0000] {logging_mixin.py:188} INFO - [2026-05-08T04:18:37.616+0000] {dag.py:3954} INFO - Setting next_dagrun for dynamic_etl_framework to 2026-05-08 00:00:00+00:00, run_after=2026-05-09 00:00:00+00:00
[2026-05-08T04:18:37.638+0000] {processor.py:183} INFO - Processing /opt/airflow/dags/dynamic_etl_dag.py took 0.750 seconds
[2026-05-08T04:19:07.796+0000] {processor.py:161} INFO - Started process (PID=3510) to work on /opt/airflow/dags/dynamic_etl_dag.py
[2026-05-08T04:19:07.797+0000] {processor.py:830} INFO - Processing file /opt/airflow/dags/dynamic_etl_dag.py for tasks to queue
[2026-05-08T04:19:07.799+0000] {logging_mixin.py:188} INFO - [2026-05-08T04:19:07.799+0000] {dagbag.py:545} INFO - Filling up the DagBag from /opt/airflow/dags/dynamic_etl_dag.py
[2026-05-08T04:19:08.477+0000] {processor.py:840} INFO - DAG(s) 'dynamic_etl_framework' retrieved from /opt/airflow/dags/dynamic_etl_dag.py
[2026-05-08T04:19:08.498+0000] {logging_mixin.py:188} INFO - [2026-05-08T04:19:08.498+0000] {dag.py:3096} INFO - Sync 1 DAGs
[2026-05-08T04:19:08.513+0000] {logging_mixin.py:188} INFO - [2026-05-08T04:19:08.513+0000] {dag.py:3954} INFO - Setting next_dagrun for dynamic_etl_framework to 2026-05-08 00:00:00+00:00, run_after=2026-05-09 00:00:00+00:00
[2026-05-08T04:19:08.534+0000] {processor.py:183} INFO - Processing /opt/airflow/dags/dynamic_etl_dag.py took 0.743 seconds
[2026-05-08T04:19:38.778+0000] {processor.py:161} INFO - Started process (PID=3516) to work on /opt/airflow/dags/dynamic_etl_dag.py
[2026-05-08T04:19:38.779+0000] {processor.py:830} INFO - Processing file /opt/airflow/dags/dynamic_etl_dag.py for tasks to queue
[2026-05-08T04:19:38.781+0000] {logging_mixin.py:188} INFO - [2026-05-08T04:19:38.781+0000] {dagbag.py:545} INFO - Filling up the DagBag from /opt/airflow/dags/dynamic_etl_dag.py
[2026-05-08T04:19:39.389+0000] {processor.py:840} INFO - DAG(s) 'dynamic_etl_framework' retrieved from /opt/airflow/dags/dynamic_etl_dag.py
[2026-05-08T04:19:39.405+0000] {logging_mixin.py:188} INFO - [2026-05-08T04:19:39.405+0000] {dag.py:3096} INFO - Sync 1 DAGs
[2026-05-08T04:19:39.421+0000] {logging_mixin.py:188} INFO - [2026-05-08T04:19:39.420+0000] {dag.py:3954} INFO - Setting next_dagrun for dynamic_etl_framework to 2026-05-08 00:00:00+00:00, run_after=2026-05-09 00:00:00+00:00
[2026-05-08T04:19:39.438+0000] {processor.py:183} INFO - Processing /opt/airflow/dags/dynamic_etl_dag.py took 0.665 seconds
[2026-05-08T04:20:09.738+0000] {processor.py:161} INFO - Started process (PID=3522) to work on /opt/airflow/dags/dynamic_etl_dag.py
[2026-05-08T04:20:09.740+0000] {processor.py:830} INFO - Processing file /opt/airflow/dags/dynamic_etl_dag.py for tasks to queue
[2026-05-08T04:20:09.742+0000] {logging_mixin.py:188} INFO - [2026-05-08T04:20:09.741+0000] {dagbag.py:545} INFO - Filling up the DagBag from /opt/airflow/dags/dynamic_etl_dag.py
[2026-05-08T04:20:10.530+0000] {processor.py:840} INFO - DAG(s) 'dynamic_etl_framework' retrieved from /opt/airflow/dags/dynamic_etl_dag.py
[2026-05-08T04:20:10.557+0000] {logging_mixin.py:188} INFO - [2026-05-08T04:20:10.557+0000] {dag.py:3096} INFO - Sync 1 DAGs
[2026-05-08T04:20:10.575+0000] {logging_mixin.py:188} INFO - [2026-05-08T04:20:10.574+0000] {dag.py:3954} INFO - Setting next_dagrun for dynamic_etl_framework to 2026-05-08 00:00:00+00:00, run_after=2026-05-09 00:00:00+00:00
[2026-05-08T04:20:10.595+0000] {processor.py:183} INFO - Processing /opt/airflow/dags/dynamic_etl_dag.py took 0.861 seconds
[2026-05-08T04:20:40.849+0000] {processor.py:161} INFO - Started process (PID=3528) to work on /opt/airflow/dags/dynamic_etl_dag.py
[2026-05-08T04:20:40.850+0000] {processor.py:830} INFO - Processing file /opt/airflow/dags/dynamic_etl_dag.py for tasks to queue
[2026-05-08T04:20:40.852+0000] {logging_mixin.py:188} INFO - [2026-05-08T04:20:40.852+0000] {dagbag.py:545} INFO - Filling up the DagBag from /opt/airflow/dags/dynamic_etl_dag.py
[2026-05-08T04:20:41.510+0000] {processor.py:840} INFO - DAG(s) 'dynamic_etl_framework' retrieved from /opt/airflow/dags/dynamic_etl_dag.py
[2026-05-08T04:20:41.531+0000] {logging_mixin.py:188} INFO - [2026-05-08T04:20:41.531+0000] {dag.py:3096} INFO - Sync 1 DAGs
[2026-05-08T04:20:41.545+0000] {logging_mixin.py:188} INFO - [2026-05-08T04:20:41.545+0000] {dag.py:3954} INFO - Setting next_dagrun for dynamic_etl_framework to 2026-05-08 00:00:00+00:00, run_after=2026-05-09 00:00:00+00:00
[2026-05-08T04:20:41.560+0000] {processor.py:183} INFO - Processing /opt/airflow/dags/dynamic_etl_dag.py took 0.717 seconds
[2026-05-08T04:21:11.878+0000] {processor.py:161} INFO - Started process (PID=3534) to work on /opt/airflow/dags/dynamic_etl_dag.py
[2026-05-08T04:21:11.880+0000] {processor.py:830} INFO - Processing file /opt/airflow/dags/dynamic_etl_dag.py for tasks to queue
[2026-05-08T04:21:11.882+0000] {logging_mixin.py:188} INFO - [2026-05-08T04:21:11.882+0000] {dagbag.py:545} INFO - Filling up the DagBag from /opt/airflow/dags/dynamic_etl_dag.py
[2026-05-08T04:21:12.562+0000] {processor.py:840} INFO - DAG(s) 'dynamic_etl_framework' retrieved from /opt/airflow/dags/dynamic_etl_dag.py
[2026-05-08T04:21:12.580+0000] {logging_mixin.py:188} INFO - [2026-05-08T04:21:12.579+0000] {dag.py:3096} INFO - Sync 1 DAGs
[2026-05-08T04:21:12.596+0000] {logging_mixin.py:188} INFO - [2026-05-08T04:21:12.596+0000] {dag.py:3954} INFO - Setting next_dagrun for dynamic_etl_framework to 2026-05-08 00:00:00+00:00, run_after=2026-05-09 00:00:00+00:00
[2026-05-08T04:21:12.613+0000] {processor.py:183} INFO - Processing /opt/airflow/dags/dynamic_etl_dag.py took 0.740 seconds
[2026-05-08T04:21:42.861+0000] {processor.py:161} INFO - Started process (PID=3540) to work on /opt/airflow/dags/dynamic_etl_dag.py
[2026-05-08T04:21:42.863+0000] {processor.py:830} INFO - Processing file /opt/airflow/dags/dynamic_etl_dag.py for tasks to queue
[2026-05-08T04:21:42.870+0000] {logging_mixin.py:188} INFO - [2026-05-08T04:21:42.869+0000] {dagbag.py:545} INFO - Filling up the DagBag from /opt/airflow/dags/dynamic_etl_dag.py
[2026-05-08T04:21:43.504+0000] {processor.py:840} INFO - DAG(s) 'dynamic_etl_framework' retrieved from /opt/airflow/dags/dynamic_etl_dag.py
[2026-05-08T04:21:43.525+0000] {logging_mixin.py:188} INFO - [2026-05-08T04:21:43.525+0000] {dag.py:3096} INFO - Sync 1 DAGs
[2026-05-08T04:21:43.547+0000] {logging_mixin.py:188} INFO - [2026-05-08T04:21:43.547+0000] {dag.py:3954} INFO - Setting next_dagrun for dynamic_etl_framework to 2026-05-08 00:00:00+00:00, run_after=2026-05-09 00:00:00+00:00
[2026-05-08T04:21:43.572+0000] {processor.py:183} INFO - Processing /opt/airflow/dags/dynamic_etl_dag.py took 0.720 seconds
[2026-05-08T04:22:13.664+0000] {processor.py:161} INFO - Started process (PID=3546) to work on /opt/airflow/dags/dynamic_etl_dag.py
[2026-05-08T04:22:13.665+0000] {processor.py:830} INFO - Processing file /opt/airflow/dags/dynamic_etl_dag.py for tasks to queue
[2026-05-08T04:22:13.668+0000] {logging_mixin.py:188} INFO - [2026-05-08T04:22:13.667+0000] {dagbag.py:545} INFO - Filling up the DagBag from /opt/airflow/dags/dynamic_etl_dag.py
[2026-05-08T04:22:14.359+0000] {processor.py:840} INFO - DAG(s) 'dynamic_etl_framework' retrieved from /opt/airflow/dags/dynamic_etl_dag.py
[2026-05-08T04:22:14.379+0000] {logging_mixin.py:188} INFO - [2026-05-08T04:22:14.379+0000] {dag.py:3096} INFO - Sync 1 DAGs
[2026-05-08T04:22:14.400+0000] {logging_mixin.py:188} INFO - [2026-05-08T04:22:14.399+0000] {dag.py:3954} INFO - Setting next_dagrun for dynamic_etl_framework to 2026-05-08 00:00:00+00:00, run_after=2026-05-09 00:00:00+00:00
[2026-05-08T04:22:14.413+0000] {processor.py:183} INFO - Processing /opt/airflow/dags/dynamic_etl_dag.py took 0.754 seconds
[2026-05-08T04:24:18.141+0000] {processor.py:161} INFO - Started process (PID=168) to work on /opt/airflow/dags/dynamic_etl_dag.py
[2026-05-08T04:24:18.144+0000] {processor.py:830} INFO - Processing file /opt/airflow/dags/dynamic_etl_dag.py for tasks to queue
[2026-05-08T04:24:18.149+0000] {logging_mixin.py:188} INFO - [2026-05-08T04:24:18.148+0000] {dagbag.py:545} INFO - Filling up the DagBag from /opt/airflow/dags/dynamic_etl_dag.py
[2026-05-08T04:24:20.552+0000] {processor.py:840} INFO - DAG(s) 'dynamic_etl_framework' retrieved from /opt/airflow/dags/dynamic_etl_dag.py
[2026-05-08T04:24:20.970+0000] {logging_mixin.py:188} INFO - [2026-05-08T04:24:20.969+0000] {override.py:1829} INFO - Created Permission View: can delete on DAG:dynamic_etl_framework
[2026-05-08T04:24:21.000+0000] {logging_mixin.py:188} INFO - [2026-05-08T04:24:21.000+0000] {override.py:1829} INFO - Created Permission View: can read on DAG:dynamic_etl_framework
[2026-05-08T04:24:21.032+0000] {logging_mixin.py:188} INFO - [2026-05-08T04:24:21.032+0000] {override.py:1829} INFO - Created Permission View: can edit on DAG:dynamic_etl_framework
[2026-05-08T04:24:21.033+0000] {logging_mixin.py:188} INFO - [2026-05-08T04:24:21.033+0000] {dag.py:3096} INFO - Sync 1 DAGs
[2026-05-08T04:24:21.051+0000] {logging_mixin.py:188} INFO - [2026-05-08T04:24:21.050+0000] {dag.py:3118} INFO - Creating ORM DAG for dynamic_etl_framework
[2026-05-08T04:24:21.066+0000] {logging_mixin.py:188} INFO - [2026-05-08T04:24:21.065+0000] {dag.py:3954} INFO - Setting next_dagrun for dynamic_etl_framework to 2026-05-07 00:00:00+00:00, run_after=2026-05-08 00:00:00+00:00
[2026-05-08T04:24:21.130+0000] {processor.py:183} INFO - Processing /opt/airflow/dags/dynamic_etl_dag.py took 2.997 seconds
[2026-05-08T04:24:51.548+0000] {processor.py:161} INFO - Started process (PID=174) to work on /opt/airflow/dags/dynamic_etl_dag.py
[2026-05-08T04:24:51.550+0000] {processor.py:830} INFO - Processing file /opt/airflow/dags/dynamic_etl_dag.py for tasks to queue
[2026-05-08T04:24:51.552+0000] {logging_mixin.py:188} INFO - [2026-05-08T04:24:51.551+0000] {dagbag.py:545} INFO - Filling up the DagBag from /opt/airflow/dags/dynamic_etl_dag.py
[2026-05-08T04:24:52.239+0000] {processor.py:840} INFO - DAG(s) 'dynamic_etl_framework' retrieved from /opt/airflow/dags/dynamic_etl_dag.py
[2026-05-08T04:24:52.384+0000] {logging_mixin.py:188} INFO - [2026-05-08T04:24:52.384+0000] {dag.py:3096} INFO - Sync 1 DAGs
[2026-05-08T04:24:52.402+0000] {logging_mixin.py:188} INFO - [2026-05-08T04:24:52.402+0000] {dag.py:3954} INFO - Setting next_dagrun for dynamic_etl_framework to 2026-05-07 00:00:00+00:00, run_after=2026-05-08 00:00:00+00:00
[2026-05-08T04:24:52.443+0000] {processor.py:183} INFO - Processing /opt/airflow/dags/dynamic_etl_dag.py took 0.900 seconds
[2026-05-08T04:25:22.840+0000] {processor.py:161} INFO - Started process (PID=180) to work on /opt/airflow/dags/dynamic_etl_dag.py
[2026-05-08T04:25:22.842+0000] {processor.py:830} INFO - Processing file /opt/airflow/dags/dynamic_etl_dag.py for tasks to queue
[2026-05-08T04:25:22.846+0000] {logging_mixin.py:188} INFO - [2026-05-08T04:25:22.845+0000] {dagbag.py:545} INFO - Filling up the DagBag from /opt/airflow/dags/dynamic_etl_dag.py
[2026-05-08T04:25:23.516+0000] {processor.py:840} INFO - DAG(s) 'dynamic_etl_framework' retrieved from /opt/airflow/dags/dynamic_etl_dag.py
[2026-05-08T04:25:23.670+0000] {logging_mixin.py:188} INFO - [2026-05-08T04:25:23.669+0000] {dag.py:3096} INFO - Sync 1 DAGs
[2026-05-08T04:25:23.690+0000] {logging_mixin.py:188} INFO - [2026-05-08T04:25:23.690+0000] {dag.py:3954} INFO - Setting next_dagrun for dynamic_etl_framework to 2026-05-07 00:00:00+00:00, run_after=2026-05-08 00:00:00+00:00
[2026-05-08T04:25:23.722+0000] {processor.py:183} INFO - Processing /opt/airflow/dags/dynamic_etl_dag.py took 0.887 seconds
[2026-05-08T04:25:54.082+0000] {processor.py:161} INFO - Started process (PID=186) to work on /opt/airflow/dags/dynamic_etl_dag.py
[2026-05-08T04:25:54.083+0000] {processor.py:830} INFO - Processing file /opt/airflow/dags/dynamic_etl_dag.py for tasks to queue
[2026-05-08T04:25:54.084+0000] {logging_mixin.py:188} INFO - [2026-05-08T04:25:54.084+0000] {dagbag.py:545} INFO - Filling up the DagBag from /opt/airflow/dags/dynamic_etl_dag.py
[2026-05-08T04:25:54.796+0000] {processor.py:840} INFO - DAG(s) 'dynamic_etl_framework' retrieved from /opt/airflow/dags/dynamic_etl_dag.py
[2026-05-08T04:25:55.051+0000] {logging_mixin.py:188} INFO - [2026-05-08T04:25:55.050+0000] {dag.py:3096} INFO - Sync 1 DAGs
[2026-05-08T04:25:55.071+0000] {logging_mixin.py:188} INFO - [2026-05-08T04:25:55.071+0000] {dag.py:3954} INFO - Setting next_dagrun for dynamic_etl_framework to 2026-05-07 00:00:00+00:00, run_after=2026-05-08 00:00:00+00:00
[2026-05-08T04:25:55.103+0000] {processor.py:183} INFO - Processing /opt/airflow/dags/dynamic_etl_dag.py took 1.026 seconds
[2026-05-08T04:26:25.549+0000] {processor.py:161} INFO - Started process (PID=192) to work on /opt/airflow/dags/dynamic_etl_dag.py
[2026-05-08T04:26:25.550+0000] {processor.py:830} INFO - Processing file /opt/airflow/dags/dynamic_etl_dag.py for tasks to queue
[2026-05-08T04:26:25.552+0000] {logging_mixin.py:188} INFO - [2026-05-08T04:26:25.551+0000] {dagbag.py:545} INFO - Filling up the DagBag from /opt/airflow/dags/dynamic_etl_dag.py
[2026-05-08T04:26:26.254+0000] {processor.py:840} INFO - DAG(s) 'dynamic_etl_framework' retrieved from /opt/airflow/dags/dynamic_etl_dag.py
[2026-05-08T04:26:26.404+0000] {logging_mixin.py:188} INFO - [2026-05-08T04:26:26.403+0000] {dag.py:3096} INFO - Sync 1 DAGs
[2026-05-08T04:26:26.423+0000] {logging_mixin.py:188} INFO - [2026-05-08T04:26:26.423+0000] {dag.py:3954} INFO - Setting next_dagrun for dynamic_etl_framework to 2026-05-07 00:00:00+00:00, run_after=2026-05-08 00:00:00+00:00
[2026-05-08T04:26:26.458+0000] {processor.py:183} INFO - Processing /opt/airflow/dags/dynamic_etl_dag.py took 0.914 seconds
[2026-05-08T04:26:56.891+0000] {processor.py:161} INFO - Started process (PID=198) to work on /opt/airflow/dags/dynamic_etl_dag.py
[2026-05-08T04:26:56.892+0000] {processor.py:830} INFO - Processing file /opt/airflow/dags/dynamic_etl_dag.py for tasks to queue
[2026-05-08T04:26:56.894+0000] {logging_mixin.py:188} INFO - [2026-05-08T04:26:56.894+0000] {dagbag.py:545} INFO - Filling up the DagBag from /opt/airflow/dags/dynamic_etl_dag.py
[2026-05-08T04:26:57.561+0000] {processor.py:840} INFO - DAG(s) 'dynamic_etl_framework' retrieved from /opt/airflow/dags/dynamic_etl_dag.py
[2026-05-08T04:26:57.718+0000] {logging_mixin.py:188} INFO - [2026-05-08T04:26:57.718+0000] {dag.py:3096} INFO - Sync 1 DAGs
[2026-05-08T04:26:57.738+0000] {logging_mixin.py:188} INFO - [2026-05-08T04:26:57.738+0000] {dag.py:3954} INFO - Setting next_dagrun for dynamic_etl_framework to 2026-05-07 00:00:00+00:00, run_after=2026-05-08 00:00:00+00:00
[2026-05-08T04:26:57.767+0000] {processor.py:183} INFO - Processing /opt/airflow/dags/dynamic_etl_dag.py took 0.882 seconds
[2026-05-08T04:27:35.120+0000] {processor.py:161} INFO - Started process (PID=168) to work on /opt/airflow/dags/dynamic_etl_dag.py
[2026-05-08T04:27:35.123+0000] {processor.py:830} INFO - Processing file /opt/airflow/dags/dynamic_etl_dag.py for tasks to queue
[2026-05-08T04:27:35.126+0000] {logging_mixin.py:188} INFO - [2026-05-08T04:27:35.126+0000] {dagbag.py:545} INFO - Filling up the DagBag from /opt/airflow/dags/dynamic_etl_dag.py
[2026-05-08T04:27:35.980+0000] {processor.py:840} INFO - DAG(s) 'dynamic_etl_framework' retrieved from /opt/airflow/dags/dynamic_etl_dag.py
[2026-05-08T04:27:36.234+0000] {logging_mixin.py:188} INFO - [2026-05-08T04:27:36.233+0000] {dag.py:3096} INFO - Sync 1 DAGs
[2026-05-08T04:27:36.254+0000] {logging_mixin.py:188} INFO - [2026-05-08T04:27:36.254+0000] {dag.py:3954} INFO - Setting next_dagrun for dynamic_etl_framework to 2026-05-07 00:00:00+00:00, run_after=2026-05-08 00:00:00+00:00
[2026-05-08T04:27:36.284+0000] {processor.py:183} INFO - Processing /opt/airflow/dags/dynamic_etl_dag.py took 1.173 seconds
[2026-05-08T04:27:59.685+0000] {processor.py:161} INFO - Started process (PID=168) to work on /opt/airflow/dags/dynamic_etl_dag.py
[2026-05-08T04:27:59.688+0000] {processor.py:830} INFO - Processing file /opt/airflow/dags/dynamic_etl_dag.py for tasks to queue
[2026-05-08T04:27:59.693+0000] {logging_mixin.py:188} INFO - [2026-05-08T04:27:59.692+0000] {dagbag.py:545} INFO - Filling up the DagBag from /opt/airflow/dags/dynamic_etl_dag.py
[2026-05-08T04:28:00.874+0000] {processor.py:840} INFO - DAG(s) 'dynamic_etl_framework' retrieved from /opt/airflow/dags/dynamic_etl_dag.py
[2026-05-08T04:28:01.132+0000] {logging_mixin.py:188} INFO - [2026-05-08T04:28:01.131+0000] {dag.py:3096} INFO - Sync 1 DAGs
[2026-05-08T04:28:01.165+0000] {logging_mixin.py:188} INFO - [2026-05-08T04:28:01.164+0000] {dag.py:3954} INFO - Setting next_dagrun for dynamic_etl_framework to 2026-05-07 00:00:00+00:00, run_after=2026-05-08 00:00:00+00:00
[2026-05-08T04:28:01.215+0000] {processor.py:183} INFO - Processing /opt/airflow/dags/dynamic_etl_dag.py took 1.544 seconds
[2026-05-08T04:28:31.641+0000] {processor.py:161} INFO - Started process (PID=174) to work on /opt/airflow/dags/dynamic_etl_dag.py
[2026-05-08T04:28:31.643+0000] {processor.py:830} INFO - Processing file /opt/airflow/dags/dynamic_etl_dag.py for tasks to queue
[2026-05-08T04:28:31.645+0000] {logging_mixin.py:188} INFO - [2026-05-08T04:28:31.645+0000] {dagbag.py:545} INFO - Filling up the DagBag from /opt/airflow/dags/dynamic_etl_dag.py
[2026-05-08T04:28:32.390+0000] {processor.py:840} INFO - DAG(s) 'dynamic_etl_framework' retrieved from /opt/airflow/dags/dynamic_etl_dag.py
[2026-05-08T04:28:32.540+0000] {logging_mixin.py:188} INFO - [2026-05-08T04:28:32.540+0000] {dag.py:3096} INFO - Sync 1 DAGs
[2026-05-08T04:28:32.562+0000] {logging_mixin.py:188} INFO - [2026-05-08T04:28:32.562+0000] {dag.py:3954} INFO - Setting next_dagrun for dynamic_etl_framework to 2026-05-07 00:00:00+00:00, run_after=2026-05-08 00:00:00+00:00
[2026-05-08T04:28:32.592+0000] {processor.py:183} INFO - Processing /opt/airflow/dags/dynamic_etl_dag.py took 0.956 seconds
[2026-05-08T04:29:02.949+0000] {processor.py:161} INFO - Started process (PID=180) to work on /opt/airflow/dags/dynamic_etl_dag.py
[2026-05-08T04:29:02.950+0000] {processor.py:830} INFO - Processing file /opt/airflow/dags/dynamic_etl_dag.py for tasks to queue
[2026-05-08T04:29:02.952+0000] {logging_mixin.py:188} INFO - [2026-05-08T04:29:02.952+0000] {dagbag.py:545} INFO - Filling up the DagBag from /opt/airflow/dags/dynamic_etl_dag.py
[2026-05-08T04:29:03.627+0000] {processor.py:840} INFO - DAG(s) 'dynamic_etl_framework' retrieved from /opt/airflow/dags/dynamic_etl_dag.py
[2026-05-08T04:29:03.770+0000] {logging_mixin.py:188} INFO - [2026-05-08T04:29:03.770+0000] {dag.py:3096} INFO - Sync 1 DAGs
[2026-05-08T04:29:03.788+0000] {logging_mixin.py:188} INFO - [2026-05-08T04:29:03.788+0000] {dag.py:3954} INFO - Setting next_dagrun for dynamic_etl_framework to 2026-05-07 00:00:00+00:00, run_after=2026-05-08 00:00:00+00:00
[2026-05-08T04:29:03.818+0000] {processor.py:183} INFO - Processing /opt/airflow/dags/dynamic_etl_dag.py took 0.875 seconds
[2026-05-08T04:29:34.326+0000] {processor.py:161} INFO - Started process (PID=186) to work on /opt/airflow/dags/dynamic_etl_dag.py
[2026-05-08T04:29:34.327+0000] {processor.py:830} INFO - Processing file /opt/airflow/dags/dynamic_etl_dag.py for tasks to queue
[2026-05-08T04:29:34.329+0000] {logging_mixin.py:188} INFO - [2026-05-08T04:29:34.328+0000] {dagbag.py:545} INFO - Filling up the DagBag from /opt/airflow/dags/dynamic_etl_dag.py
[2026-05-08T04:29:34.973+0000] {processor.py:840} INFO - DAG(s) 'dynamic_etl_framework' retrieved from /opt/airflow/dags/dynamic_etl_dag.py
[2026-05-08T04:29:35.178+0000] {logging_mixin.py:188} INFO - [2026-05-08T04:29:35.178+0000] {dag.py:3096} INFO - Sync 1 DAGs
[2026-05-08T04:29:35.199+0000] {logging_mixin.py:188} INFO - [2026-05-08T04:29:35.198+0000] {dag.py:3954} INFO - Setting next_dagrun for dynamic_etl_framework to 2026-05-07 00:00:00+00:00, run_after=2026-05-08 00:00:00+00:00
[2026-05-08T04:29:35.231+0000] {processor.py:183} INFO - Processing /opt/airflow/dags/dynamic_etl_dag.py took 0.911 seconds
[2026-05-08T04:30:05.630+0000] {processor.py:161} INFO - Started process (PID=192) to work on /opt/airflow/dags/dynamic_etl_dag.py
[2026-05-08T04:30:05.632+0000] {processor.py:830} INFO - Processing file /opt/airflow/dags/dynamic_etl_dag.py for tasks to queue
[2026-05-08T04:30:05.634+0000] {logging_mixin.py:188} INFO - [2026-05-08T04:30:05.634+0000] {dagbag.py:545} INFO - Filling up the DagBag from /opt/airflow/dags/dynamic_etl_dag.py
[2026-05-08T04:30:06.459+0000] {processor.py:840} INFO - DAG(s) 'dynamic_etl_framework' retrieved from /opt/airflow/dags/dynamic_etl_dag.py
[2026-05-08T04:30:06.611+0000] {logging_mixin.py:188} INFO - [2026-05-08T04:30:06.610+0000] {dag.py:3096} INFO - Sync 1 DAGs
[2026-05-08T04:30:06.628+0000] {logging_mixin.py:188} INFO - [2026-05-08T04:30:06.628+0000] {dag.py:3954} INFO - Setting next_dagrun for dynamic_etl_framework to 2026-05-07 00:00:00+00:00, run_after=2026-05-08 00:00:00+00:00
[2026-05-08T04:30:06.658+0000] {processor.py:183} INFO - Processing /opt/airflow/dags/dynamic_etl_dag.py took 1.033 seconds
[2026-05-08T04:30:37.096+0000] {processor.py:161} INFO - Started process (PID=201) to work on /opt/airflow/dags/dynamic_etl_dag.py
[2026-05-08T04:30:37.098+0000] {processor.py:830} INFO - Processing file /opt/airflow/dags/dynamic_etl_dag.py for tasks to queue
[2026-05-08T04:30:37.101+0000] {logging_mixin.py:188} INFO - [2026-05-08T04:30:37.100+0000] {dagbag.py:545} INFO - Filling up the DagBag from /opt/airflow/dags/dynamic_etl_dag.py
[2026-05-08T04:30:37.790+0000] {processor.py:840} INFO - DAG(s) 'dynamic_etl_framework' retrieved from /opt/airflow/dags/dynamic_etl_dag.py
[2026-05-08T04:30:37.937+0000] {logging_mixin.py:188} INFO - [2026-05-08T04:30:37.937+0000] {dag.py:3096} INFO - Sync 1 DAGs
[2026-05-08T04:30:37.958+0000] {logging_mixin.py:188} INFO - [2026-05-08T04:30:37.958+0000] {dag.py:3954} INFO - Setting next_dagrun for dynamic_etl_framework to 2026-05-08 00:00:00+00:00, run_after=2026-05-09 00:00:00+00:00
[2026-05-08T04:30:37.985+0000] {processor.py:183} INFO - Processing /opt/airflow/dags/dynamic_etl_dag.py took 0.894 seconds
[2026-05-08T04:31:08.388+0000] {processor.py:161} INFO - Started process (PID=207) to work on /opt/airflow/dags/dynamic_etl_dag.py
[2026-05-08T04:31:08.389+0000] {processor.py:830} INFO - Processing file /opt/airflow/dags/dynamic_etl_dag.py for tasks to queue
[2026-05-08T04:31:08.391+0000] {logging_mixin.py:188} INFO - [2026-05-08T04:31:08.391+0000] {dagbag.py:545} INFO - Filling up the DagBag from /opt/airflow/dags/dynamic_etl_dag.py
[2026-05-08T04:31:09.122+0000] {processor.py:840} INFO - DAG(s) 'dynamic_etl_framework' retrieved from /opt/airflow/dags/dynamic_etl_dag.py
[2026-05-08T04:31:09.277+0000] {logging_mixin.py:188} INFO - [2026-05-08T04:31:09.276+0000] {dag.py:3096} INFO - Sync 1 DAGs
[2026-05-08T04:31:09.297+0000] {logging_mixin.py:188} INFO - [2026-05-08T04:31:09.297+0000] {dag.py:3954} INFO - Setting next_dagrun for dynamic_etl_framework to 2026-05-08 00:00:00+00:00, run_after=2026-05-09 00:00:00+00:00
[2026-05-08T04:31:09.329+0000] {processor.py:183} INFO - Processing /opt/airflow/dags/dynamic_etl_dag.py took 0.947 seconds
[2026-05-08T04:31:39.675+0000] {processor.py:161} INFO - Started process (PID=213) to work on /opt/airflow/dags/dynamic_etl_dag.py
[2026-05-08T04:31:39.677+0000] {processor.py:830} INFO - Processing file /opt/airflow/dags/dynamic_etl_dag.py for tasks to queue
[2026-05-08T04:31:39.679+0000] {logging_mixin.py:188} INFO - [2026-05-08T04:31:39.678+0000] {dagbag.py:545} INFO - Filling up the DagBag from /opt/airflow/dags/dynamic_etl_dag.py
[2026-05-08T04:31:40.311+0000] {processor.py:840} INFO - DAG(s) 'dynamic_etl_framework' retrieved from /opt/airflow/dags/dynamic_etl_dag.py
[2026-05-08T04:31:40.467+0000] {logging_mixin.py:188} INFO - [2026-05-08T04:31:40.466+0000] {dag.py:3096} INFO - Sync 1 DAGs
[2026-05-08T04:31:40.489+0000] {logging_mixin.py:188} INFO - [2026-05-08T04:31:40.489+0000] {dag.py:3954} INFO - Setting next_dagrun for dynamic_etl_framework to 2026-05-08 00:00:00+00:00, run_after=2026-05-09 00:00:00+00:00
[2026-05-08T04:31:40.519+0000] {processor.py:183} INFO - Processing /opt/airflow/dags/dynamic_etl_dag.py took 0.849 seconds
[2026-05-08T04:32:10.968+0000] {processor.py:161} INFO - Started process (PID=219) to work on /opt/airflow/dags/dynamic_etl_dag.py
[2026-05-08T04:32:10.970+0000] {processor.py:830} INFO - Processing file /opt/airflow/dags/dynamic_etl_dag.py for tasks to queue
[2026-05-08T04:32:10.972+0000] {logging_mixin.py:188} INFO - [2026-05-08T04:32:10.971+0000] {dagbag.py:545} INFO - Filling up the DagBag from /opt/airflow/dags/dynamic_etl_dag.py
[2026-05-08T04:32:11.709+0000] {processor.py:840} INFO - DAG(s) 'dynamic_etl_framework' retrieved from /opt/airflow/dags/dynamic_etl_dag.py
[2026-05-08T04:32:11.861+0000] {logging_mixin.py:188} INFO - [2026-05-08T04:32:11.860+0000] {dag.py:3096} INFO - Sync 1 DAGs
[2026-05-08T04:32:11.884+0000] {logging_mixin.py:188} INFO - [2026-05-08T04:32:11.883+0000] {dag.py:3954} INFO - Setting next_dagrun for dynamic_etl_framework to 2026-05-08 00:00:00+00:00, run_after=2026-05-09 00:00:00+00:00
[2026-05-08T04:32:11.917+0000] {processor.py:183} INFO - Processing /opt/airflow/dags/dynamic_etl_dag.py took 0.955 seconds
[2026-05-08T04:32:42.341+0000] {processor.py:161} INFO - Started process (PID=225) to work on /opt/airflow/dags/dynamic_etl_dag.py
[2026-05-08T04:32:42.343+0000] {processor.py:830} INFO - Processing file /opt/airflow/dags/dynamic_etl_dag.py for tasks to queue
[2026-05-08T04:32:42.346+0000] {logging_mixin.py:188} INFO - [2026-05-08T04:32:42.345+0000] {dagbag.py:545} INFO - Filling up the DagBag from /opt/airflow/dags/dynamic_etl_dag.py
[2026-05-08T04:32:43.068+0000] {processor.py:840} INFO - DAG(s) 'dynamic_etl_framework' retrieved from /opt/airflow/dags/dynamic_etl_dag.py
[2026-05-08T04:32:43.223+0000] {logging_mixin.py:188} INFO - [2026-05-08T04:32:43.223+0000] {dag.py:3096} INFO - Sync 1 DAGs
[2026-05-08T04:32:43.242+0000] {logging_mixin.py:188} INFO - [2026-05-08T04:32:43.242+0000] {dag.py:3954} INFO - Setting next_dagrun for dynamic_etl_framework to 2026-05-08 00:00:00+00:00, run_after=2026-05-09 00:00:00+00:00
[2026-05-08T04:32:43.271+0000] {processor.py:183} INFO - Processing /opt/airflow/dags/dynamic_etl_dag.py took 0.936 seconds
[2026-05-08T04:33:13.725+0000] {processor.py:161} INFO - Started process (PID=231) to work on /opt/airflow/dags/dynamic_etl_dag.py
[2026-05-08T04:33:13.727+0000] {processor.py:830} INFO - Processing file /opt/airflow/dags/dynamic_etl_dag.py for tasks to queue
[2026-05-08T04:33:13.729+0000] {logging_mixin.py:188} INFO - [2026-05-08T04:33:13.728+0000] {dagbag.py:545} INFO - Filling up the DagBag from /opt/airflow/dags/dynamic_etl_dag.py
[2026-05-08T04:33:14.509+0000] {processor.py:840} INFO - DAG(s) 'dynamic_etl_framework' retrieved from /opt/airflow/dags/dynamic_etl_dag.py
[2026-05-08T04:33:14.665+0000] {logging_mixin.py:188} INFO - [2026-05-08T04:33:14.664+0000] {dag.py:3096} INFO - Sync 1 DAGs
[2026-05-08T04:33:14.684+0000] {logging_mixin.py:188} INFO - [2026-05-08T04:33:14.683+0000] {dag.py:3954} INFO - Setting next_dagrun for dynamic_etl_framework to 2026-05-08 00:00:00+00:00, run_after=2026-05-09 00:00:00+00:00
[2026-05-08T04:33:14.720+0000] {processor.py:183} INFO - Processing /opt/airflow/dags/dynamic_etl_dag.py took 1.000 seconds
[2026-05-08T04:33:45.110+0000] {processor.py:161} INFO - Started process (PID=237) to work on /opt/airflow/dags/dynamic_etl_dag.py
[2026-05-08T04:33:45.111+0000] {processor.py:830} INFO - Processing file /opt/airflow/dags/dynamic_etl_dag.py for tasks to queue
[2026-05-08T04:33:45.113+0000] {logging_mixin.py:188} INFO - [2026-05-08T04:33:45.113+0000] {dagbag.py:545} INFO - Filling up the DagBag from /opt/airflow/dags/dynamic_etl_dag.py
[2026-05-08T04:33:45.806+0000] {processor.py:840} INFO - DAG(s) 'dynamic_etl_framework' retrieved from /opt/airflow/dags/dynamic_etl_dag.py
[2026-05-08T04:33:45.948+0000] {logging_mixin.py:188} INFO - [2026-05-08T04:33:45.947+0000] {dag.py:3096} INFO - Sync 1 DAGs
[2026-05-08T04:33:45.968+0000] {logging_mixin.py:188} INFO - [2026-05-08T04:33:45.968+0000] {dag.py:3954} INFO - Setting next_dagrun for dynamic_etl_framework to 2026-05-08 00:00:00+00:00, run_after=2026-05-09 00:00:00+00:00
[2026-05-08T04:33:45.993+0000] {processor.py:183} INFO - Processing /opt/airflow/dags/dynamic_etl_dag.py took 0.888 seconds
[2026-05-08T04:34:16.426+0000] {processor.py:161} INFO - Started process (PID=243) to work on /opt/airflow/dags/dynamic_etl_dag.py
[2026-05-08T04:34:16.428+0000] {processor.py:830} INFO - Processing file /opt/airflow/dags/dynamic_etl_dag.py for tasks to queue
[2026-05-08T04:34:16.430+0000] {logging_mixin.py:188} INFO - [2026-05-08T04:34:16.430+0000] {dagbag.py:545} INFO - Filling up the DagBag from /opt/airflow/dags/dynamic_etl_dag.py
[2026-05-08T04:34:17.049+0000] {processor.py:840} INFO - DAG(s) 'dynamic_etl_framework' retrieved from /opt/airflow/dags/dynamic_etl_dag.py
[2026-05-08T04:34:17.206+0000] {logging_mixin.py:188} INFO - [2026-05-08T04:34:17.205+0000] {dag.py:3096} INFO - Sync 1 DAGs
[2026-05-08T04:34:17.225+0000] {logging_mixin.py:188} INFO - [2026-05-08T04:34:17.225+0000] {dag.py:3954} INFO - Setting next_dagrun for dynamic_etl_framework to 2026-05-08 00:00:00+00:00, run_after=2026-05-09 00:00:00+00:00
[2026-05-08T04:34:17.253+0000] {processor.py:183} INFO - Processing /opt/airflow/dags/dynamic_etl_dag.py took 0.832 seconds
[2026-05-08T04:34:47.666+0000] {processor.py:161} INFO - Started process (PID=249) to work on /opt/airflow/dags/dynamic_etl_dag.py
[2026-05-08T04:34:47.667+0000] {processor.py:830} INFO - Processing file /opt/airflow/dags/dynamic_etl_dag.py for tasks to queue
[2026-05-08T04:34:47.672+0000] {logging_mixin.py:188} INFO - [2026-05-08T04:34:47.671+0000] {dagbag.py:545} INFO - Filling up the DagBag from /opt/airflow/dags/dynamic_etl_dag.py
[2026-05-08T04:34:48.396+0000] {processor.py:840} INFO - DAG(s) 'dynamic_etl_framework' retrieved from /opt/airflow/dags/dynamic_etl_dag.py
[2026-05-08T04:34:48.644+0000] {logging_mixin.py:188} INFO - [2026-05-08T04:34:48.644+0000] {dag.py:3096} INFO - Sync 1 DAGs
[2026-05-08T04:34:48.666+0000] {logging_mixin.py:188} INFO - [2026-05-08T04:34:48.665+0000] {dag.py:3954} INFO - Setting next_dagrun for dynamic_etl_framework to 2026-05-08 00:00:00+00:00, run_after=2026-05-09 00:00:00+00:00
[2026-05-08T04:34:48.696+0000] {processor.py:183} INFO - Processing /opt/airflow/dags/dynamic_etl_dag.py took 1.035 seconds
[2026-05-08T04:35:19.062+0000] {processor.py:161} INFO - Started process (PID=255) to work on /opt/airflow/dags/dynamic_etl_dag.py
[2026-05-08T04:35:19.063+0000] {processor.py:830} INFO - Processing file /opt/airflow/dags/dynamic_etl_dag.py for tasks to queue
[2026-05-08T04:35:19.065+0000] {logging_mixin.py:188} INFO - [2026-05-08T04:35:19.065+0000] {dagbag.py:545} INFO - Filling up the DagBag from /opt/airflow/dags/dynamic_etl_dag.py
[2026-05-08T04:35:19.737+0000] {processor.py:840} INFO - DAG(s) 'dynamic_etl_framework' retrieved from /opt/airflow/dags/dynamic_etl_dag.py
[2026-05-08T04:35:19.933+0000] {logging_mixin.py:188} INFO - [2026-05-08T04:35:19.933+0000] {dag.py:3096} INFO - Sync 1 DAGs
[2026-05-08T04:35:19.958+0000] {logging_mixin.py:188} INFO - [2026-05-08T04:35:19.958+0000] {dag.py:3954} INFO - Setting next_dagrun for dynamic_etl_framework to 2026-05-08 00:00:00+00:00, run_after=2026-05-09 00:00:00+00:00
[2026-05-08T04:35:19.999+0000] {processor.py:183} INFO - Processing /opt/airflow/dags/dynamic_etl_dag.py took 0.942 seconds
[2026-05-08T04:35:50.469+0000] {processor.py:161} INFO - Started process (PID=261) to work on /opt/airflow/dags/dynamic_etl_dag.py
[2026-05-08T04:35:50.481+0000] {processor.py:830} INFO - Processing file /opt/airflow/dags/dynamic_etl_dag.py for tasks to queue
[2026-05-08T04:35:50.483+0000] {logging_mixin.py:188} INFO - [2026-05-08T04:35:50.483+0000] {dagbag.py:545} INFO - Filling up the DagBag from /opt/airflow/dags/dynamic_etl_dag.py
[2026-05-08T04:35:51.130+0000] {processor.py:840} INFO - DAG(s) 'dynamic_etl_framework' retrieved from /opt/airflow/dags/dynamic_etl_dag.py
[2026-05-08T04:35:51.287+0000] {logging_mixin.py:188} INFO - [2026-05-08T04:35:51.286+0000] {dag.py:3096} INFO - Sync 1 DAGs
[2026-05-08T04:35:51.307+0000] {logging_mixin.py:188} INFO - [2026-05-08T04:35:51.307+0000] {dag.py:3954} INFO - Setting next_dagrun for dynamic_etl_framework to 2026-05-08 00:00:00+00:00, run_after=2026-05-09 00:00:00+00:00
[2026-05-08T04:35:51.342+0000] {processor.py:183} INFO - Processing /opt/airflow/dags/dynamic_etl_dag.py took 0.877 seconds
[2026-05-08T04:36:21.752+0000] {processor.py:161} INFO - Started process (PID=267) to work on /opt/airflow/dags/dynamic_etl_dag.py
[2026-05-08T04:36:21.753+0000] {processor.py:830} INFO - Processing file /opt/airflow/dags/dynamic_etl_dag.py for tasks to queue
[2026-05-08T04:36:21.755+0000] {logging_mixin.py:188} INFO - [2026-05-08T04:36:21.755+0000] {dagbag.py:545} INFO - Filling up the DagBag from /opt/airflow/dags/dynamic_etl_dag.py
[2026-05-08T04:36:22.447+0000] {processor.py:840} INFO - DAG(s) 'dynamic_etl_framework' retrieved from /opt/airflow/dags/dynamic_etl_dag.py
[2026-05-08T04:36:22.616+0000] {logging_mixin.py:188} INFO - [2026-05-08T04:36:22.615+0000] {dag.py:3096} INFO - Sync 1 DAGs
[2026-05-08T04:36:22.643+0000] {logging_mixin.py:188} INFO - [2026-05-08T04:36:22.643+0000] {dag.py:3954} INFO - Setting next_dagrun for dynamic_etl_framework to 2026-05-08 00:00:00+00:00, run_after=2026-05-09 00:00:00+00:00
[2026-05-08T04:36:22.685+0000] {processor.py:183} INFO - Processing /opt/airflow/dags/dynamic_etl_dag.py took 0.937 seconds
[2026-05-08T04:36:53.174+0000] {processor.py:161} INFO - Started process (PID=273) to work on /opt/airflow/dags/dynamic_etl_dag.py
[2026-05-08T04:36:53.176+0000] {processor.py:830} INFO - Processing file /opt/airflow/dags/dynamic_etl_dag.py for tasks to queue
[2026-05-08T04:36:53.177+0000] {logging_mixin.py:188} INFO - [2026-05-08T04:36:53.177+0000] {dagbag.py:545} INFO - Filling up the DagBag from /opt/airflow/dags/dynamic_etl_dag.py
[2026-05-08T04:36:53.901+0000] {processor.py:840} INFO - DAG(s) 'dynamic_etl_framework' retrieved from /opt/airflow/dags/dynamic_etl_dag.py
[2026-05-08T04:36:54.074+0000] {logging_mixin.py:188} INFO - [2026-05-08T04:36:54.073+0000] {dag.py:3096} INFO - Sync 1 DAGs
[2026-05-08T04:36:54.096+0000] {logging_mixin.py:188} INFO - [2026-05-08T04:36:54.096+0000] {dag.py:3954} INFO - Setting next_dagrun for dynamic_etl_framework to 2026-05-08 00:00:00+00:00, run_after=2026-05-09 00:00:00+00:00
[2026-05-08T04:36:54.135+0000] {processor.py:183} INFO - Processing /opt/airflow/dags/dynamic_etl_dag.py took 0.968 seconds
[2026-05-08T04:37:24.631+0000] {processor.py:161} INFO - Started process (PID=279) to work on /opt/airflow/dags/dynamic_etl_dag.py
[2026-05-08T04:37:24.632+0000] {processor.py:830} INFO - Processing file /opt/airflow/dags/dynamic_etl_dag.py for tasks to queue
[2026-05-08T04:37:24.636+0000] {logging_mixin.py:188} INFO - [2026-05-08T04:37:24.636+0000] {dagbag.py:545} INFO - Filling up the DagBag from /opt/airflow/dags/dynamic_etl_dag.py
[2026-05-08T04:37:25.406+0000] {processor.py:840} INFO - DAG(s) 'dynamic_etl_framework' retrieved from /opt/airflow/dags/dynamic_etl_dag.py
[2026-05-08T04:37:25.588+0000] {logging_mixin.py:188} INFO - [2026-05-08T04:37:25.586+0000] {dag.py:3096} INFO - Sync 1 DAGs
[2026-05-08T04:37:25.610+0000] {logging_mixin.py:188} INFO - [2026-05-08T04:37:25.610+0000] {dag.py:3954} INFO - Setting next_dagrun for dynamic_etl_framework to 2026-05-08 00:00:00+00:00, run_after=2026-05-09 00:00:00+00:00
[2026-05-08T04:37:25.640+0000] {processor.py:183} INFO - Processing /opt/airflow/dags/dynamic_etl_dag.py took 1.015 seconds
[2026-05-08T04:37:55.983+0000] {processor.py:161} INFO - Started process (PID=285) to work on /opt/airflow/dags/dynamic_etl_dag.py
[2026-05-08T04:37:55.984+0000] {processor.py:830} INFO - Processing file /opt/airflow/dags/dynamic_etl_dag.py for tasks to queue
[2026-05-08T04:37:55.986+0000] {logging_mixin.py:188} INFO - [2026-05-08T04:37:55.986+0000] {dagbag.py:545} INFO - Filling up the DagBag from /opt/airflow/dags/dynamic_etl_dag.py
[2026-05-08T04:37:56.704+0000] {processor.py:840} INFO - DAG(s) 'dynamic_etl_framework' retrieved from /opt/airflow/dags/dynamic_etl_dag.py
[2026-05-08T04:37:56.855+0000] {logging_mixin.py:188} INFO - [2026-05-08T04:37:56.855+0000] {dag.py:3096} INFO - Sync 1 DAGs
[2026-05-08T04:37:56.881+0000] {logging_mixin.py:188} INFO - [2026-05-08T04:37:56.881+0000] {dag.py:3954} INFO - Setting next_dagrun for dynamic_etl_framework to 2026-05-08 00:00:00+00:00, run_after=2026-05-09 00:00:00+00:00
[2026-05-08T04:37:56.923+0000] {processor.py:183} INFO - Processing /opt/airflow/dags/dynamic_etl_dag.py took 0.947 seconds
[2026-05-08T04:38:27.439+0000] {processor.py:161} INFO - Started process (PID=291) to work on /opt/airflow/dags/dynamic_etl_dag.py
[2026-05-08T04:38:27.441+0000] {processor.py:830} INFO - Processing file /opt/airflow/dags/dynamic_etl_dag.py for tasks to queue
[2026-05-08T04:38:27.444+0000] {logging_mixin.py:188} INFO - [2026-05-08T04:38:27.443+0000] {dagbag.py:545} INFO - Filling up the DagBag from /opt/airflow/dags/dynamic_etl_dag.py
[2026-05-08T04:38:28.123+0000] {processor.py:840} INFO - DAG(s) 'dynamic_etl_framework' retrieved from /opt/airflow/dags/dynamic_etl_dag.py
[2026-05-08T04:38:28.260+0000] {logging_mixin.py:188} INFO - [2026-05-08T04:38:28.260+0000] {dag.py:3096} INFO - Sync 1 DAGs
[2026-05-08T04:38:28.282+0000] {logging_mixin.py:188} INFO - [2026-05-08T04:38:28.282+0000] {dag.py:3954} INFO - Setting next_dagrun for dynamic_etl_framework to 2026-05-08 00:00:00+00:00, run_after=2026-05-09 00:00:00+00:00
[2026-05-08T04:38:28.313+0000] {processor.py:183} INFO - Processing /opt/airflow/dags/dynamic_etl_dag.py took 0.879 seconds
[2026-05-08T04:38:58.756+0000] {processor.py:161} INFO - Started process (PID=297) to work on /opt/airflow/dags/dynamic_etl_dag.py
[2026-05-08T04:38:58.757+0000] {processor.py:830} INFO - Processing file /opt/airflow/dags/dynamic_etl_dag.py for tasks to queue
[2026-05-08T04:38:58.759+0000] {logging_mixin.py:188} INFO - [2026-05-08T04:38:58.758+0000] {dagbag.py:545} INFO - Filling up the DagBag from /opt/airflow/dags/dynamic_etl_dag.py
[2026-05-08T04:38:59.420+0000] {processor.py:840} INFO - DAG(s) 'dynamic_etl_framework' retrieved from /opt/airflow/dags/dynamic_etl_dag.py
[2026-05-08T04:38:59.576+0000] {logging_mixin.py:188} INFO - [2026-05-08T04:38:59.576+0000] {dag.py:3096} INFO - Sync 1 DAGs
[2026-05-08T04:38:59.596+0000] {logging_mixin.py:188} INFO - [2026-05-08T04:38:59.596+0000] {dag.py:3954} INFO - Setting next_dagrun for dynamic_etl_framework to 2026-05-08 00:00:00+00:00, run_after=2026-05-09 00:00:00+00:00
[2026-05-08T04:38:59.626+0000] {processor.py:183} INFO - Processing /opt/airflow/dags/dynamic_etl_dag.py took 0.876 seconds
[2026-05-08T04:39:30.022+0000] {processor.py:161} INFO - Started process (PID=303) to work on /opt/airflow/dags/dynamic_etl_dag.py
[2026-05-08T04:39:30.023+0000] {processor.py:830} INFO - Processing file /opt/airflow/dags/dynamic_etl_dag.py for tasks to queue
[2026-05-08T04:39:30.025+0000] {logging_mixin.py:188} INFO - [2026-05-08T04:39:30.025+0000] {dagbag.py:545} INFO - Filling up the DagBag from /opt/airflow/dags/dynamic_etl_dag.py
[2026-05-08T04:39:30.724+0000] {processor.py:840} INFO - DAG(s) 'dynamic_etl_framework' retrieved from /opt/airflow/dags/dynamic_etl_dag.py
[2026-05-08T04:39:30.893+0000] {logging_mixin.py:188} INFO - [2026-05-08T04:39:30.893+0000] {dag.py:3096} INFO - Sync 1 DAGs
[2026-05-08T04:39:30.916+0000] {logging_mixin.py:188} INFO - [2026-05-08T04:39:30.915+0000] {dag.py:3954} INFO - Setting next_dagrun for dynamic_etl_framework to 2026-05-08 00:00:00+00:00, run_after=2026-05-09 00:00:00+00:00
[2026-05-08T04:39:30.953+0000] {processor.py:183} INFO - Processing /opt/airflow/dags/dynamic_etl_dag.py took 0.935 seconds
[2026-05-08T04:40:01.400+0000] {processor.py:161} INFO - Started process (PID=309) to work on /opt/airflow/dags/dynamic_etl_dag.py
[2026-05-08T04:40:01.401+0000] {processor.py:830} INFO - Processing file /opt/airflow/dags/dynamic_etl_dag.py for tasks to queue
[2026-05-08T04:40:01.403+0000] {logging_mixin.py:188} INFO - [2026-05-08T04:40:01.403+0000] {dagbag.py:545} INFO - Filling up the DagBag from /opt/airflow/dags/dynamic_etl_dag.py
[2026-05-08T04:40:02.104+0000] {processor.py:840} INFO - DAG(s) 'dynamic_etl_framework' retrieved from /opt/airflow/dags/dynamic_etl_dag.py
[2026-05-08T04:40:02.255+0000] {logging_mixin.py:188} INFO - [2026-05-08T04:40:02.255+0000] {dag.py:3096} INFO - Sync 1 DAGs
[2026-05-08T04:40:02.278+0000] {logging_mixin.py:188} INFO - [2026-05-08T04:40:02.277+0000] {dag.py:3954} INFO - Setting next_dagrun for dynamic_etl_framework to 2026-05-08 00:00:00+00:00, run_after=2026-05-09 00:00:00+00:00
[2026-05-08T04:40:02.314+0000] {processor.py:183} INFO - Processing /opt/airflow/dags/dynamic_etl_dag.py took 0.919 seconds
[2026-05-08T04:40:32.731+0000] {processor.py:161} INFO - Started process (PID=315) to work on /opt/airflow/dags/dynamic_etl_dag.py
[2026-05-08T04:40:32.732+0000] {processor.py:830} INFO - Processing file /opt/airflow/dags/dynamic_etl_dag.py for tasks to queue
[2026-05-08T04:40:32.734+0000] {logging_mixin.py:188} INFO - [2026-05-08T04:40:32.734+0000] {dagbag.py:545} INFO - Filling up the DagBag from /opt/airflow/dags/dynamic_etl_dag.py
[2026-05-08T04:40:33.433+0000] {processor.py:840} INFO - DAG(s) 'dynamic_etl_framework' retrieved from /opt/airflow/dags/dynamic_etl_dag.py
[2026-05-08T04:40:33.590+0000] {logging_mixin.py:188} INFO - [2026-05-08T04:40:33.588+0000] {dag.py:3096} INFO - Sync 1 DAGs
[2026-05-08T04:40:33.609+0000] {logging_mixin.py:188} INFO - [2026-05-08T04:40:33.609+0000] {dag.py:3954} INFO - Setting next_dagrun for dynamic_etl_framework to 2026-05-08 00:00:00+00:00, run_after=2026-05-09 00:00:00+00:00
[2026-05-08T04:40:33.642+0000] {processor.py:183} INFO - Processing /opt/airflow/dags/dynamic_etl_dag.py took 0.916 seconds
[2026-05-08T04:41:04.059+0000] {processor.py:161} INFO - Started process (PID=321) to work on /opt/airflow/dags/dynamic_etl_dag.py
[2026-05-08T04:41:04.060+0000] {processor.py:830} INFO - Processing file /opt/airflow/dags/dynamic_etl_dag.py for tasks to queue
[2026-05-08T04:41:04.062+0000] {logging_mixin.py:188} INFO - [2026-05-08T04:41:04.061+0000] {dagbag.py:545} INFO - Filling up the DagBag from /opt/airflow/dags/dynamic_etl_dag.py
[2026-05-08T04:41:04.707+0000] {processor.py:840} INFO - DAG(s) 'dynamic_etl_framework' retrieved from /opt/airflow/dags/dynamic_etl_dag.py
[2026-05-08T04:41:04.855+0000] {logging_mixin.py:188} INFO - [2026-05-08T04:41:04.854+0000] {dag.py:3096} INFO - Sync 1 DAGs
[2026-05-08T04:41:04.874+0000] {logging_mixin.py:188} INFO - [2026-05-08T04:41:04.873+0000] {dag.py:3954} INFO - Setting next_dagrun for dynamic_etl_framework to 2026-05-08 00:00:00+00:00, run_after=2026-05-09 00:00:00+00:00
[2026-05-08T04:41:04.903+0000] {processor.py:183} INFO - Processing /opt/airflow/dags/dynamic_etl_dag.py took 0.848 seconds
[2026-05-08T04:41:35.330+0000] {processor.py:161} INFO - Started process (PID=327) to work on /opt/airflow/dags/dynamic_etl_dag.py
[2026-05-08T04:41:35.331+0000] {processor.py:830} INFO - Processing file /opt/airflow/dags/dynamic_etl_dag.py for tasks to queue
[2026-05-08T04:41:35.334+0000] {logging_mixin.py:188} INFO - [2026-05-08T04:41:35.333+0000] {dagbag.py:545} INFO - Filling up the DagBag from /opt/airflow/dags/dynamic_etl_dag.py
[2026-05-08T04:41:36.075+0000] {processor.py:840} INFO - DAG(s) 'dynamic_etl_framework' retrieved from /opt/airflow/dags/dynamic_etl_dag.py
[2026-05-08T04:41:36.248+0000] {logging_mixin.py:188} INFO - [2026-05-08T04:41:36.248+0000] {dag.py:3096} INFO - Sync 1 DAGs
[2026-05-08T04:41:36.271+0000] {logging_mixin.py:188} INFO - [2026-05-08T04:41:36.271+0000] {dag.py:3954} INFO - Setting next_dagrun for dynamic_etl_framework to 2026-05-08 00:00:00+00:00, run_after=2026-05-09 00:00:00+00:00
[2026-05-08T04:41:36.308+0000] {processor.py:183} INFO - Processing /opt/airflow/dags/dynamic_etl_dag.py took 0.983 seconds
[2026-05-08T04:42:06.755+0000] {processor.py:161} INFO - Started process (PID=333) to work on /opt/airflow/dags/dynamic_etl_dag.py
[2026-05-08T04:42:06.758+0000] {processor.py:830} INFO - Processing file /opt/airflow/dags/dynamic_etl_dag.py for tasks to queue
[2026-05-08T04:42:06.761+0000] {logging_mixin.py:188} INFO - [2026-05-08T04:42:06.761+0000] {dagbag.py:545} INFO - Filling up the DagBag from /opt/airflow/dags/dynamic_etl_dag.py
[2026-05-08T04:42:07.441+0000] {processor.py:840} INFO - DAG(s) 'dynamic_etl_framework' retrieved from /opt/airflow/dags/dynamic_etl_dag.py
[2026-05-08T04:42:07.589+0000] {logging_mixin.py:188} INFO - [2026-05-08T04:42:07.589+0000] {dag.py:3096} INFO - Sync 1 DAGs
[2026-05-08T04:42:07.607+0000] {logging_mixin.py:188} INFO - [2026-05-08T04:42:07.607+0000] {dag.py:3954} INFO - Setting next_dagrun for dynamic_etl_framework to 2026-05-08 00:00:00+00:00, run_after=2026-05-09 00:00:00+00:00
[2026-05-08T04:42:07.636+0000] {processor.py:183} INFO - Processing /opt/airflow/dags/dynamic_etl_dag.py took 0.886 seconds
[2026-05-08T04:42:38.171+0000] {processor.py:161} INFO - Started process (PID=339) to work on /opt/airflow/dags/dynamic_etl_dag.py
[2026-05-08T04:42:38.172+0000] {processor.py:830} INFO - Processing file /opt/airflow/dags/dynamic_etl_dag.py for tasks to queue
[2026-05-08T04:42:38.174+0000] {logging_mixin.py:188} INFO - [2026-05-08T04:42:38.174+0000] {dagbag.py:545} INFO - Filling up the DagBag from /opt/airflow/dags/dynamic_etl_dag.py
[2026-05-08T04:42:38.856+0000] {processor.py:840} INFO - DAG(s) 'dynamic_etl_framework' retrieved from /opt/airflow/dags/dynamic_etl_dag.py
[2026-05-08T04:42:39.004+0000] {logging_mixin.py:188} INFO - [2026-05-08T04:42:39.004+0000] {dag.py:3096} INFO - Sync 1 DAGs
[2026-05-08T04:42:39.022+0000] {logging_mixin.py:188} INFO - [2026-05-08T04:42:39.022+0000] {dag.py:3954} INFO - Setting next_dagrun for dynamic_etl_framework to 2026-05-08 00:00:00+00:00, run_after=2026-05-09 00:00:00+00:00
[2026-05-08T04:42:39.052+0000] {processor.py:183} INFO - Processing /opt/airflow/dags/dynamic_etl_dag.py took 0.886 seconds
[2026-05-08T04:43:09.510+0000] {processor.py:161} INFO - Started process (PID=345) to work on /opt/airflow/dags/dynamic_etl_dag.py
[2026-05-08T04:43:09.511+0000] {processor.py:830} INFO - Processing file /opt/airflow/dags/dynamic_etl_dag.py for tasks to queue
[2026-05-08T04:43:09.513+0000] {logging_mixin.py:188} INFO - [2026-05-08T04:43:09.512+0000] {dagbag.py:545} INFO - Filling up the DagBag from /opt/airflow/dags/dynamic_etl_dag.py
[2026-05-08T04:43:10.162+0000] {processor.py:840} INFO - DAG(s) 'dynamic_etl_framework' retrieved from /opt/airflow/dags/dynamic_etl_dag.py
[2026-05-08T04:43:10.318+0000] {logging_mixin.py:188} INFO - [2026-05-08T04:43:10.318+0000] {dag.py:3096} INFO - Sync 1 DAGs
[2026-05-08T04:43:10.341+0000] {logging_mixin.py:188} INFO - [2026-05-08T04:43:10.341+0000] {dag.py:3954} INFO - Setting next_dagrun for dynamic_etl_framework to 2026-05-08 00:00:00+00:00, run_after=2026-05-09 00:00:00+00:00
[2026-05-08T04:43:10.369+0000] {processor.py:183} INFO - Processing /opt/airflow/dags/dynamic_etl_dag.py took 0.864 seconds
[2026-05-08T04:43:40.917+0000] {processor.py:161} INFO - Started process (PID=351) to work on /opt/airflow/dags/dynamic_etl_dag.py
[2026-05-08T04:43:40.919+0000] {processor.py:830} INFO - Processing file /opt/airflow/dags/dynamic_etl_dag.py for tasks to queue
[2026-05-08T04:43:40.923+0000] {logging_mixin.py:188} INFO - [2026-05-08T04:43:40.923+0000] {dagbag.py:545} INFO - Filling up the DagBag from /opt/airflow/dags/dynamic_etl_dag.py
[2026-05-08T04:43:41.744+0000] {processor.py:840} INFO - DAG(s) 'dynamic_etl_framework' retrieved from /opt/airflow/dags/dynamic_etl_dag.py
[2026-05-08T04:43:41.919+0000] {logging_mixin.py:188} INFO - [2026-05-08T04:43:41.918+0000] {dag.py:3096} INFO - Sync 1 DAGs
[2026-05-08T04:43:41.945+0000] {logging_mixin.py:188} INFO - [2026-05-08T04:43:41.945+0000] {dag.py:3954} INFO - Setting next_dagrun for dynamic_etl_framework to 2026-05-08 00:00:00+00:00, run_after=2026-05-09 00:00:00+00:00
[2026-05-08T04:43:41.987+0000] {processor.py:183} INFO - Processing /opt/airflow/dags/dynamic_etl_dag.py took 1.076 seconds
[2026-05-08T04:44:12.311+0000] {processor.py:161} INFO - Started process (PID=357) to work on /opt/airflow/dags/dynamic_etl_dag.py
[2026-05-08T04:44:12.313+0000] {processor.py:830} INFO - Processing file /opt/airflow/dags/dynamic_etl_dag.py for tasks to queue
[2026-05-08T04:44:12.316+0000] {logging_mixin.py:188} INFO - [2026-05-08T04:44:12.316+0000] {dagbag.py:545} INFO - Filling up the DagBag from /opt/airflow/dags/dynamic_etl_dag.py
[2026-05-08T04:44:13.000+0000] {processor.py:840} INFO - DAG(s) 'dynamic_etl_framework' retrieved from /opt/airflow/dags/dynamic_etl_dag.py
[2026-05-08T04:44:13.165+0000] {logging_mixin.py:188} INFO - [2026-05-08T04:44:13.164+0000] {dag.py:3096} INFO - Sync 1 DAGs
[2026-05-08T04:44:13.193+0000] {logging_mixin.py:188} INFO - [2026-05-08T04:44:13.193+0000] {dag.py:3954} INFO - Setting next_dagrun for dynamic_etl_framework to 2026-05-08 00:00:00+00:00, run_after=2026-05-09 00:00:00+00:00
[2026-05-08T04:44:13.236+0000] {processor.py:183} INFO - Processing /opt/airflow/dags/dynamic_etl_dag.py took 0.930 seconds
[2026-05-08T04:44:43.598+0000] {processor.py:161} INFO - Started process (PID=363) to work on /opt/airflow/dags/dynamic_etl_dag.py
[2026-05-08T04:44:43.600+0000] {processor.py:830} INFO - Processing file /opt/airflow/dags/dynamic_etl_dag.py for tasks to queue
[2026-05-08T04:44:43.602+0000] {logging_mixin.py:188} INFO - [2026-05-08T04:44:43.602+0000] {dagbag.py:545} INFO - Filling up the DagBag from /opt/airflow/dags/dynamic_etl_dag.py
[2026-05-08T04:44:44.282+0000] {processor.py:840} INFO - DAG(s) 'dynamic_etl_framework' retrieved from /opt/airflow/dags/dynamic_etl_dag.py
[2026-05-08T04:44:44.424+0000] {logging_mixin.py:188} INFO - [2026-05-08T04:44:44.423+0000] {dag.py:3096} INFO - Sync 1 DAGs
[2026-05-08T04:44:44.440+0000] {logging_mixin.py:188} INFO - [2026-05-08T04:44:44.440+0000] {dag.py:3954} INFO - Setting next_dagrun for dynamic_etl_framework to 2026-05-08 00:00:00+00:00, run_after=2026-05-09 00:00:00+00:00
[2026-05-08T04:44:44.466+0000] {processor.py:183} INFO - Processing /opt/airflow/dags/dynamic_etl_dag.py took 0.873 seconds
[2026-05-08T04:45:14.865+0000] {processor.py:161} INFO - Started process (PID=369) to work on /opt/airflow/dags/dynamic_etl_dag.py
[2026-05-08T04:45:14.867+0000] {processor.py:830} INFO - Processing file /opt/airflow/dags/dynamic_etl_dag.py for tasks to queue
[2026-05-08T04:45:14.868+0000] {logging_mixin.py:188} INFO - [2026-05-08T04:45:14.868+0000] {dagbag.py:545} INFO - Filling up the DagBag from /opt/airflow/dags/dynamic_etl_dag.py
[2026-05-08T04:45:15.501+0000] {processor.py:840} INFO - DAG(s) 'dynamic_etl_framework' retrieved from /opt/airflow/dags/dynamic_etl_dag.py
[2026-05-08T04:45:15.651+0000] {logging_mixin.py:188} INFO - [2026-05-08T04:45:15.651+0000] {dag.py:3096} INFO - Sync 1 DAGs
[2026-05-08T04:45:15.669+0000] {logging_mixin.py:188} INFO - [2026-05-08T04:45:15.669+0000] {dag.py:3954} INFO - Setting next_dagrun for dynamic_etl_framework to 2026-05-08 00:00:00+00:00, run_after=2026-05-09 00:00:00+00:00
[2026-05-08T04:45:15.725+0000] {processor.py:183} INFO - Processing /opt/airflow/dags/dynamic_etl_dag.py took 0.864 seconds
[2026-05-08T04:45:46.070+0000] {processor.py:161} INFO - Started process (PID=375) to work on /opt/airflow/dags/dynamic_etl_dag.py
[2026-05-08T04:45:46.072+0000] {processor.py:830} INFO - Processing file /opt/airflow/dags/dynamic_etl_dag.py for tasks to queue
[2026-05-08T04:45:46.075+0000] {logging_mixin.py:188} INFO - [2026-05-08T04:45:46.074+0000] {dagbag.py:545} INFO - Filling up the DagBag from /opt/airflow/dags/dynamic_etl_dag.py
[2026-05-08T04:45:46.810+0000] {processor.py:840} INFO - DAG(s) 'dynamic_etl_framework' retrieved from /opt/airflow/dags/dynamic_etl_dag.py
[2026-05-08T04:45:46.969+0000] {logging_mixin.py:188} INFO - [2026-05-08T04:45:46.969+0000] {dag.py:3096} INFO - Sync 1 DAGs
[2026-05-08T04:45:46.990+0000] {logging_mixin.py:188} INFO - [2026-05-08T04:45:46.990+0000] {dag.py:3954} INFO - Setting next_dagrun for dynamic_etl_framework to 2026-05-08 00:00:00+00:00, run_after=2026-05-09 00:00:00+00:00
[2026-05-08T04:45:47.024+0000] {processor.py:183} INFO - Processing /opt/airflow/dags/dynamic_etl_dag.py took 0.961 seconds
[2026-05-08T04:46:17.426+0000] {processor.py:161} INFO - Started process (PID=381) to work on /opt/airflow/dags/dynamic_etl_dag.py
[2026-05-08T04:46:17.427+0000] {processor.py:830} INFO - Processing file /opt/airflow/dags/dynamic_etl_dag.py for tasks to queue
[2026-05-08T04:46:17.429+0000] {logging_mixin.py:188} INFO - [2026-05-08T04:46:17.429+0000] {dagbag.py:545} INFO - Filling up the DagBag from /opt/airflow/dags/dynamic_etl_dag.py
[2026-05-08T04:46:18.045+0000] {processor.py:840} INFO - DAG(s) 'dynamic_etl_framework' retrieved from /opt/airflow/dags/dynamic_etl_dag.py
[2026-05-08T04:46:18.209+0000] {logging_mixin.py:188} INFO - [2026-05-08T04:46:18.209+0000] {dag.py:3096} INFO - Sync 1 DAGs
[2026-05-08T04:46:18.232+0000] {logging_mixin.py:188} INFO - [2026-05-08T04:46:18.232+0000] {dag.py:3954} INFO - Setting next_dagrun for dynamic_etl_framework to 2026-05-08 00:00:00+00:00, run_after=2026-05-09 00:00:00+00:00
[2026-05-08T04:46:18.264+0000] {processor.py:183} INFO - Processing /opt/airflow/dags/dynamic_etl_dag.py took 0.843 seconds
[2026-05-08T04:46:48.648+0000] {processor.py:161} INFO - Started process (PID=387) to work on /opt/airflow/dags/dynamic_etl_dag.py
[2026-05-08T04:46:48.649+0000] {processor.py:830} INFO - Processing file /opt/airflow/dags/dynamic_etl_dag.py for tasks to queue
[2026-05-08T04:46:48.651+0000] {logging_mixin.py:188} INFO - [2026-05-08T04:46:48.650+0000] {dagbag.py:545} INFO - Filling up the DagBag from /opt/airflow/dags/dynamic_etl_dag.py
[2026-05-08T04:46:49.347+0000] {processor.py:840} INFO - DAG(s) 'dynamic_etl_framework' retrieved from /opt/airflow/dags/dynamic_etl_dag.py
[2026-05-08T04:46:49.497+0000] {logging_mixin.py:188} INFO - [2026-05-08T04:46:49.496+0000] {dag.py:3096} INFO - Sync 1 DAGs
[2026-05-08T04:46:49.523+0000] {logging_mixin.py:188} INFO - [2026-05-08T04:46:49.522+0000] {dag.py:3954} INFO - Setting next_dagrun for dynamic_etl_framework to 2026-05-08 00:00:00+00:00, run_after=2026-05-09 00:00:00+00:00
[2026-05-08T04:46:49.561+0000] {processor.py:183} INFO - Processing /opt/airflow/dags/dynamic_etl_dag.py took 0.919 seconds
[2026-05-08T04:47:19.944+0000] {processor.py:161} INFO - Started process (PID=393) to work on /opt/airflow/dags/dynamic_etl_dag.py
[2026-05-08T04:47:19.946+0000] {processor.py:830} INFO - Processing file /opt/airflow/dags/dynamic_etl_dag.py for tasks to queue
[2026-05-08T04:47:19.947+0000] {logging_mixin.py:188} INFO - [2026-05-08T04:47:19.947+0000] {dagbag.py:545} INFO - Filling up the DagBag from /opt/airflow/dags/dynamic_etl_dag.py
[2026-05-08T04:47:20.590+0000] {processor.py:840} INFO - DAG(s) 'dynamic_etl_framework' retrieved from /opt/airflow/dags/dynamic_etl_dag.py
[2026-05-08T04:47:20.744+0000] {logging_mixin.py:188} INFO - [2026-05-08T04:47:20.743+0000] {dag.py:3096} INFO - Sync 1 DAGs
[2026-05-08T04:47:20.762+0000] {logging_mixin.py:188} INFO - [2026-05-08T04:47:20.762+0000] {dag.py:3954} INFO - Setting next_dagrun for dynamic_etl_framework to 2026-05-08 00:00:00+00:00, run_after=2026-05-09 00:00:00+00:00
[2026-05-08T04:47:20.792+0000] {processor.py:183} INFO - Processing /opt/airflow/dags/dynamic_etl_dag.py took 0.852 seconds
[2026-05-08T04:47:51.197+0000] {processor.py:161} INFO - Started process (PID=399) to work on /opt/airflow/dags/dynamic_etl_dag.py
[2026-05-08T04:47:51.198+0000] {processor.py:830} INFO - Processing file /opt/airflow/dags/dynamic_etl_dag.py for tasks to queue
[2026-05-08T04:47:51.201+0000] {logging_mixin.py:188} INFO - [2026-05-08T04:47:51.200+0000] {dagbag.py:545} INFO - Filling up the DagBag from /opt/airflow/dags/dynamic_etl_dag.py
[2026-05-08T04:47:51.956+0000] {processor.py:840} INFO - DAG(s) 'dynamic_etl_framework' retrieved from /opt/airflow/dags/dynamic_etl_dag.py
[2026-05-08T04:47:52.095+0000] {logging_mixin.py:188} INFO - [2026-05-08T04:47:52.095+0000] {dag.py:3096} INFO - Sync 1 DAGs
[2026-05-08T04:47:52.114+0000] {logging_mixin.py:188} INFO - [2026-05-08T04:47:52.114+0000] {dag.py:3954} INFO - Setting next_dagrun for dynamic_etl_framework to 2026-05-08 00:00:00+00:00, run_after=2026-05-09 00:00:00+00:00
[2026-05-08T04:47:52.140+0000] {processor.py:183} INFO - Processing /opt/airflow/dags/dynamic_etl_dag.py took 0.948 seconds
[2026-05-08T04:48:22.509+0000] {processor.py:161} INFO - Started process (PID=405) to work on /opt/airflow/dags/dynamic_etl_dag.py
[2026-05-08T04:48:22.511+0000] {processor.py:830} INFO - Processing file /opt/airflow/dags/dynamic_etl_dag.py for tasks to queue
[2026-05-08T04:48:22.515+0000] {logging_mixin.py:188} INFO - [2026-05-08T04:48:22.514+0000] {dagbag.py:545} INFO - Filling up the DagBag from /opt/airflow/dags/dynamic_etl_dag.py
[2026-05-08T04:48:23.218+0000] {processor.py:840} INFO - DAG(s) 'dynamic_etl_framework' retrieved from /opt/airflow/dags/dynamic_etl_dag.py
[2026-05-08T04:48:23.369+0000] {logging_mixin.py:188} INFO - [2026-05-08T04:48:23.368+0000] {dag.py:3096} INFO - Sync 1 DAGs
[2026-05-08T04:48:23.389+0000] {logging_mixin.py:188} INFO - [2026-05-08T04:48:23.389+0000] {dag.py:3954} INFO - Setting next_dagrun for dynamic_etl_framework to 2026-05-08 00:00:00+00:00, run_after=2026-05-09 00:00:00+00:00
[2026-05-08T04:48:23.437+0000] {processor.py:183} INFO - Processing /opt/airflow/dags/dynamic_etl_dag.py took 0.933 seconds
[2026-05-08T04:48:53.782+0000] {processor.py:161} INFO - Started process (PID=411) to work on /opt/airflow/dags/dynamic_etl_dag.py
[2026-05-08T04:48:53.783+0000] {processor.py:830} INFO - Processing file /opt/airflow/dags/dynamic_etl_dag.py for tasks to queue
[2026-05-08T04:48:53.785+0000] {logging_mixin.py:188} INFO - [2026-05-08T04:48:53.785+0000] {dagbag.py:545} INFO - Filling up the DagBag from /opt/airflow/dags/dynamic_etl_dag.py
[2026-05-08T04:48:54.424+0000] {processor.py:840} INFO - DAG(s) 'dynamic_etl_framework' retrieved from /opt/airflow/dags/dynamic_etl_dag.py
[2026-05-08T04:48:54.571+0000] {logging_mixin.py:188} INFO - [2026-05-08T04:48:54.570+0000] {dag.py:3096} INFO - Sync 1 DAGs
[2026-05-08T04:48:54.591+0000] {logging_mixin.py:188} INFO - [2026-05-08T04:48:54.591+0000] {dag.py:3954} INFO - Setting next_dagrun for dynamic_etl_framework to 2026-05-08 00:00:00+00:00, run_after=2026-05-09 00:00:00+00:00
[2026-05-08T04:48:54.621+0000] {processor.py:183} INFO - Processing /opt/airflow/dags/dynamic_etl_dag.py took 0.843 seconds
[2026-05-08T04:49:24.854+0000] {processor.py:161} INFO - Started process (PID=417) to work on /opt/airflow/dags/dynamic_etl_dag.py
[2026-05-08T04:49:24.855+0000] {processor.py:830} INFO - Processing file /opt/airflow/dags/dynamic_etl_dag.py for tasks to queue
[2026-05-08T04:49:24.858+0000] {logging_mixin.py:188} INFO - [2026-05-08T04:49:24.857+0000] {dagbag.py:545} INFO - Filling up the DagBag from /opt/airflow/dags/dynamic_etl_dag.py
[2026-05-08T04:49:25.526+0000] {processor.py:840} INFO - DAG(s) 'dynamic_etl_framework' retrieved from /opt/airflow/dags/dynamic_etl_dag.py
[2026-05-08T04:49:25.696+0000] {logging_mixin.py:188} INFO - [2026-05-08T04:49:25.696+0000] {dag.py:3096} INFO - Sync 1 DAGs
[2026-05-08T04:49:25.719+0000] {logging_mixin.py:188} INFO - [2026-05-08T04:49:25.719+0000] {dag.py:3954} INFO - Setting next_dagrun for dynamic_etl_framework to 2026-05-08 00:00:00+00:00, run_after=2026-05-09 00:00:00+00:00
[2026-05-08T04:49:25.756+0000] {processor.py:183} INFO - Processing /opt/airflow/dags/dynamic_etl_dag.py took 0.907 seconds
[2026-05-08T04:49:56.138+0000] {processor.py:161} INFO - Started process (PID=423) to work on /opt/airflow/dags/dynamic_etl_dag.py
[2026-05-08T04:49:56.141+0000] {processor.py:830} INFO - Processing file /opt/airflow/dags/dynamic_etl_dag.py for tasks to queue
[2026-05-08T04:49:56.143+0000] {logging_mixin.py:188} INFO - [2026-05-08T04:49:56.143+0000] {dagbag.py:545} INFO - Filling up the DagBag from /opt/airflow/dags/dynamic_etl_dag.py
[2026-05-08T04:49:56.773+0000] {processor.py:840} INFO - DAG(s) 'dynamic_etl_framework' retrieved from /opt/airflow/dags/dynamic_etl_dag.py
[2026-05-08T04:49:56.924+0000] {logging_mixin.py:188} INFO - [2026-05-08T04:49:56.923+0000] {dag.py:3096} INFO - Sync 1 DAGs
[2026-05-08T04:49:56.944+0000] {logging_mixin.py:188} INFO - [2026-05-08T04:49:56.943+0000] {dag.py:3954} INFO - Setting next_dagrun for dynamic_etl_framework to 2026-05-08 00:00:00+00:00, run_after=2026-05-09 00:00:00+00:00
[2026-05-08T04:49:56.973+0000] {processor.py:183} INFO - Processing /opt/airflow/dags/dynamic_etl_dag.py took 0.840 seconds
[2026-05-08T04:50:27.350+0000] {processor.py:161} INFO - Started process (PID=429) to work on /opt/airflow/dags/dynamic_etl_dag.py
[2026-05-08T04:50:27.351+0000] {processor.py:830} INFO - Processing file /opt/airflow/dags/dynamic_etl_dag.py for tasks to queue
[2026-05-08T04:50:27.355+0000] {logging_mixin.py:188} INFO - [2026-05-08T04:50:27.355+0000] {dagbag.py:545} INFO - Filling up the DagBag from /opt/airflow/dags/dynamic_etl_dag.py
[2026-05-08T04:50:28.066+0000] {processor.py:840} INFO - DAG(s) 'dynamic_etl_framework' retrieved from /opt/airflow/dags/dynamic_etl_dag.py
[2026-05-08T04:50:28.231+0000] {logging_mixin.py:188} INFO - [2026-05-08T04:50:28.230+0000] {dag.py:3096} INFO - Sync 1 DAGs
[2026-05-08T04:50:28.252+0000] {logging_mixin.py:188} INFO - [2026-05-08T04:50:28.251+0000] {dag.py:3954} INFO - Setting next_dagrun for dynamic_etl_framework to 2026-05-08 00:00:00+00:00, run_after=2026-05-09 00:00:00+00:00
[2026-05-08T04:50:28.289+0000] {processor.py:183} INFO - Processing /opt/airflow/dags/dynamic_etl_dag.py took 0.944 seconds
[2026-05-08T04:50:58.658+0000] {processor.py:161} INFO - Started process (PID=435) to work on /opt/airflow/dags/dynamic_etl_dag.py
[2026-05-08T04:50:58.659+0000] {processor.py:830} INFO - Processing file /opt/airflow/dags/dynamic_etl_dag.py for tasks to queue
[2026-05-08T04:50:58.661+0000] {logging_mixin.py:188} INFO - [2026-05-08T04:50:58.661+0000] {dagbag.py:545} INFO - Filling up the DagBag from /opt/airflow/dags/dynamic_etl_dag.py
[2026-05-08T04:50:59.297+0000] {processor.py:840} INFO - DAG(s) 'dynamic_etl_framework' retrieved from /opt/airflow/dags/dynamic_etl_dag.py
[2026-05-08T04:50:59.446+0000] {logging_mixin.py:188} INFO - [2026-05-08T04:50:59.445+0000] {dag.py:3096} INFO - Sync 1 DAGs
[2026-05-08T04:50:59.463+0000] {logging_mixin.py:188} INFO - [2026-05-08T04:50:59.463+0000] {dag.py:3954} INFO - Setting next_dagrun for dynamic_etl_framework to 2026-05-08 00:00:00+00:00, run_after=2026-05-09 00:00:00+00:00
[2026-05-08T04:50:59.492+0000] {processor.py:183} INFO - Processing /opt/airflow/dags/dynamic_etl_dag.py took 0.838 seconds
[2026-05-08T04:51:29.866+0000] {processor.py:161} INFO - Started process (PID=441) to work on /opt/airflow/dags/dynamic_etl_dag.py
[2026-05-08T04:51:29.867+0000] {processor.py:830} INFO - Processing file /opt/airflow/dags/dynamic_etl_dag.py for tasks to queue
[2026-05-08T04:51:29.869+0000] {logging_mixin.py:188} INFO - [2026-05-08T04:51:29.869+0000] {dagbag.py:545} INFO - Filling up the DagBag from /opt/airflow/dags/dynamic_etl_dag.py
[2026-05-08T04:51:30.579+0000] {processor.py:840} INFO - DAG(s) 'dynamic_etl_framework' retrieved from /opt/airflow/dags/dynamic_etl_dag.py
[2026-05-08T04:51:30.735+0000] {logging_mixin.py:188} INFO - [2026-05-08T04:51:30.734+0000] {dag.py:3096} INFO - Sync 1 DAGs
[2026-05-08T04:51:30.753+0000] {logging_mixin.py:188} INFO - [2026-05-08T04:51:30.753+0000] {dag.py:3954} INFO - Setting next_dagrun for dynamic_etl_framework to 2026-05-08 00:00:00+00:00, run_after=2026-05-09 00:00:00+00:00
[2026-05-08T04:51:30.786+0000] {processor.py:183} INFO - Processing /opt/airflow/dags/dynamic_etl_dag.py took 0.927 seconds
[2026-05-08T04:52:01.133+0000] {processor.py:161} INFO - Started process (PID=447) to work on /opt/airflow/dags/dynamic_etl_dag.py
[2026-05-08T04:52:01.134+0000] {processor.py:830} INFO - Processing file /opt/airflow/dags/dynamic_etl_dag.py for tasks to queue
[2026-05-08T04:52:01.136+0000] {logging_mixin.py:188} INFO - [2026-05-08T04:52:01.136+0000] {dagbag.py:545} INFO - Filling up the DagBag from /opt/airflow/dags/dynamic_etl_dag.py
[2026-05-08T04:52:01.747+0000] {processor.py:840} INFO - DAG(s) 'dynamic_etl_framework' retrieved from /opt/airflow/dags/dynamic_etl_dag.py
[2026-05-08T04:52:01.905+0000] {logging_mixin.py:188} INFO - [2026-05-08T04:52:01.904+0000] {dag.py:3096} INFO - Sync 1 DAGs
[2026-05-08T04:52:01.928+0000] {logging_mixin.py:188} INFO - [2026-05-08T04:52:01.928+0000] {dag.py:3954} INFO - Setting next_dagrun for dynamic_etl_framework to 2026-05-08 00:00:00+00:00, run_after=2026-05-09 00:00:00+00:00
[2026-05-08T04:52:01.966+0000] {processor.py:183} INFO - Processing /opt/airflow/dags/dynamic_etl_dag.py took 0.837 seconds
[2026-05-08T04:52:32.120+0000] {processor.py:161} INFO - Started process (PID=453) to work on /opt/airflow/dags/dynamic_etl_dag.py
[2026-05-08T04:52:32.121+0000] {processor.py:830} INFO - Processing file /opt/airflow/dags/dynamic_etl_dag.py for tasks to queue
[2026-05-08T04:52:32.123+0000] {logging_mixin.py:188} INFO - [2026-05-08T04:52:32.123+0000] {dagbag.py:545} INFO - Filling up the DagBag from /opt/airflow/dags/dynamic_etl_dag.py
[2026-05-08T04:52:32.817+0000] {processor.py:840} INFO - DAG(s) 'dynamic_etl_framework' retrieved from /opt/airflow/dags/dynamic_etl_dag.py
[2026-05-08T04:52:32.972+0000] {logging_mixin.py:188} INFO - [2026-05-08T04:52:32.971+0000] {dag.py:3096} INFO - Sync 1 DAGs
[2026-05-08T04:52:32.994+0000] {logging_mixin.py:188} INFO - [2026-05-08T04:52:32.994+0000] {dag.py:3954} INFO - Setting next_dagrun for dynamic_etl_framework to 2026-05-08 00:00:00+00:00, run_after=2026-05-09 00:00:00+00:00
[2026-05-08T04:52:33.029+0000] {processor.py:183} INFO - Processing /opt/airflow/dags/dynamic_etl_dag.py took 0.914 seconds
[2026-05-08T04:53:03.618+0000] {processor.py:161} INFO - Started process (PID=459) to work on /opt/airflow/dags/dynamic_etl_dag.py
[2026-05-08T04:53:03.621+0000] {processor.py:830} INFO - Processing file /opt/airflow/dags/dynamic_etl_dag.py for tasks to queue
[2026-05-08T04:53:03.627+0000] {logging_mixin.py:188} INFO - [2026-05-08T04:53:03.626+0000] {dagbag.py:545} INFO - Filling up the DagBag from /opt/airflow/dags/dynamic_etl_dag.py
[2026-05-08T04:53:04.414+0000] {processor.py:840} INFO - DAG(s) 'dynamic_etl_framework' retrieved from /opt/airflow/dags/dynamic_etl_dag.py
[2026-05-08T04:53:04.559+0000] {logging_mixin.py:188} INFO - [2026-05-08T04:53:04.558+0000] {dag.py:3096} INFO - Sync 1 DAGs
[2026-05-08T04:53:04.580+0000] {logging_mixin.py:188} INFO - [2026-05-08T04:53:04.579+0000] {dag.py:3954} INFO - Setting next_dagrun for dynamic_etl_framework to 2026-05-08 00:00:00+00:00, run_after=2026-05-09 00:00:00+00:00
[2026-05-08T04:53:04.614+0000] {processor.py:183} INFO - Processing /opt/airflow/dags/dynamic_etl_dag.py took 1.004 seconds
[2026-05-08T04:53:34.993+0000] {processor.py:161} INFO - Started process (PID=465) to work on /opt/airflow/dags/dynamic_etl_dag.py
[2026-05-08T04:53:34.995+0000] {processor.py:830} INFO - Processing file /opt/airflow/dags/dynamic_etl_dag.py for tasks to queue
[2026-05-08T04:53:34.996+0000] {logging_mixin.py:188} INFO - [2026-05-08T04:53:34.996+0000] {dagbag.py:545} INFO - Filling up the DagBag from /opt/airflow/dags/dynamic_etl_dag.py
[2026-05-08T04:53:35.682+0000] {processor.py:840} INFO - DAG(s) 'dynamic_etl_framework' retrieved from /opt/airflow/dags/dynamic_etl_dag.py
[2026-05-08T04:53:35.835+0000] {logging_mixin.py:188} INFO - [2026-05-08T04:53:35.835+0000] {dag.py:3096} INFO - Sync 1 DAGs
[2026-05-08T04:53:35.853+0000] {logging_mixin.py:188} INFO - [2026-05-08T04:53:35.853+0000] {dag.py:3954} INFO - Setting next_dagrun for dynamic_etl_framework to 2026-05-08 00:00:00+00:00, run_after=2026-05-09 00:00:00+00:00
[2026-05-08T04:53:35.881+0000] {processor.py:183} INFO - Processing /opt/airflow/dags/dynamic_etl_dag.py took 0.892 seconds
[2026-05-08T04:54:06.309+0000] {processor.py:161} INFO - Started process (PID=471) to work on /opt/airflow/dags/dynamic_etl_dag.py
[2026-05-08T04:54:06.310+0000] {processor.py:830} INFO - Processing file /opt/airflow/dags/dynamic_etl_dag.py for tasks to queue
[2026-05-08T04:54:06.312+0000] {logging_mixin.py:188} INFO - [2026-05-08T04:54:06.312+0000] {dagbag.py:545} INFO - Filling up the DagBag from /opt/airflow/dags/dynamic_etl_dag.py
[2026-05-08T04:54:06.959+0000] {processor.py:840} INFO - DAG(s) 'dynamic_etl_framework' retrieved from /opt/airflow/dags/dynamic_etl_dag.py
[2026-05-08T04:54:07.111+0000] {logging_mixin.py:188} INFO - [2026-05-08T04:54:07.110+0000] {dag.py:3096} INFO - Sync 1 DAGs
[2026-05-08T04:54:07.129+0000] {logging_mixin.py:188} INFO - [2026-05-08T04:54:07.129+0000] {dag.py:3954} INFO - Setting next_dagrun for dynamic_etl_framework to 2026-05-08 00:00:00+00:00, run_after=2026-05-09 00:00:00+00:00
[2026-05-08T04:54:07.159+0000] {processor.py:183} INFO - Processing /opt/airflow/dags/dynamic_etl_dag.py took 0.856 seconds
[2026-05-08T04:54:37.586+0000] {processor.py:161} INFO - Started process (PID=477) to work on /opt/airflow/dags/dynamic_etl_dag.py
[2026-05-08T04:54:37.587+0000] {processor.py:830} INFO - Processing file /opt/airflow/dags/dynamic_etl_dag.py for tasks to queue
[2026-05-08T04:54:37.589+0000] {logging_mixin.py:188} INFO - [2026-05-08T04:54:37.589+0000] {dagbag.py:545} INFO - Filling up the DagBag from /opt/airflow/dags/dynamic_etl_dag.py
[2026-05-08T04:54:38.220+0000] {processor.py:840} INFO - DAG(s) 'dynamic_etl_framework' retrieved from /opt/airflow/dags/dynamic_etl_dag.py
[2026-05-08T04:54:38.367+0000] {logging_mixin.py:188} INFO - [2026-05-08T04:54:38.367+0000] {dag.py:3096} INFO - Sync 1 DAGs
[2026-05-08T04:54:38.385+0000] {logging_mixin.py:188} INFO - [2026-05-08T04:54:38.385+0000] {dag.py:3954} INFO - Setting next_dagrun for dynamic_etl_framework to 2026-05-08 00:00:00+00:00, run_after=2026-05-09 00:00:00+00:00
[2026-05-08T04:54:38.437+0000] {processor.py:183} INFO - Processing /opt/airflow/dags/dynamic_etl_dag.py took 0.856 seconds
[2026-05-08T04:55:08.821+0000] {processor.py:161} INFO - Started process (PID=483) to work on /opt/airflow/dags/dynamic_etl_dag.py
[2026-05-08T04:55:08.823+0000] {processor.py:830} INFO - Processing file /opt/airflow/dags/dynamic_etl_dag.py for tasks to queue
[2026-05-08T04:55:08.824+0000] {logging_mixin.py:188} INFO - [2026-05-08T04:55:08.824+0000] {dagbag.py:545} INFO - Filling up the DagBag from /opt/airflow/dags/dynamic_etl_dag.py
[2026-05-08T04:55:09.509+0000] {processor.py:840} INFO - DAG(s) 'dynamic_etl_framework' retrieved from /opt/airflow/dags/dynamic_etl_dag.py
[2026-05-08T04:55:09.665+0000] {logging_mixin.py:188} INFO - [2026-05-08T04:55:09.664+0000] {dag.py:3096} INFO - Sync 1 DAGs
[2026-05-08T04:55:09.685+0000] {logging_mixin.py:188} INFO - [2026-05-08T04:55:09.685+0000] {dag.py:3954} INFO - Setting next_dagrun for dynamic_etl_framework to 2026-05-08 00:00:00+00:00, run_after=2026-05-09 00:00:00+00:00
[2026-05-08T04:55:09.719+0000] {processor.py:183} INFO - Processing /opt/airflow/dags/dynamic_etl_dag.py took 0.902 seconds
[2026-05-08T04:55:40.135+0000] {processor.py:161} INFO - Started process (PID=489) to work on /opt/airflow/dags/dynamic_etl_dag.py
[2026-05-08T04:55:40.137+0000] {processor.py:830} INFO - Processing file /opt/airflow/dags/dynamic_etl_dag.py for tasks to queue
[2026-05-08T04:55:40.138+0000] {logging_mixin.py:188} INFO - [2026-05-08T04:55:40.138+0000] {dagbag.py:545} INFO - Filling up the DagBag from /opt/airflow/dags/dynamic_etl_dag.py
[2026-05-08T04:55:40.936+0000] {processor.py:840} INFO - DAG(s) 'dynamic_etl_framework' retrieved from /opt/airflow/dags/dynamic_etl_dag.py
[2026-05-08T04:55:41.072+0000] {logging_mixin.py:188} INFO - [2026-05-08T04:55:41.072+0000] {dag.py:3096} INFO - Sync 1 DAGs
[2026-05-08T04:55:41.091+0000] {logging_mixin.py:188} INFO - [2026-05-08T04:55:41.091+0000] {dag.py:3954} INFO - Setting next_dagrun for dynamic_etl_framework to 2026-05-08 00:00:00+00:00, run_after=2026-05-09 00:00:00+00:00
[2026-05-08T04:55:41.117+0000] {processor.py:183} INFO - Processing /opt/airflow/dags/dynamic_etl_dag.py took 0.987 seconds
[2026-05-08T04:56:11.488+0000] {processor.py:161} INFO - Started process (PID=495) to work on /opt/airflow/dags/dynamic_etl_dag.py
[2026-05-08T04:56:11.489+0000] {processor.py:830} INFO - Processing file /opt/airflow/dags/dynamic_etl_dag.py for tasks to queue
[2026-05-08T04:56:11.491+0000] {logging_mixin.py:188} INFO - [2026-05-08T04:56:11.491+0000] {dagbag.py:545} INFO - Filling up the DagBag from /opt/airflow/dags/dynamic_etl_dag.py
[2026-05-08T04:56:12.250+0000] {processor.py:840} INFO - DAG(s) 'dynamic_etl_framework' retrieved from /opt/airflow/dags/dynamic_etl_dag.py
[2026-05-08T04:56:12.384+0000] {logging_mixin.py:188} INFO - [2026-05-08T04:56:12.383+0000] {dag.py:3096} INFO - Sync 1 DAGs
[2026-05-08T04:56:12.406+0000] {logging_mixin.py:188} INFO - [2026-05-08T04:56:12.406+0000] {dag.py:3954} INFO - Setting next_dagrun for dynamic_etl_framework to 2026-05-08 00:00:00+00:00, run_after=2026-05-09 00:00:00+00:00
[2026-05-08T04:56:12.443+0000] {processor.py:183} INFO - Processing /opt/airflow/dags/dynamic_etl_dag.py took 0.960 seconds
[2026-05-08T04:56:42.959+0000] {processor.py:161} INFO - Started process (PID=501) to work on /opt/airflow/dags/dynamic_etl_dag.py
[2026-05-08T04:56:42.961+0000] {processor.py:830} INFO - Processing file /opt/airflow/dags/dynamic_etl_dag.py for tasks to queue
[2026-05-08T04:56:42.963+0000] {logging_mixin.py:188} INFO - [2026-05-08T04:56:42.962+0000] {dagbag.py:545} INFO - Filling up the DagBag from /opt/airflow/dags/dynamic_etl_dag.py
[2026-05-08T04:56:43.747+0000] {processor.py:840} INFO - DAG(s) 'dynamic_etl_framework' retrieved from /opt/airflow/dags/dynamic_etl_dag.py
[2026-05-08T04:56:43.920+0000] {logging_mixin.py:188} INFO - [2026-05-08T04:56:43.919+0000] {dag.py:3096} INFO - Sync 1 DAGs
[2026-05-08T04:56:43.944+0000] {logging_mixin.py:188} INFO - [2026-05-08T04:56:43.944+0000] {dag.py:3954} INFO - Setting next_dagrun for dynamic_etl_framework to 2026-05-08 00:00:00+00:00, run_after=2026-05-09 00:00:00+00:00
[2026-05-08T04:56:43.984+0000] {processor.py:183} INFO - Processing /opt/airflow/dags/dynamic_etl_dag.py took 1.029 seconds
[2026-05-08T04:57:14.478+0000] {processor.py:161} INFO - Started process (PID=507) to work on /opt/airflow/dags/dynamic_etl_dag.py
[2026-05-08T04:57:14.480+0000] {processor.py:830} INFO - Processing file /opt/airflow/dags/dynamic_etl_dag.py for tasks to queue
[2026-05-08T04:57:14.482+0000] {logging_mixin.py:188} INFO - [2026-05-08T04:57:14.481+0000] {dagbag.py:545} INFO - Filling up the DagBag from /opt/airflow/dags/dynamic_etl_dag.py
[2026-05-08T04:57:15.170+0000] {processor.py:840} INFO - DAG(s) 'dynamic_etl_framework' retrieved from /opt/airflow/dags/dynamic_etl_dag.py
[2026-05-08T04:57:15.317+0000] {logging_mixin.py:188} INFO - [2026-05-08T04:57:15.317+0000] {dag.py:3096} INFO - Sync 1 DAGs
[2026-05-08T04:57:15.336+0000] {logging_mixin.py:188} INFO - [2026-05-08T04:57:15.336+0000] {dag.py:3954} INFO - Setting next_dagrun for dynamic_etl_framework to 2026-05-08 00:00:00+00:00, run_after=2026-05-09 00:00:00+00:00
[2026-05-08T04:57:15.364+0000] {processor.py:183} INFO - Processing /opt/airflow/dags/dynamic_etl_dag.py took 0.891 seconds
[2026-05-08T04:57:45.855+0000] {processor.py:161} INFO - Started process (PID=513) to work on /opt/airflow/dags/dynamic_etl_dag.py
[2026-05-08T04:57:45.856+0000] {processor.py:830} INFO - Processing file /opt/airflow/dags/dynamic_etl_dag.py for tasks to queue
[2026-05-08T04:57:45.859+0000] {logging_mixin.py:188} INFO - [2026-05-08T04:57:45.858+0000] {dagbag.py:545} INFO - Filling up the DagBag from /opt/airflow/dags/dynamic_etl_dag.py
[2026-05-08T04:57:46.520+0000] {processor.py:840} INFO - DAG(s) 'dynamic_etl_framework' retrieved from /opt/airflow/dags/dynamic_etl_dag.py
[2026-05-08T04:57:46.761+0000] {logging_mixin.py:188} INFO - [2026-05-08T04:57:46.761+0000] {dag.py:3096} INFO - Sync 1 DAGs
[2026-05-08T04:57:46.779+0000] {logging_mixin.py:188} INFO - [2026-05-08T04:57:46.779+0000] {dag.py:3954} INFO - Setting next_dagrun for dynamic_etl_framework to 2026-05-08 00:00:00+00:00, run_after=2026-05-09 00:00:00+00:00
[2026-05-08T04:57:46.806+0000] {processor.py:183} INFO - Processing /opt/airflow/dags/dynamic_etl_dag.py took 0.955 seconds
[2026-05-08T04:58:17.429+0000] {processor.py:161} INFO - Started process (PID=519) to work on /opt/airflow/dags/dynamic_etl_dag.py
[2026-05-08T04:58:17.430+0000] {processor.py:830} INFO - Processing file /opt/airflow/dags/dynamic_etl_dag.py for tasks to queue
[2026-05-08T04:58:17.431+0000] {logging_mixin.py:188} INFO - [2026-05-08T04:58:17.431+0000] {dagbag.py:545} INFO - Filling up the DagBag from /opt/airflow/dags/dynamic_etl_dag.py
[2026-05-08T04:58:18.293+0000] {processor.py:840} INFO - DAG(s) 'dynamic_etl_framework' retrieved from /opt/airflow/dags/dynamic_etl_dag.py
[2026-05-08T04:58:18.445+0000] {logging_mixin.py:188} INFO - [2026-05-08T04:58:18.445+0000] {dag.py:3096} INFO - Sync 1 DAGs
[2026-05-08T04:58:18.466+0000] {logging_mixin.py:188} INFO - [2026-05-08T04:58:18.465+0000] {dag.py:3954} INFO - Setting next_dagrun for dynamic_etl_framework to 2026-05-08 00:00:00+00:00, run_after=2026-05-09 00:00:00+00:00
[2026-05-08T04:58:18.501+0000] {processor.py:183} INFO - Processing /opt/airflow/dags/dynamic_etl_dag.py took 1.077 seconds
[2026-05-08T04:58:48.788+0000] {processor.py:161} INFO - Started process (PID=525) to work on /opt/airflow/dags/dynamic_etl_dag.py
[2026-05-08T04:58:48.789+0000] {processor.py:830} INFO - Processing file /opt/airflow/dags/dynamic_etl_dag.py for tasks to queue
[2026-05-08T04:58:48.792+0000] {logging_mixin.py:188} INFO - [2026-05-08T04:58:48.791+0000] {dagbag.py:545} INFO - Filling up the DagBag from /opt/airflow/dags/dynamic_etl_dag.py
[2026-05-08T04:58:49.498+0000] {processor.py:840} INFO - DAG(s) 'dynamic_etl_framework' retrieved from /opt/airflow/dags/dynamic_etl_dag.py
[2026-05-08T04:58:49.638+0000] {logging_mixin.py:188} INFO - [2026-05-08T04:58:49.638+0000] {dag.py:3096} INFO - Sync 1 DAGs
[2026-05-08T04:58:49.658+0000] {logging_mixin.py:188} INFO - [2026-05-08T04:58:49.658+0000] {dag.py:3954} INFO - Setting next_dagrun for dynamic_etl_framework to 2026-05-08 00:00:00+00:00, run_after=2026-05-09 00:00:00+00:00
[2026-05-08T04:58:49.686+0000] {processor.py:183} INFO - Processing /opt/airflow/dags/dynamic_etl_dag.py took 0.904 seconds
[2026-05-08T04:59:20.218+0000] {processor.py:161} INFO - Started process (PID=531) to work on /opt/airflow/dags/dynamic_etl_dag.py
[2026-05-08T04:59:20.219+0000] {processor.py:830} INFO - Processing file /opt/airflow/dags/dynamic_etl_dag.py for tasks to queue
[2026-05-08T04:59:20.221+0000] {logging_mixin.py:188} INFO - [2026-05-08T04:59:20.220+0000] {dagbag.py:545} INFO - Filling up the DagBag from /opt/airflow/dags/dynamic_etl_dag.py
[2026-05-08T04:59:20.914+0000] {processor.py:840} INFO - DAG(s) 'dynamic_etl_framework' retrieved from /opt/airflow/dags/dynamic_etl_dag.py
[2026-05-08T04:59:21.060+0000] {logging_mixin.py:188} INFO - [2026-05-08T04:59:21.059+0000] {dag.py:3096} INFO - Sync 1 DAGs
[2026-05-08T04:59:21.079+0000] {logging_mixin.py:188} INFO - [2026-05-08T04:59:21.079+0000] {dag.py:3954} INFO - Setting next_dagrun for dynamic_etl_framework to 2026-05-08 00:00:00+00:00, run_after=2026-05-09 00:00:00+00:00
[2026-05-08T04:59:21.107+0000] {processor.py:183} INFO - Processing /opt/airflow/dags/dynamic_etl_dag.py took 0.894 seconds
[2026-05-08T04:59:51.504+0000] {processor.py:161} INFO - Started process (PID=537) to work on /opt/airflow/dags/dynamic_etl_dag.py
[2026-05-08T04:59:51.505+0000] {processor.py:830} INFO - Processing file /opt/airflow/dags/dynamic_etl_dag.py for tasks to queue
[2026-05-08T04:59:51.507+0000] {logging_mixin.py:188} INFO - [2026-05-08T04:59:51.507+0000] {dagbag.py:545} INFO - Filling up the DagBag from /opt/airflow/dags/dynamic_etl_dag.py
[2026-05-08T04:59:52.260+0000] {processor.py:840} INFO - DAG(s) 'dynamic_etl_framework' retrieved from /opt/airflow/dags/dynamic_etl_dag.py
[2026-05-08T04:59:52.419+0000] {logging_mixin.py:188} INFO - [2026-05-08T04:59:52.418+0000] {dag.py:3096} INFO - Sync 1 DAGs
[2026-05-08T04:59:52.452+0000] {logging_mixin.py:188} INFO - [2026-05-08T04:59:52.452+0000] {dag.py:3954} INFO - Setting next_dagrun for dynamic_etl_framework to 2026-05-08 00:00:00+00:00, run_after=2026-05-09 00:00:00+00:00
[2026-05-08T04:59:52.496+0000] {processor.py:183} INFO - Processing /opt/airflow/dags/dynamic_etl_dag.py took 0.998 seconds
[2026-05-08T05:00:22.885+0000] {processor.py:161} INFO - Started process (PID=543) to work on /opt/airflow/dags/dynamic_etl_dag.py
[2026-05-08T05:00:22.887+0000] {processor.py:830} INFO - Processing file /opt/airflow/dags/dynamic_etl_dag.py for tasks to queue
[2026-05-08T05:00:22.889+0000] {logging_mixin.py:188} INFO - [2026-05-08T05:00:22.888+0000] {dagbag.py:545} INFO - Filling up the DagBag from /opt/airflow/dags/dynamic_etl_dag.py
[2026-05-08T05:00:23.578+0000] {processor.py:840} INFO - DAG(s) 'dynamic_etl_framework' retrieved from /opt/airflow/dags/dynamic_etl_dag.py
[2026-05-08T05:00:23.712+0000] {logging_mixin.py:188} INFO - [2026-05-08T05:00:23.712+0000] {dag.py:3096} INFO - Sync 1 DAGs
[2026-05-08T05:00:23.735+0000] {logging_mixin.py:188} INFO - [2026-05-08T05:00:23.735+0000] {dag.py:3954} INFO - Setting next_dagrun for dynamic_etl_framework to 2026-05-08 00:00:00+00:00, run_after=2026-05-09 00:00:00+00:00
[2026-05-08T05:00:23.776+0000] {processor.py:183} INFO - Processing /opt/airflow/dags/dynamic_etl_dag.py took 0.894 seconds
[2026-05-08T05:00:54.256+0000] {processor.py:161} INFO - Started process (PID=549) to work on /opt/airflow/dags/dynamic_etl_dag.py
[2026-05-08T05:00:54.258+0000] {processor.py:830} INFO - Processing file /opt/airflow/dags/dynamic_etl_dag.py for tasks to queue
[2026-05-08T05:00:54.261+0000] {logging_mixin.py:188} INFO - [2026-05-08T05:00:54.260+0000] {dagbag.py:545} INFO - Filling up the DagBag from /opt/airflow/dags/dynamic_etl_dag.py
[2026-05-08T05:00:54.959+0000] {processor.py:840} INFO - DAG(s) 'dynamic_etl_framework' retrieved from /opt/airflow/dags/dynamic_etl_dag.py
[2026-05-08T05:00:55.105+0000] {logging_mixin.py:188} INFO - [2026-05-08T05:00:55.105+0000] {dag.py:3096} INFO - Sync 1 DAGs
[2026-05-08T05:00:55.125+0000] {logging_mixin.py:188} INFO - [2026-05-08T05:00:55.125+0000] {dag.py:3954} INFO - Setting next_dagrun for dynamic_etl_framework to 2026-05-08 00:00:00+00:00, run_after=2026-05-09 00:00:00+00:00
[2026-05-08T05:00:55.153+0000] {processor.py:183} INFO - Processing /opt/airflow/dags/dynamic_etl_dag.py took 0.905 seconds
[2026-05-08T05:01:25.510+0000] {processor.py:161} INFO - Started process (PID=555) to work on /opt/airflow/dags/dynamic_etl_dag.py
[2026-05-08T05:01:25.511+0000] {processor.py:830} INFO - Processing file /opt/airflow/dags/dynamic_etl_dag.py for tasks to queue
[2026-05-08T05:01:25.513+0000] {logging_mixin.py:188} INFO - [2026-05-08T05:01:25.513+0000] {dagbag.py:545} INFO - Filling up the DagBag from /opt/airflow/dags/dynamic_etl_dag.py
[2026-05-08T05:01:26.209+0000] {processor.py:840} INFO - DAG(s) 'dynamic_etl_framework' retrieved from /opt/airflow/dags/dynamic_etl_dag.py
[2026-05-08T05:01:26.355+0000] {logging_mixin.py:188} INFO - [2026-05-08T05:01:26.355+0000] {dag.py:3096} INFO - Sync 1 DAGs
[2026-05-08T05:01:26.377+0000] {logging_mixin.py:188} INFO - [2026-05-08T05:01:26.377+0000] {dag.py:3954} INFO - Setting next_dagrun for dynamic_etl_framework to 2026-05-08 00:00:00+00:00, run_after=2026-05-09 00:00:00+00:00
[2026-05-08T05:01:26.409+0000] {processor.py:183} INFO - Processing /opt/airflow/dags/dynamic_etl_dag.py took 0.903 seconds
[2026-05-08T05:01:56.785+0000] {processor.py:161} INFO - Started process (PID=561) to work on /opt/airflow/dags/dynamic_etl_dag.py
[2026-05-08T05:01:56.786+0000] {processor.py:830} INFO - Processing file /opt/airflow/dags/dynamic_etl_dag.py for tasks to queue
[2026-05-08T05:01:56.789+0000] {logging_mixin.py:188} INFO - [2026-05-08T05:01:56.788+0000] {dagbag.py:545} INFO - Filling up the DagBag from /opt/airflow/dags/dynamic_etl_dag.py
[2026-05-08T05:01:57.559+0000] {processor.py:840} INFO - DAG(s) 'dynamic_etl_framework' retrieved from /opt/airflow/dags/dynamic_etl_dag.py
[2026-05-08T05:01:57.714+0000] {logging_mixin.py:188} INFO - [2026-05-08T05:01:57.713+0000] {dag.py:3096} INFO - Sync 1 DAGs
[2026-05-08T05:01:57.736+0000] {logging_mixin.py:188} INFO - [2026-05-08T05:01:57.736+0000] {dag.py:3954} INFO - Setting next_dagrun for dynamic_etl_framework to 2026-05-08 00:00:00+00:00, run_after=2026-05-09 00:00:00+00:00
[2026-05-08T05:01:57.775+0000] {processor.py:183} INFO - Processing /opt/airflow/dags/dynamic_etl_dag.py took 0.995 seconds
[2026-05-08T05:02:28.211+0000] {processor.py:161} INFO - Started process (PID=567) to work on /opt/airflow/dags/dynamic_etl_dag.py
[2026-05-08T05:02:28.213+0000] {processor.py:830} INFO - Processing file /opt/airflow/dags/dynamic_etl_dag.py for tasks to queue
[2026-05-08T05:02:28.215+0000] {logging_mixin.py:188} INFO - [2026-05-08T05:02:28.214+0000] {dagbag.py:545} INFO - Filling up the DagBag from /opt/airflow/dags/dynamic_etl_dag.py
[2026-05-08T05:02:28.840+0000] {processor.py:840} INFO - DAG(s) 'dynamic_etl_framework' retrieved from /opt/airflow/dags/dynamic_etl_dag.py
[2026-05-08T05:02:28.994+0000] {logging_mixin.py:188} INFO - [2026-05-08T05:02:28.992+0000] {dag.py:3096} INFO - Sync 1 DAGs
[2026-05-08T05:02:29.013+0000] {logging_mixin.py:188} INFO - [2026-05-08T05:02:29.012+0000] {dag.py:3954} INFO - Setting next_dagrun for dynamic_etl_framework to 2026-05-08 00:00:00+00:00, run_after=2026-05-09 00:00:00+00:00
[2026-05-08T05:02:29.041+0000] {processor.py:183} INFO - Processing /opt/airflow/dags/dynamic_etl_dag.py took 0.834 seconds
[2026-05-08T05:02:59.473+0000] {processor.py:161} INFO - Started process (PID=573) to work on /opt/airflow/dags/dynamic_etl_dag.py
[2026-05-08T05:02:59.474+0000] {processor.py:830} INFO - Processing file /opt/airflow/dags/dynamic_etl_dag.py for tasks to queue
[2026-05-08T05:02:59.476+0000] {logging_mixin.py:188} INFO - [2026-05-08T05:02:59.476+0000] {dagbag.py:545} INFO - Filling up the DagBag from /opt/airflow/dags/dynamic_etl_dag.py
[2026-05-08T05:03:00.126+0000] {processor.py:840} INFO - DAG(s) 'dynamic_etl_framework' retrieved from /opt/airflow/dags/dynamic_etl_dag.py
[2026-05-08T05:03:00.289+0000] {logging_mixin.py:188} INFO - [2026-05-08T05:03:00.289+0000] {dag.py:3096} INFO - Sync 1 DAGs
[2026-05-08T05:03:00.309+0000] {logging_mixin.py:188} INFO - [2026-05-08T05:03:00.309+0000] {dag.py:3954} INFO - Setting next_dagrun for dynamic_etl_framework to 2026-05-08 00:00:00+00:00, run_after=2026-05-09 00:00:00+00:00
[2026-05-08T05:03:00.342+0000] {processor.py:183} INFO - Processing /opt/airflow/dags/dynamic_etl_dag.py took 0.875 seconds
[2026-05-08T05:03:30.810+0000] {processor.py:161} INFO - Started process (PID=579) to work on /opt/airflow/dags/dynamic_etl_dag.py
[2026-05-08T05:03:30.812+0000] {processor.py:830} INFO - Processing file /opt/airflow/dags/dynamic_etl_dag.py for tasks to queue
[2026-05-08T05:03:30.814+0000] {logging_mixin.py:188} INFO - [2026-05-08T05:03:30.813+0000] {dagbag.py:545} INFO - Filling up the DagBag from /opt/airflow/dags/dynamic_etl_dag.py
[2026-05-08T05:03:31.444+0000] {processor.py:840} INFO - DAG(s) 'dynamic_etl_framework' retrieved from /opt/airflow/dags/dynamic_etl_dag.py
[2026-05-08T05:03:31.593+0000] {logging_mixin.py:188} INFO - [2026-05-08T05:03:31.593+0000] {dag.py:3096} INFO - Sync 1 DAGs
[2026-05-08T05:03:31.611+0000] {logging_mixin.py:188} INFO - [2026-05-08T05:03:31.611+0000] {dag.py:3954} INFO - Setting next_dagrun for dynamic_etl_framework to 2026-05-08 00:00:00+00:00, run_after=2026-05-09 00:00:00+00:00
[2026-05-08T05:03:31.637+0000] {processor.py:183} INFO - Processing /opt/airflow/dags/dynamic_etl_dag.py took 0.833 seconds
[2026-05-08T05:04:02.065+0000] {processor.py:161} INFO - Started process (PID=585) to work on /opt/airflow/dags/dynamic_etl_dag.py
[2026-05-08T05:04:02.066+0000] {processor.py:830} INFO - Processing file /opt/airflow/dags/dynamic_etl_dag.py for tasks to queue
[2026-05-08T05:04:02.069+0000] {logging_mixin.py:188} INFO - [2026-05-08T05:04:02.068+0000] {dagbag.py:545} INFO - Filling up the DagBag from /opt/airflow/dags/dynamic_etl_dag.py
[2026-05-08T05:04:02.848+0000] {processor.py:840} INFO - DAG(s) 'dynamic_etl_framework' retrieved from /opt/airflow/dags/dynamic_etl_dag.py
[2026-05-08T05:04:03.004+0000] {logging_mixin.py:188} INFO - [2026-05-08T05:04:03.004+0000] {dag.py:3096} INFO - Sync 1 DAGs
[2026-05-08T05:04:03.026+0000] {logging_mixin.py:188} INFO - [2026-05-08T05:04:03.026+0000] {dag.py:3954} INFO - Setting next_dagrun for dynamic_etl_framework to 2026-05-08 00:00:00+00:00, run_after=2026-05-09 00:00:00+00:00
[2026-05-08T05:04:03.064+0000] {processor.py:183} INFO - Processing /opt/airflow/dags/dynamic_etl_dag.py took 1.003 seconds
[2026-05-08T05:04:33.493+0000] {processor.py:161} INFO - Started process (PID=591) to work on /opt/airflow/dags/dynamic_etl_dag.py
[2026-05-08T05:04:33.494+0000] {processor.py:830} INFO - Processing file /opt/airflow/dags/dynamic_etl_dag.py for tasks to queue
[2026-05-08T05:04:33.497+0000] {logging_mixin.py:188} INFO - [2026-05-08T05:04:33.497+0000] {dagbag.py:545} INFO - Filling up the DagBag from /opt/airflow/dags/dynamic_etl_dag.py
[2026-05-08T05:04:34.349+0000] {processor.py:840} INFO - DAG(s) 'dynamic_etl_framework' retrieved from /opt/airflow/dags/dynamic_etl_dag.py
[2026-05-08T05:04:34.504+0000] {logging_mixin.py:188} INFO - [2026-05-08T05:04:34.503+0000] {dag.py:3096} INFO - Sync 1 DAGs
[2026-05-08T05:04:34.522+0000] {logging_mixin.py:188} INFO - [2026-05-08T05:04:34.522+0000] {dag.py:3954} INFO - Setting next_dagrun for dynamic_etl_framework to 2026-05-08 00:00:00+00:00, run_after=2026-05-09 00:00:00+00:00
[2026-05-08T05:04:34.567+0000] {processor.py:183} INFO - Processing /opt/airflow/dags/dynamic_etl_dag.py took 1.081 seconds
[2026-05-08T05:05:04.880+0000] {processor.py:161} INFO - Started process (PID=597) to work on /opt/airflow/dags/dynamic_etl_dag.py
[2026-05-08T05:05:04.881+0000] {processor.py:830} INFO - Processing file /opt/airflow/dags/dynamic_etl_dag.py for tasks to queue
[2026-05-08T05:05:04.883+0000] {logging_mixin.py:188} INFO - [2026-05-08T05:05:04.883+0000] {dagbag.py:545} INFO - Filling up the DagBag from /opt/airflow/dags/dynamic_etl_dag.py
[2026-05-08T05:05:05.554+0000] {processor.py:840} INFO - DAG(s) 'dynamic_etl_framework' retrieved from /opt/airflow/dags/dynamic_etl_dag.py
[2026-05-08T05:05:05.706+0000] {logging_mixin.py:188} INFO - [2026-05-08T05:05:05.706+0000] {dag.py:3096} INFO - Sync 1 DAGs
[2026-05-08T05:05:05.727+0000] {logging_mixin.py:188} INFO - [2026-05-08T05:05:05.727+0000] {dag.py:3954} INFO - Setting next_dagrun for dynamic_etl_framework to 2026-05-08 00:00:00+00:00, run_after=2026-05-09 00:00:00+00:00
[2026-05-08T05:05:05.765+0000] {processor.py:183} INFO - Processing /opt/airflow/dags/dynamic_etl_dag.py took 0.890 seconds
[2026-05-08T05:05:36.214+0000] {processor.py:161} INFO - Started process (PID=603) to work on /opt/airflow/dags/dynamic_etl_dag.py
[2026-05-08T05:05:36.216+0000] {processor.py:830} INFO - Processing file /opt/airflow/dags/dynamic_etl_dag.py for tasks to queue
[2026-05-08T05:05:36.218+0000] {logging_mixin.py:188} INFO - [2026-05-08T05:05:36.217+0000] {dagbag.py:545} INFO - Filling up the DagBag from /opt/airflow/dags/dynamic_etl_dag.py
[2026-05-08T05:05:36.875+0000] {processor.py:840} INFO - DAG(s) 'dynamic_etl_framework' retrieved from /opt/airflow/dags/dynamic_etl_dag.py
[2026-05-08T05:05:37.020+0000] {logging_mixin.py:188} INFO - [2026-05-08T05:05:37.019+0000] {dag.py:3096} INFO - Sync 1 DAGs
[2026-05-08T05:05:37.037+0000] {logging_mixin.py:188} INFO - [2026-05-08T05:05:37.037+0000] {dag.py:3954} INFO - Setting next_dagrun for dynamic_etl_framework to 2026-05-08 00:00:00+00:00, run_after=2026-05-09 00:00:00+00:00
[2026-05-08T05:05:37.064+0000] {processor.py:183} INFO - Processing /opt/airflow/dags/dynamic_etl_dag.py took 0.854 seconds
[2026-05-08T05:06:07.487+0000] {processor.py:161} INFO - Started process (PID=609) to work on /opt/airflow/dags/dynamic_etl_dag.py
[2026-05-08T05:06:07.488+0000] {processor.py:830} INFO - Processing file /opt/airflow/dags/dynamic_etl_dag.py for tasks to queue
[2026-05-08T05:06:07.490+0000] {logging_mixin.py:188} INFO - [2026-05-08T05:06:07.490+0000] {dagbag.py:545} INFO - Filling up the DagBag from /opt/airflow/dags/dynamic_etl_dag.py
[2026-05-08T05:06:08.156+0000] {processor.py:840} INFO - DAG(s) 'dynamic_etl_framework' retrieved from /opt/airflow/dags/dynamic_etl_dag.py
[2026-05-08T05:06:08.288+0000] {logging_mixin.py:188} INFO - [2026-05-08T05:06:08.288+0000] {dag.py:3096} INFO - Sync 1 DAGs
[2026-05-08T05:06:08.307+0000] {logging_mixin.py:188} INFO - [2026-05-08T05:06:08.307+0000] {dag.py:3954} INFO - Setting next_dagrun for dynamic_etl_framework to 2026-05-08 00:00:00+00:00, run_after=2026-05-09 00:00:00+00:00
[2026-05-08T05:06:08.339+0000] {processor.py:183} INFO - Processing /opt/airflow/dags/dynamic_etl_dag.py took 0.856 seconds
[2026-05-08T05:06:38.695+0000] {processor.py:161} INFO - Started process (PID=615) to work on /opt/airflow/dags/dynamic_etl_dag.py
[2026-05-08T05:06:38.697+0000] {processor.py:830} INFO - Processing file /opt/airflow/dags/dynamic_etl_dag.py for tasks to queue
[2026-05-08T05:06:38.700+0000] {logging_mixin.py:188} INFO - [2026-05-08T05:06:38.700+0000] {dagbag.py:545} INFO - Filling up the DagBag from /opt/airflow/dags/dynamic_etl_dag.py
[2026-05-08T05:06:39.390+0000] {processor.py:840} INFO - DAG(s) 'dynamic_etl_framework' retrieved from /opt/airflow/dags/dynamic_etl_dag.py
[2026-05-08T05:06:39.530+0000] {logging_mixin.py:188} INFO - [2026-05-08T05:06:39.530+0000] {dag.py:3096} INFO - Sync 1 DAGs
[2026-05-08T05:06:39.551+0000] {logging_mixin.py:188} INFO - [2026-05-08T05:06:39.551+0000] {dag.py:3954} INFO - Setting next_dagrun for dynamic_etl_framework to 2026-05-08 00:00:00+00:00, run_after=2026-05-09 00:00:00+00:00
[2026-05-08T05:06:39.582+0000] {processor.py:183} INFO - Processing /opt/airflow/dags/dynamic_etl_dag.py took 0.893 seconds
[2026-05-08T05:07:09.968+0000] {processor.py:161} INFO - Started process (PID=621) to work on /opt/airflow/dags/dynamic_etl_dag.py
[2026-05-08T05:07:09.969+0000] {processor.py:830} INFO - Processing file /opt/airflow/dags/dynamic_etl_dag.py for tasks to queue
[2026-05-08T05:07:09.971+0000] {logging_mixin.py:188} INFO - [2026-05-08T05:07:09.971+0000] {dagbag.py:545} INFO - Filling up the DagBag from /opt/airflow/dags/dynamic_etl_dag.py
[2026-05-08T05:07:10.625+0000] {processor.py:840} INFO - DAG(s) 'dynamic_etl_framework' retrieved from /opt/airflow/dags/dynamic_etl_dag.py
[2026-05-08T05:07:10.791+0000] {logging_mixin.py:188} INFO - [2026-05-08T05:07:10.791+0000] {dag.py:3096} INFO - Sync 1 DAGs
[2026-05-08T05:07:10.811+0000] {logging_mixin.py:188} INFO - [2026-05-08T05:07:10.811+0000] {dag.py:3954} INFO - Setting next_dagrun for dynamic_etl_framework to 2026-05-08 00:00:00+00:00, run_after=2026-05-09 00:00:00+00:00
[2026-05-08T05:07:10.840+0000] {processor.py:183} INFO - Processing /opt/airflow/dags/dynamic_etl_dag.py took 0.876 seconds
[2026-05-08T05:07:41.350+0000] {processor.py:161} INFO - Started process (PID=627) to work on /opt/airflow/dags/dynamic_etl_dag.py
[2026-05-08T05:07:41.352+0000] {processor.py:830} INFO - Processing file /opt/airflow/dags/dynamic_etl_dag.py for tasks to queue
[2026-05-08T05:07:41.354+0000] {logging_mixin.py:188} INFO - [2026-05-08T05:07:41.353+0000] {dagbag.py:545} INFO - Filling up the DagBag from /opt/airflow/dags/dynamic_etl_dag.py
[2026-05-08T05:07:42.133+0000] {processor.py:840} INFO - DAG(s) 'dynamic_etl_framework' retrieved from /opt/airflow/dags/dynamic_etl_dag.py
[2026-05-08T05:07:42.286+0000] {logging_mixin.py:188} INFO - [2026-05-08T05:07:42.284+0000] {dag.py:3096} INFO - Sync 1 DAGs
[2026-05-08T05:07:42.308+0000] {logging_mixin.py:188} INFO - [2026-05-08T05:07:42.307+0000] {dag.py:3954} INFO - Setting next_dagrun for dynamic_etl_framework to 2026-05-08 00:00:00+00:00, run_after=2026-05-09 00:00:00+00:00
[2026-05-08T05:07:42.343+0000] {processor.py:183} INFO - Processing /opt/airflow/dags/dynamic_etl_dag.py took 0.998 seconds
[2026-05-08T05:08:12.739+0000] {processor.py:161} INFO - Started process (PID=633) to work on /opt/airflow/dags/dynamic_etl_dag.py
[2026-05-08T05:08:12.741+0000] {processor.py:830} INFO - Processing file /opt/airflow/dags/dynamic_etl_dag.py for tasks to queue
[2026-05-08T05:08:12.746+0000] {logging_mixin.py:188} INFO - [2026-05-08T05:08:12.745+0000] {dagbag.py:545} INFO - Filling up the DagBag from /opt/airflow/dags/dynamic_etl_dag.py
[2026-05-08T05:08:13.516+0000] {processor.py:840} INFO - DAG(s) 'dynamic_etl_framework' retrieved from /opt/airflow/dags/dynamic_etl_dag.py
[2026-05-08T05:08:13.665+0000] {logging_mixin.py:188} INFO - [2026-05-08T05:08:13.665+0000] {dag.py:3096} INFO - Sync 1 DAGs
[2026-05-08T05:08:13.685+0000] {logging_mixin.py:188} INFO - [2026-05-08T05:08:13.685+0000] {dag.py:3954} INFO - Setting next_dagrun for dynamic_etl_framework to 2026-05-08 00:00:00+00:00, run_after=2026-05-09 00:00:00+00:00
[2026-05-08T05:08:13.720+0000] {processor.py:183} INFO - Processing /opt/airflow/dags/dynamic_etl_dag.py took 0.988 seconds
[2026-05-08T05:08:44.074+0000] {processor.py:161} INFO - Started process (PID=639) to work on /opt/airflow/dags/dynamic_etl_dag.py
[2026-05-08T05:08:44.076+0000] {processor.py:830} INFO - Processing file /opt/airflow/dags/dynamic_etl_dag.py for tasks to queue
[2026-05-08T05:08:44.079+0000] {logging_mixin.py:188} INFO - [2026-05-08T05:08:44.079+0000] {dagbag.py:545} INFO - Filling up the DagBag from /opt/airflow/dags/dynamic_etl_dag.py
[2026-05-08T05:08:44.921+0000] {processor.py:840} INFO - DAG(s) 'dynamic_etl_framework' retrieved from /opt/airflow/dags/dynamic_etl_dag.py
[2026-05-08T05:08:45.085+0000] {logging_mixin.py:188} INFO - [2026-05-08T05:08:45.083+0000] {dag.py:3096} INFO - Sync 1 DAGs
[2026-05-08T05:08:45.104+0000] {logging_mixin.py:188} INFO - [2026-05-08T05:08:45.104+0000] {dag.py:3954} INFO - Setting next_dagrun for dynamic_etl_framework to 2026-05-08 00:00:00+00:00, run_after=2026-05-09 00:00:00+00:00
[2026-05-08T05:08:45.136+0000] {processor.py:183} INFO - Processing /opt/airflow/dags/dynamic_etl_dag.py took 1.067 seconds
[2026-05-08T05:09:15.402+0000] {processor.py:161} INFO - Started process (PID=645) to work on /opt/airflow/dags/dynamic_etl_dag.py
[2026-05-08T05:09:15.404+0000] {processor.py:830} INFO - Processing file /opt/airflow/dags/dynamic_etl_dag.py for tasks to queue
[2026-05-08T05:09:15.406+0000] {logging_mixin.py:188} INFO - [2026-05-08T05:09:15.405+0000] {dagbag.py:545} INFO - Filling up the DagBag from /opt/airflow/dags/dynamic_etl_dag.py
[2026-05-08T05:09:16.097+0000] {processor.py:840} INFO - DAG(s) 'dynamic_etl_framework' retrieved from /opt/airflow/dags/dynamic_etl_dag.py
[2026-05-08T05:09:16.253+0000] {logging_mixin.py:188} INFO - [2026-05-08T05:09:16.253+0000] {dag.py:3096} INFO - Sync 1 DAGs
[2026-05-08T05:09:16.273+0000] {logging_mixin.py:188} INFO - [2026-05-08T05:09:16.273+0000] {dag.py:3954} INFO - Setting next_dagrun for dynamic_etl_framework to 2026-05-08 00:00:00+00:00, run_after=2026-05-09 00:00:00+00:00
[2026-05-08T05:09:16.309+0000] {processor.py:183} INFO - Processing /opt/airflow/dags/dynamic_etl_dag.py took 0.912 seconds
[2026-05-08T05:09:46.763+0000] {processor.py:161} INFO - Started process (PID=651) to work on /opt/airflow/dags/dynamic_etl_dag.py
[2026-05-08T05:09:46.764+0000] {processor.py:830} INFO - Processing file /opt/airflow/dags/dynamic_etl_dag.py for tasks to queue
[2026-05-08T05:09:46.767+0000] {logging_mixin.py:188} INFO - [2026-05-08T05:09:46.766+0000] {dagbag.py:545} INFO - Filling up the DagBag from /opt/airflow/dags/dynamic_etl_dag.py
[2026-05-08T05:09:47.514+0000] {processor.py:840} INFO - DAG(s) 'dynamic_etl_framework' retrieved from /opt/airflow/dags/dynamic_etl_dag.py
[2026-05-08T05:09:47.659+0000] {logging_mixin.py:188} INFO - [2026-05-08T05:09:47.659+0000] {dag.py:3096} INFO - Sync 1 DAGs
[2026-05-08T05:09:47.682+0000] {logging_mixin.py:188} INFO - [2026-05-08T05:09:47.682+0000] {dag.py:3954} INFO - Setting next_dagrun for dynamic_etl_framework to 2026-05-08 00:00:00+00:00, run_after=2026-05-09 00:00:00+00:00
[2026-05-08T05:09:47.719+0000] {processor.py:183} INFO - Processing /opt/airflow/dags/dynamic_etl_dag.py took 0.962 seconds
[2026-05-08T05:10:18.088+0000] {processor.py:161} INFO - Started process (PID=657) to work on /opt/airflow/dags/dynamic_etl_dag.py
[2026-05-08T05:10:18.090+0000] {processor.py:830} INFO - Processing file /opt/airflow/dags/dynamic_etl_dag.py for tasks to queue
[2026-05-08T05:10:18.092+0000] {logging_mixin.py:188} INFO - [2026-05-08T05:10:18.091+0000] {dagbag.py:545} INFO - Filling up the DagBag from /opt/airflow/dags/dynamic_etl_dag.py
[2026-05-08T05:10:18.823+0000] {processor.py:840} INFO - DAG(s) 'dynamic_etl_framework' retrieved from /opt/airflow/dags/dynamic_etl_dag.py
[2026-05-08T05:10:18.973+0000] {logging_mixin.py:188} INFO - [2026-05-08T05:10:18.972+0000] {dag.py:3096} INFO - Sync 1 DAGs
[2026-05-08T05:10:18.994+0000] {logging_mixin.py:188} INFO - [2026-05-08T05:10:18.994+0000] {dag.py:3954} INFO - Setting next_dagrun for dynamic_etl_framework to 2026-05-08 00:00:00+00:00, run_after=2026-05-09 00:00:00+00:00
[2026-05-08T05:10:19.026+0000] {processor.py:183} INFO - Processing /opt/airflow/dags/dynamic_etl_dag.py took 0.943 seconds
[2026-05-08T05:10:49.418+0000] {processor.py:161} INFO - Started process (PID=663) to work on /opt/airflow/dags/dynamic_etl_dag.py
[2026-05-08T05:10:49.419+0000] {processor.py:830} INFO - Processing file /opt/airflow/dags/dynamic_etl_dag.py for tasks to queue
[2026-05-08T05:10:49.421+0000] {logging_mixin.py:188} INFO - [2026-05-08T05:10:49.421+0000] {dagbag.py:545} INFO - Filling up the DagBag from /opt/airflow/dags/dynamic_etl_dag.py
[2026-05-08T05:10:50.116+0000] {processor.py:840} INFO - DAG(s) 'dynamic_etl_framework' retrieved from /opt/airflow/dags/dynamic_etl_dag.py
[2026-05-08T05:10:50.245+0000] {logging_mixin.py:188} INFO - [2026-05-08T05:10:50.245+0000] {dag.py:3096} INFO - Sync 1 DAGs
[2026-05-08T05:10:50.266+0000] {logging_mixin.py:188} INFO - [2026-05-08T05:10:50.266+0000] {dag.py:3954} INFO - Setting next_dagrun for dynamic_etl_framework to 2026-05-08 00:00:00+00:00, run_after=2026-05-09 00:00:00+00:00
[2026-05-08T05:10:50.300+0000] {processor.py:183} INFO - Processing /opt/airflow/dags/dynamic_etl_dag.py took 0.889 seconds
[2026-05-08T05:11:20.699+0000] {processor.py:161} INFO - Started process (PID=669) to work on /opt/airflow/dags/dynamic_etl_dag.py
[2026-05-08T05:11:20.701+0000] {processor.py:830} INFO - Processing file /opt/airflow/dags/dynamic_etl_dag.py for tasks to queue
[2026-05-08T05:11:20.704+0000] {logging_mixin.py:188} INFO - [2026-05-08T05:11:20.703+0000] {dagbag.py:545} INFO - Filling up the DagBag from /opt/airflow/dags/dynamic_etl_dag.py
[2026-05-08T05:11:22.668+0000] {processor.py:840} INFO - DAG(s) 'dynamic_etl_framework' retrieved from /opt/airflow/dags/dynamic_etl_dag.py
[2026-05-08T05:11:22.953+0000] {logging_mixin.py:188} INFO - [2026-05-08T05:11:22.953+0000] {dag.py:3096} INFO - Sync 1 DAGs
[2026-05-08T05:11:23.002+0000] {logging_mixin.py:188} INFO - [2026-05-08T05:11:23.002+0000] {dag.py:3954} INFO - Setting next_dagrun for dynamic_etl_framework to 2026-05-08 00:00:00+00:00, run_after=2026-05-09 00:00:00+00:00
[2026-05-08T05:11:23.100+0000] {processor.py:183} INFO - Processing /opt/airflow/dags/dynamic_etl_dag.py took 2.411 seconds
[2026-05-08T05:11:53.606+0000] {processor.py:161} INFO - Started process (PID=675) to work on /opt/airflow/dags/dynamic_etl_dag.py
[2026-05-08T05:11:53.609+0000] {processor.py:830} INFO - Processing file /opt/airflow/dags/dynamic_etl_dag.py for tasks to queue
[2026-05-08T05:11:53.619+0000] {logging_mixin.py:188} INFO - [2026-05-08T05:11:53.617+0000] {dagbag.py:545} INFO - Filling up the DagBag from /opt/airflow/dags/dynamic_etl_dag.py
[2026-05-08T05:11:55.806+0000] {processor.py:840} INFO - DAG(s) 'dynamic_etl_framework' retrieved from /opt/airflow/dags/dynamic_etl_dag.py
[2026-05-08T05:11:56.012+0000] {logging_mixin.py:188} INFO - [2026-05-08T05:11:56.011+0000] {dag.py:3096} INFO - Sync 1 DAGs
[2026-05-08T05:11:56.072+0000] {logging_mixin.py:188} INFO - [2026-05-08T05:11:56.072+0000] {dag.py:3954} INFO - Setting next_dagrun for dynamic_etl_framework to 2026-05-08 00:00:00+00:00, run_after=2026-05-09 00:00:00+00:00
[2026-05-08T05:11:56.144+0000] {processor.py:183} INFO - Processing /opt/airflow/dags/dynamic_etl_dag.py took 2.562 seconds
[2026-05-08T05:12:26.654+0000] {processor.py:161} INFO - Started process (PID=681) to work on /opt/airflow/dags/dynamic_etl_dag.py
[2026-05-08T05:12:26.656+0000] {processor.py:830} INFO - Processing file /opt/airflow/dags/dynamic_etl_dag.py for tasks to queue
[2026-05-08T05:12:26.658+0000] {logging_mixin.py:188} INFO - [2026-05-08T05:12:26.657+0000] {dagbag.py:545} INFO - Filling up the DagBag from /opt/airflow/dags/dynamic_etl_dag.py
[2026-05-08T05:12:27.510+0000] {processor.py:840} INFO - DAG(s) 'dynamic_etl_framework' retrieved from /opt/airflow/dags/dynamic_etl_dag.py
[2026-05-08T05:12:27.657+0000] {logging_mixin.py:188} INFO - [2026-05-08T05:12:27.657+0000] {dag.py:3096} INFO - Sync 1 DAGs
[2026-05-08T05:12:27.678+0000] {logging_mixin.py:188} INFO - [2026-05-08T05:12:27.678+0000] {dag.py:3954} INFO - Setting next_dagrun for dynamic_etl_framework to 2026-05-08 00:00:00+00:00, run_after=2026-05-09 00:00:00+00:00
[2026-05-08T05:12:27.714+0000] {processor.py:183} INFO - Processing /opt/airflow/dags/dynamic_etl_dag.py took 1.067 seconds
[2026-05-08T05:12:57.985+0000] {processor.py:161} INFO - Started process (PID=687) to work on /opt/airflow/dags/dynamic_etl_dag.py
[2026-05-08T05:12:57.986+0000] {processor.py:830} INFO - Processing file /opt/airflow/dags/dynamic_etl_dag.py for tasks to queue
[2026-05-08T05:12:57.988+0000] {logging_mixin.py:188} INFO - [2026-05-08T05:12:57.987+0000] {dagbag.py:545} INFO - Filling up the DagBag from /opt/airflow/dags/dynamic_etl_dag.py
[2026-05-08T05:12:58.764+0000] {processor.py:840} INFO - DAG(s) 'dynamic_etl_framework' retrieved from /opt/airflow/dags/dynamic_etl_dag.py
[2026-05-08T05:12:58.907+0000] {logging_mixin.py:188} INFO - [2026-05-08T05:12:58.907+0000] {dag.py:3096} INFO - Sync 1 DAGs
[2026-05-08T05:12:58.928+0000] {logging_mixin.py:188} INFO - [2026-05-08T05:12:58.928+0000] {dag.py:3954} INFO - Setting next_dagrun for dynamic_etl_framework to 2026-05-08 00:00:00+00:00, run_after=2026-05-09 00:00:00+00:00
[2026-05-08T05:12:58.956+0000] {processor.py:183} INFO - Processing /opt/airflow/dags/dynamic_etl_dag.py took 0.976 seconds
[2026-05-08T05:13:29.465+0000] {processor.py:161} INFO - Started process (PID=693) to work on /opt/airflow/dags/dynamic_etl_dag.py
[2026-05-08T05:13:29.467+0000] {processor.py:830} INFO - Processing file /opt/airflow/dags/dynamic_etl_dag.py for tasks to queue
[2026-05-08T05:13:29.468+0000] {logging_mixin.py:188} INFO - [2026-05-08T05:13:29.468+0000] {dagbag.py:545} INFO - Filling up the DagBag from /opt/airflow/dags/dynamic_etl_dag.py
[2026-05-08T05:13:30.182+0000] {processor.py:840} INFO - DAG(s) 'dynamic_etl_framework' retrieved from /opt/airflow/dags/dynamic_etl_dag.py
[2026-05-08T05:13:30.335+0000] {logging_mixin.py:188} INFO - [2026-05-08T05:13:30.334+0000] {dag.py:3096} INFO - Sync 1 DAGs
[2026-05-08T05:13:30.356+0000] {logging_mixin.py:188} INFO - [2026-05-08T05:13:30.356+0000] {dag.py:3954} INFO - Setting next_dagrun for dynamic_etl_framework to 2026-05-08 00:00:00+00:00, run_after=2026-05-09 00:00:00+00:00
[2026-05-08T05:13:30.382+0000] {processor.py:183} INFO - Processing /opt/airflow/dags/dynamic_etl_dag.py took 0.922 seconds
[2026-05-08T05:14:00.769+0000] {processor.py:161} INFO - Started process (PID=699) to work on /opt/airflow/dags/dynamic_etl_dag.py
[2026-05-08T05:14:00.770+0000] {processor.py:830} INFO - Processing file /opt/airflow/dags/dynamic_etl_dag.py for tasks to queue
[2026-05-08T05:14:00.772+0000] {logging_mixin.py:188} INFO - [2026-05-08T05:14:00.772+0000] {dagbag.py:545} INFO - Filling up the DagBag from /opt/airflow/dags/dynamic_etl_dag.py
[2026-05-08T05:14:01.480+0000] {processor.py:840} INFO - DAG(s) 'dynamic_etl_framework' retrieved from /opt/airflow/dags/dynamic_etl_dag.py
[2026-05-08T05:14:01.659+0000] {logging_mixin.py:188} INFO - [2026-05-08T05:14:01.658+0000] {dag.py:3096} INFO - Sync 1 DAGs
[2026-05-08T05:14:01.684+0000] {logging_mixin.py:188} INFO - [2026-05-08T05:14:01.684+0000] {dag.py:3954} INFO - Setting next_dagrun for dynamic_etl_framework to 2026-05-08 00:00:00+00:00, run_after=2026-05-09 00:00:00+00:00
[2026-05-08T05:14:01.730+0000] {processor.py:183} INFO - Processing /opt/airflow/dags/dynamic_etl_dag.py took 0.965 seconds
[2026-05-08T05:14:32.146+0000] {processor.py:161} INFO - Started process (PID=705) to work on /opt/airflow/dags/dynamic_etl_dag.py
[2026-05-08T05:14:32.148+0000] {processor.py:830} INFO - Processing file /opt/airflow/dags/dynamic_etl_dag.py for tasks to queue
[2026-05-08T05:14:32.150+0000] {logging_mixin.py:188} INFO - [2026-05-08T05:14:32.150+0000] {dagbag.py:545} INFO - Filling up the DagBag from /opt/airflow/dags/dynamic_etl_dag.py
[2026-05-08T05:14:32.934+0000] {processor.py:840} INFO - DAG(s) 'dynamic_etl_framework' retrieved from /opt/airflow/dags/dynamic_etl_dag.py
[2026-05-08T05:14:33.099+0000] {logging_mixin.py:188} INFO - [2026-05-08T05:14:33.098+0000] {dag.py:3096} INFO - Sync 1 DAGs
[2026-05-08T05:14:33.126+0000] {logging_mixin.py:188} INFO - [2026-05-08T05:14:33.126+0000] {dag.py:3954} INFO - Setting next_dagrun for dynamic_etl_framework to 2026-05-08 00:00:00+00:00, run_after=2026-05-09 00:00:00+00:00
[2026-05-08T05:14:33.167+0000] {processor.py:183} INFO - Processing /opt/airflow/dags/dynamic_etl_dag.py took 1.025 seconds
[2026-05-08T05:15:03.526+0000] {processor.py:161} INFO - Started process (PID=711) to work on /opt/airflow/dags/dynamic_etl_dag.py
[2026-05-08T05:15:03.528+0000] {processor.py:830} INFO - Processing file /opt/airflow/dags/dynamic_etl_dag.py for tasks to queue
[2026-05-08T05:15:03.530+0000] {logging_mixin.py:188} INFO - [2026-05-08T05:15:03.529+0000] {dagbag.py:545} INFO - Filling up the DagBag from /opt/airflow/dags/dynamic_etl_dag.py
[2026-05-08T05:15:04.368+0000] {processor.py:840} INFO - DAG(s) 'dynamic_etl_framework' retrieved from /opt/airflow/dags/dynamic_etl_dag.py
[2026-05-08T05:15:04.540+0000] {logging_mixin.py:188} INFO - [2026-05-08T05:15:04.539+0000] {dag.py:3096} INFO - Sync 1 DAGs
[2026-05-08T05:15:04.575+0000] {logging_mixin.py:188} INFO - [2026-05-08T05:15:04.574+0000] {dag.py:3954} INFO - Setting next_dagrun for dynamic_etl_framework to 2026-05-08 00:00:00+00:00, run_after=2026-05-09 00:00:00+00:00
[2026-05-08T05:15:04.623+0000] {processor.py:183} INFO - Processing /opt/airflow/dags/dynamic_etl_dag.py took 1.101 seconds
[2026-05-08T05:15:34.903+0000] {processor.py:161} INFO - Started process (PID=717) to work on /opt/airflow/dags/dynamic_etl_dag.py
[2026-05-08T05:15:34.905+0000] {processor.py:830} INFO - Processing file /opt/airflow/dags/dynamic_etl_dag.py for tasks to queue
[2026-05-08T05:15:34.907+0000] {logging_mixin.py:188} INFO - [2026-05-08T05:15:34.907+0000] {dagbag.py:545} INFO - Filling up the DagBag from /opt/airflow/dags/dynamic_etl_dag.py
[2026-05-08T05:15:35.661+0000] {processor.py:840} INFO - DAG(s) 'dynamic_etl_framework' retrieved from /opt/airflow/dags/dynamic_etl_dag.py
[2026-05-08T05:15:35.814+0000] {logging_mixin.py:188} INFO - [2026-05-08T05:15:35.813+0000] {dag.py:3096} INFO - Sync 1 DAGs
[2026-05-08T05:15:35.831+0000] {logging_mixin.py:188} INFO - [2026-05-08T05:15:35.831+0000] {dag.py:3954} INFO - Setting next_dagrun for dynamic_etl_framework to 2026-05-08 00:00:00+00:00, run_after=2026-05-09 00:00:00+00:00
[2026-05-08T05:15:35.859+0000] {processor.py:183} INFO - Processing /opt/airflow/dags/dynamic_etl_dag.py took 0.963 seconds
[2026-05-08T05:16:06.246+0000] {processor.py:161} INFO - Started process (PID=723) to work on /opt/airflow/dags/dynamic_etl_dag.py
[2026-05-08T05:16:06.247+0000] {processor.py:830} INFO - Processing file /opt/airflow/dags/dynamic_etl_dag.py for tasks to queue
[2026-05-08T05:16:06.249+0000] {logging_mixin.py:188} INFO - [2026-05-08T05:16:06.249+0000] {dagbag.py:545} INFO - Filling up the DagBag from /opt/airflow/dags/dynamic_etl_dag.py
[2026-05-08T05:16:06.923+0000] {processor.py:840} INFO - DAG(s) 'dynamic_etl_framework' retrieved from /opt/airflow/dags/dynamic_etl_dag.py
[2026-05-08T05:16:07.067+0000] {logging_mixin.py:188} INFO - [2026-05-08T05:16:07.067+0000] {dag.py:3096} INFO - Sync 1 DAGs
[2026-05-08T05:16:07.087+0000] {logging_mixin.py:188} INFO - [2026-05-08T05:16:07.087+0000] {dag.py:3954} INFO - Setting next_dagrun for dynamic_etl_framework to 2026-05-08 00:00:00+00:00, run_after=2026-05-09 00:00:00+00:00
[2026-05-08T05:16:07.115+0000] {processor.py:183} INFO - Processing /opt/airflow/dags/dynamic_etl_dag.py took 0.874 seconds
[2026-05-08T05:16:37.528+0000] {processor.py:161} INFO - Started process (PID=729) to work on /opt/airflow/dags/dynamic_etl_dag.py
[2026-05-08T05:16:37.529+0000] {processor.py:830} INFO - Processing file /opt/airflow/dags/dynamic_etl_dag.py for tasks to queue
[2026-05-08T05:16:37.532+0000] {logging_mixin.py:188} INFO - [2026-05-08T05:16:37.531+0000] {dagbag.py:545} INFO - Filling up the DagBag from /opt/airflow/dags/dynamic_etl_dag.py
[2026-05-08T05:16:38.235+0000] {processor.py:840} INFO - DAG(s) 'dynamic_etl_framework' retrieved from /opt/airflow/dags/dynamic_etl_dag.py
[2026-05-08T05:16:38.383+0000] {logging_mixin.py:188} INFO - [2026-05-08T05:16:38.382+0000] {dag.py:3096} INFO - Sync 1 DAGs
[2026-05-08T05:16:38.400+0000] {logging_mixin.py:188} INFO - [2026-05-08T05:16:38.400+0000] {dag.py:3954} INFO - Setting next_dagrun for dynamic_etl_framework to 2026-05-08 00:00:00+00:00, run_after=2026-05-09 00:00:00+00:00
[2026-05-08T05:16:38.452+0000] {processor.py:183} INFO - Processing /opt/airflow/dags/dynamic_etl_dag.py took 0.932 seconds
[2026-05-08T05:17:08.840+0000] {processor.py:161} INFO - Started process (PID=735) to work on /opt/airflow/dags/dynamic_etl_dag.py
[2026-05-08T05:17:08.841+0000] {processor.py:830} INFO - Processing file /opt/airflow/dags/dynamic_etl_dag.py for tasks to queue
[2026-05-08T05:17:08.843+0000] {logging_mixin.py:188} INFO - [2026-05-08T05:17:08.842+0000] {dagbag.py:545} INFO - Filling up the DagBag from /opt/airflow/dags/dynamic_etl_dag.py
[2026-05-08T05:17:09.481+0000] {processor.py:840} INFO - DAG(s) 'dynamic_etl_framework' retrieved from /opt/airflow/dags/dynamic_etl_dag.py
[2026-05-08T05:17:09.629+0000] {logging_mixin.py:188} INFO - [2026-05-08T05:17:09.628+0000] {dag.py:3096} INFO - Sync 1 DAGs
[2026-05-08T05:17:09.649+0000] {logging_mixin.py:188} INFO - [2026-05-08T05:17:09.649+0000] {dag.py:3954} INFO - Setting next_dagrun for dynamic_etl_framework to 2026-05-08 00:00:00+00:00, run_after=2026-05-09 00:00:00+00:00
[2026-05-08T05:17:09.676+0000] {processor.py:183} INFO - Processing /opt/airflow/dags/dynamic_etl_dag.py took 0.840 seconds
[2026-05-08T05:17:40.072+0000] {processor.py:161} INFO - Started process (PID=741) to work on /opt/airflow/dags/dynamic_etl_dag.py
[2026-05-08T05:17:40.073+0000] {processor.py:830} INFO - Processing file /opt/airflow/dags/dynamic_etl_dag.py for tasks to queue
[2026-05-08T05:17:40.075+0000] {logging_mixin.py:188} INFO - [2026-05-08T05:17:40.075+0000] {dagbag.py:545} INFO - Filling up the DagBag from /opt/airflow/dags/dynamic_etl_dag.py
[2026-05-08T05:17:40.749+0000] {processor.py:840} INFO - DAG(s) 'dynamic_etl_framework' retrieved from /opt/airflow/dags/dynamic_etl_dag.py
[2026-05-08T05:17:40.897+0000] {logging_mixin.py:188} INFO - [2026-05-08T05:17:40.896+0000] {dag.py:3096} INFO - Sync 1 DAGs
[2026-05-08T05:17:40.916+0000] {logging_mixin.py:188} INFO - [2026-05-08T05:17:40.916+0000] {dag.py:3954} INFO - Setting next_dagrun for dynamic_etl_framework to 2026-05-08 00:00:00+00:00, run_after=2026-05-09 00:00:00+00:00
[2026-05-08T05:17:40.945+0000] {processor.py:183} INFO - Processing /opt/airflow/dags/dynamic_etl_dag.py took 0.877 seconds
[2026-05-08T05:18:11.454+0000] {processor.py:161} INFO - Started process (PID=747) to work on /opt/airflow/dags/dynamic_etl_dag.py
[2026-05-08T05:18:11.456+0000] {processor.py:830} INFO - Processing file /opt/airflow/dags/dynamic_etl_dag.py for tasks to queue
[2026-05-08T05:18:11.459+0000] {logging_mixin.py:188} INFO - [2026-05-08T05:18:11.459+0000] {dagbag.py:545} INFO - Filling up the DagBag from /opt/airflow/dags/dynamic_etl_dag.py
[2026-05-08T05:18:12.194+0000] {processor.py:840} INFO - DAG(s) 'dynamic_etl_framework' retrieved from /opt/airflow/dags/dynamic_etl_dag.py
[2026-05-08T05:18:12.358+0000] {logging_mixin.py:188} INFO - [2026-05-08T05:18:12.358+0000] {dag.py:3096} INFO - Sync 1 DAGs
[2026-05-08T05:18:12.378+0000] {logging_mixin.py:188} INFO - [2026-05-08T05:18:12.378+0000] {dag.py:3954} INFO - Setting next_dagrun for dynamic_etl_framework to 2026-05-08 00:00:00+00:00, run_after=2026-05-09 00:00:00+00:00
[2026-05-08T05:18:12.412+0000] {processor.py:183} INFO - Processing /opt/airflow/dags/dynamic_etl_dag.py took 0.964 seconds
[2026-05-08T05:18:42.763+0000] {processor.py:161} INFO - Started process (PID=753) to work on /opt/airflow/dags/dynamic_etl_dag.py
[2026-05-08T05:18:42.765+0000] {processor.py:830} INFO - Processing file /opt/airflow/dags/dynamic_etl_dag.py for tasks to queue
[2026-05-08T05:18:42.767+0000] {logging_mixin.py:188} INFO - [2026-05-08T05:18:42.766+0000] {dagbag.py:545} INFO - Filling up the DagBag from /opt/airflow/dags/dynamic_etl_dag.py
[2026-05-08T05:18:43.606+0000] {processor.py:840} INFO - DAG(s) 'dynamic_etl_framework' retrieved from /opt/airflow/dags/dynamic_etl_dag.py
[2026-05-08T05:18:43.743+0000] {logging_mixin.py:188} INFO - [2026-05-08T05:18:43.743+0000] {dag.py:3096} INFO - Sync 1 DAGs
[2026-05-08T05:18:43.762+0000] {logging_mixin.py:188} INFO - [2026-05-08T05:18:43.762+0000] {dag.py:3954} INFO - Setting next_dagrun for dynamic_etl_framework to 2026-05-08 00:00:00+00:00, run_after=2026-05-09 00:00:00+00:00
[2026-05-08T05:18:43.789+0000] {processor.py:183} INFO - Processing /opt/airflow/dags/dynamic_etl_dag.py took 1.030 seconds
[2026-05-08T05:19:14.125+0000] {processor.py:161} INFO - Started process (PID=759) to work on /opt/airflow/dags/dynamic_etl_dag.py
[2026-05-08T05:19:14.126+0000] {processor.py:830} INFO - Processing file /opt/airflow/dags/dynamic_etl_dag.py for tasks to queue
[2026-05-08T05:19:14.129+0000] {logging_mixin.py:188} INFO - [2026-05-08T05:19:14.129+0000] {dagbag.py:545} INFO - Filling up the DagBag from /opt/airflow/dags/dynamic_etl_dag.py
[2026-05-08T05:19:14.813+0000] {processor.py:840} INFO - DAG(s) 'dynamic_etl_framework' retrieved from /opt/airflow/dags/dynamic_etl_dag.py
[2026-05-08T05:19:14.965+0000] {logging_mixin.py:188} INFO - [2026-05-08T05:19:14.965+0000] {dag.py:3096} INFO - Sync 1 DAGs
[2026-05-08T05:19:14.988+0000] {logging_mixin.py:188} INFO - [2026-05-08T05:19:14.988+0000] {dag.py:3954} INFO - Setting next_dagrun for dynamic_etl_framework to 2026-05-08 00:00:00+00:00, run_after=2026-05-09 00:00:00+00:00
[2026-05-08T05:19:15.020+0000] {processor.py:183} INFO - Processing /opt/airflow/dags/dynamic_etl_dag.py took 0.899 seconds
[2026-05-08T05:19:45.425+0000] {processor.py:161} INFO - Started process (PID=765) to work on /opt/airflow/dags/dynamic_etl_dag.py
[2026-05-08T05:19:45.427+0000] {processor.py:830} INFO - Processing file /opt/airflow/dags/dynamic_etl_dag.py for tasks to queue
[2026-05-08T05:19:45.431+0000] {logging_mixin.py:188} INFO - [2026-05-08T05:19:45.430+0000] {dagbag.py:545} INFO - Filling up the DagBag from /opt/airflow/dags/dynamic_etl_dag.py
[2026-05-08T05:19:46.191+0000] {processor.py:840} INFO - DAG(s) 'dynamic_etl_framework' retrieved from /opt/airflow/dags/dynamic_etl_dag.py
[2026-05-08T05:19:46.345+0000] {logging_mixin.py:188} INFO - [2026-05-08T05:19:46.345+0000] {dag.py:3096} INFO - Sync 1 DAGs
[2026-05-08T05:19:46.366+0000] {logging_mixin.py:188} INFO - [2026-05-08T05:19:46.365+0000] {dag.py:3954} INFO - Setting next_dagrun for dynamic_etl_framework to 2026-05-08 00:00:00+00:00, run_after=2026-05-09 00:00:00+00:00
[2026-05-08T05:19:46.397+0000] {processor.py:183} INFO - Processing /opt/airflow/dags/dynamic_etl_dag.py took 0.977 seconds
[2026-05-08T05:20:17.191+0000] {processor.py:161} INFO - Started process (PID=771) to work on /opt/airflow/dags/dynamic_etl_dag.py
[2026-05-08T05:20:17.193+0000] {processor.py:830} INFO - Processing file /opt/airflow/dags/dynamic_etl_dag.py for tasks to queue
[2026-05-08T05:20:17.195+0000] {logging_mixin.py:188} INFO - [2026-05-08T05:20:17.195+0000] {dagbag.py:545} INFO - Filling up the DagBag from /opt/airflow/dags/dynamic_etl_dag.py
[2026-05-08T05:20:18.057+0000] {processor.py:840} INFO - DAG(s) 'dynamic_etl_framework' retrieved from /opt/airflow/dags/dynamic_etl_dag.py
[2026-05-08T05:20:18.240+0000] {logging_mixin.py:188} INFO - [2026-05-08T05:20:18.239+0000] {dag.py:3096} INFO - Sync 1 DAGs
[2026-05-08T05:20:18.269+0000] {logging_mixin.py:188} INFO - [2026-05-08T05:20:18.269+0000] {dag.py:3954} INFO - Setting next_dagrun for dynamic_etl_framework to 2026-05-08 00:00:00+00:00, run_after=2026-05-09 00:00:00+00:00
[2026-05-08T05:20:18.309+0000] {processor.py:183} INFO - Processing /opt/airflow/dags/dynamic_etl_dag.py took 1.124 seconds
[2026-05-08T05:20:48.560+0000] {processor.py:161} INFO - Started process (PID=777) to work on /opt/airflow/dags/dynamic_etl_dag.py
[2026-05-08T05:20:48.562+0000] {processor.py:830} INFO - Processing file /opt/airflow/dags/dynamic_etl_dag.py for tasks to queue
[2026-05-08T05:20:48.564+0000] {logging_mixin.py:188} INFO - [2026-05-08T05:20:48.563+0000] {dagbag.py:545} INFO - Filling up the DagBag from /opt/airflow/dags/dynamic_etl_dag.py
[2026-05-08T05:20:49.261+0000] {processor.py:840} INFO - DAG(s) 'dynamic_etl_framework' retrieved from /opt/airflow/dags/dynamic_etl_dag.py
[2026-05-08T05:20:49.424+0000] {logging_mixin.py:188} INFO - [2026-05-08T05:20:49.423+0000] {dag.py:3096} INFO - Sync 1 DAGs
[2026-05-08T05:20:49.450+0000] {logging_mixin.py:188} INFO - [2026-05-08T05:20:49.450+0000] {dag.py:3954} INFO - Setting next_dagrun for dynamic_etl_framework to 2026-05-08 00:00:00+00:00, run_after=2026-05-09 00:00:00+00:00
[2026-05-08T05:20:49.493+0000] {processor.py:183} INFO - Processing /opt/airflow/dags/dynamic_etl_dag.py took 0.940 seconds
[2026-05-08T05:21:19.895+0000] {processor.py:161} INFO - Started process (PID=783) to work on /opt/airflow/dags/dynamic_etl_dag.py
[2026-05-08T05:21:19.896+0000] {processor.py:830} INFO - Processing file /opt/airflow/dags/dynamic_etl_dag.py for tasks to queue
[2026-05-08T05:21:19.898+0000] {logging_mixin.py:188} INFO - [2026-05-08T05:21:19.898+0000] {dagbag.py:545} INFO - Filling up the DagBag from /opt/airflow/dags/dynamic_etl_dag.py
[2026-05-08T05:21:20.572+0000] {processor.py:840} INFO - DAG(s) 'dynamic_etl_framework' retrieved from /opt/airflow/dags/dynamic_etl_dag.py
[2026-05-08T05:21:20.730+0000] {logging_mixin.py:188} INFO - [2026-05-08T05:21:20.729+0000] {dag.py:3096} INFO - Sync 1 DAGs
[2026-05-08T05:21:20.750+0000] {logging_mixin.py:188} INFO - [2026-05-08T05:21:20.750+0000] {dag.py:3954} INFO - Setting next_dagrun for dynamic_etl_framework to 2026-05-08 00:00:00+00:00, run_after=2026-05-09 00:00:00+00:00
[2026-05-08T05:21:20.782+0000] {processor.py:183} INFO - Processing /opt/airflow/dags/dynamic_etl_dag.py took 0.892 seconds
[2026-05-08T05:21:51.149+0000] {processor.py:161} INFO - Started process (PID=789) to work on /opt/airflow/dags/dynamic_etl_dag.py
[2026-05-08T05:21:51.151+0000] {processor.py:830} INFO - Processing file /opt/airflow/dags/dynamic_etl_dag.py for tasks to queue
[2026-05-08T05:21:51.153+0000] {logging_mixin.py:188} INFO - [2026-05-08T05:21:51.152+0000] {dagbag.py:545} INFO - Filling up the DagBag from /opt/airflow/dags/dynamic_etl_dag.py
[2026-05-08T05:21:51.877+0000] {processor.py:840} INFO - DAG(s) 'dynamic_etl_framework' retrieved from /opt/airflow/dags/dynamic_etl_dag.py
[2026-05-08T05:21:52.037+0000] {logging_mixin.py:188} INFO - [2026-05-08T05:21:52.037+0000] {dag.py:3096} INFO - Sync 1 DAGs
[2026-05-08T05:21:52.069+0000] {logging_mixin.py:188} INFO - [2026-05-08T05:21:52.069+0000] {dag.py:3954} INFO - Setting next_dagrun for dynamic_etl_framework to 2026-05-08 00:00:00+00:00, run_after=2026-05-09 00:00:00+00:00
[2026-05-08T05:21:52.113+0000] {processor.py:183} INFO - Processing /opt/airflow/dags/dynamic_etl_dag.py took 0.969 seconds
[2026-05-08T05:22:22.512+0000] {processor.py:161} INFO - Started process (PID=795) to work on /opt/airflow/dags/dynamic_etl_dag.py
[2026-05-08T05:22:22.514+0000] {processor.py:830} INFO - Processing file /opt/airflow/dags/dynamic_etl_dag.py for tasks to queue
[2026-05-08T05:22:22.516+0000] {logging_mixin.py:188} INFO - [2026-05-08T05:22:22.516+0000] {dagbag.py:545} INFO - Filling up the DagBag from /opt/airflow/dags/dynamic_etl_dag.py
[2026-05-08T05:22:23.228+0000] {processor.py:840} INFO - DAG(s) 'dynamic_etl_framework' retrieved from /opt/airflow/dags/dynamic_etl_dag.py
[2026-05-08T05:22:23.375+0000] {logging_mixin.py:188} INFO - [2026-05-08T05:22:23.374+0000] {dag.py:3096} INFO - Sync 1 DAGs
[2026-05-08T05:22:23.393+0000] {logging_mixin.py:188} INFO - [2026-05-08T05:22:23.393+0000] {dag.py:3954} INFO - Setting next_dagrun for dynamic_etl_framework to 2026-05-08 00:00:00+00:00, run_after=2026-05-09 00:00:00+00:00
[2026-05-08T05:22:23.427+0000] {processor.py:183} INFO - Processing /opt/airflow/dags/dynamic_etl_dag.py took 0.921 seconds
[2026-05-08T05:22:53.864+0000] {processor.py:161} INFO - Started process (PID=801) to work on /opt/airflow/dags/dynamic_etl_dag.py
[2026-05-08T05:22:53.865+0000] {processor.py:830} INFO - Processing file /opt/airflow/dags/dynamic_etl_dag.py for tasks to queue
[2026-05-08T05:22:53.867+0000] {logging_mixin.py:188} INFO - [2026-05-08T05:22:53.867+0000] {dagbag.py:545} INFO - Filling up the DagBag from /opt/airflow/dags/dynamic_etl_dag.py
[2026-05-08T05:22:54.511+0000] {processor.py:840} INFO - DAG(s) 'dynamic_etl_framework' retrieved from /opt/airflow/dags/dynamic_etl_dag.py
[2026-05-08T05:22:54.647+0000] {logging_mixin.py:188} INFO - [2026-05-08T05:22:54.646+0000] {dag.py:3096} INFO - Sync 1 DAGs
[2026-05-08T05:22:54.668+0000] {logging_mixin.py:188} INFO - [2026-05-08T05:22:54.668+0000] {dag.py:3954} INFO - Setting next_dagrun for dynamic_etl_framework to 2026-05-08 00:00:00+00:00, run_after=2026-05-09 00:00:00+00:00
[2026-05-08T05:22:54.703+0000] {processor.py:183} INFO - Processing /opt/airflow/dags/dynamic_etl_dag.py took 0.844 seconds
[2026-05-08T05:23:25.210+0000] {processor.py:161} INFO - Started process (PID=807) to work on /opt/airflow/dags/dynamic_etl_dag.py
[2026-05-08T05:23:25.211+0000] {processor.py:830} INFO - Processing file /opt/airflow/dags/dynamic_etl_dag.py for tasks to queue
[2026-05-08T05:23:25.212+0000] {logging_mixin.py:188} INFO - [2026-05-08T05:23:25.212+0000] {dagbag.py:545} INFO - Filling up the DagBag from /opt/airflow/dags/dynamic_etl_dag.py
[2026-05-08T05:23:25.928+0000] {processor.py:840} INFO - DAG(s) 'dynamic_etl_framework' retrieved from /opt/airflow/dags/dynamic_etl_dag.py
[2026-05-08T05:23:26.076+0000] {logging_mixin.py:188} INFO - [2026-05-08T05:23:26.075+0000] {dag.py:3096} INFO - Sync 1 DAGs
[2026-05-08T05:23:26.094+0000] {logging_mixin.py:188} INFO - [2026-05-08T05:23:26.094+0000] {dag.py:3954} INFO - Setting next_dagrun for dynamic_etl_framework to 2026-05-08 00:00:00+00:00, run_after=2026-05-09 00:00:00+00:00
[2026-05-08T05:23:26.123+0000] {processor.py:183} INFO - Processing /opt/airflow/dags/dynamic_etl_dag.py took 0.918 seconds
[2026-05-08T05:23:56.570+0000] {processor.py:161} INFO - Started process (PID=813) to work on /opt/airflow/dags/dynamic_etl_dag.py
[2026-05-08T05:23:56.573+0000] {processor.py:830} INFO - Processing file /opt/airflow/dags/dynamic_etl_dag.py for tasks to queue
[2026-05-08T05:23:56.575+0000] {logging_mixin.py:188} INFO - [2026-05-08T05:23:56.574+0000] {dagbag.py:545} INFO - Filling up the DagBag from /opt/airflow/dags/dynamic_etl_dag.py
[2026-05-08T05:23:57.372+0000] {processor.py:840} INFO - DAG(s) 'dynamic_etl_framework' retrieved from /opt/airflow/dags/dynamic_etl_dag.py
[2026-05-08T05:23:57.545+0000] {logging_mixin.py:188} INFO - [2026-05-08T05:23:57.543+0000] {dag.py:3096} INFO - Sync 1 DAGs
[2026-05-08T05:23:57.571+0000] {logging_mixin.py:188} INFO - [2026-05-08T05:23:57.571+0000] {dag.py:3954} INFO - Setting next_dagrun for dynamic_etl_framework to 2026-05-08 00:00:00+00:00, run_after=2026-05-09 00:00:00+00:00
[2026-05-08T05:23:57.612+0000] {processor.py:183} INFO - Processing /opt/airflow/dags/dynamic_etl_dag.py took 1.053 seconds
[2026-05-08T05:24:27.950+0000] {processor.py:161} INFO - Started process (PID=819) to work on /opt/airflow/dags/dynamic_etl_dag.py
[2026-05-08T05:24:27.951+0000] {processor.py:830} INFO - Processing file /opt/airflow/dags/dynamic_etl_dag.py for tasks to queue
[2026-05-08T05:24:27.953+0000] {logging_mixin.py:188} INFO - [2026-05-08T05:24:27.953+0000] {dagbag.py:545} INFO - Filling up the DagBag from /opt/airflow/dags/dynamic_etl_dag.py
[2026-05-08T05:24:28.667+0000] {processor.py:840} INFO - DAG(s) 'dynamic_etl_framework' retrieved from /opt/airflow/dags/dynamic_etl_dag.py
[2026-05-08T05:24:28.830+0000] {logging_mixin.py:188} INFO - [2026-05-08T05:24:28.830+0000] {dag.py:3096} INFO - Sync 1 DAGs
[2026-05-08T05:24:28.852+0000] {logging_mixin.py:188} INFO - [2026-05-08T05:24:28.852+0000] {dag.py:3954} INFO - Setting next_dagrun for dynamic_etl_framework to 2026-05-08 00:00:00+00:00, run_after=2026-05-09 00:00:00+00:00
[2026-05-08T05:24:28.891+0000] {processor.py:183} INFO - Processing /opt/airflow/dags/dynamic_etl_dag.py took 0.947 seconds
[2026-05-08T05:24:59.308+0000] {processor.py:161} INFO - Started process (PID=825) to work on /opt/airflow/dags/dynamic_etl_dag.py
[2026-05-08T05:24:59.309+0000] {processor.py:830} INFO - Processing file /opt/airflow/dags/dynamic_etl_dag.py for tasks to queue
[2026-05-08T05:24:59.311+0000] {logging_mixin.py:188} INFO - [2026-05-08T05:24:59.311+0000] {dagbag.py:545} INFO - Filling up the DagBag from /opt/airflow/dags/dynamic_etl_dag.py
[2026-05-08T05:24:59.991+0000] {processor.py:840} INFO - DAG(s) 'dynamic_etl_framework' retrieved from /opt/airflow/dags/dynamic_etl_dag.py
[2026-05-08T05:25:00.135+0000] {logging_mixin.py:188} INFO - [2026-05-08T05:25:00.134+0000] {dag.py:3096} INFO - Sync 1 DAGs
[2026-05-08T05:25:00.153+0000] {logging_mixin.py:188} INFO - [2026-05-08T05:25:00.152+0000] {dag.py:3954} INFO - Setting next_dagrun for dynamic_etl_framework to 2026-05-08 00:00:00+00:00, run_after=2026-05-09 00:00:00+00:00
[2026-05-08T05:25:00.181+0000] {processor.py:183} INFO - Processing /opt/airflow/dags/dynamic_etl_dag.py took 0.878 seconds
[2026-05-08T05:25:30.578+0000] {processor.py:161} INFO - Started process (PID=831) to work on /opt/airflow/dags/dynamic_etl_dag.py
[2026-05-08T05:25:30.579+0000] {processor.py:830} INFO - Processing file /opt/airflow/dags/dynamic_etl_dag.py for tasks to queue
[2026-05-08T05:25:30.580+0000] {logging_mixin.py:188} INFO - [2026-05-08T05:25:30.580+0000] {dagbag.py:545} INFO - Filling up the DagBag from /opt/airflow/dags/dynamic_etl_dag.py
[2026-05-08T05:25:31.252+0000] {processor.py:840} INFO - DAG(s) 'dynamic_etl_framework' retrieved from /opt/airflow/dags/dynamic_etl_dag.py
[2026-05-08T05:25:31.405+0000] {logging_mixin.py:188} INFO - [2026-05-08T05:25:31.404+0000] {dag.py:3096} INFO - Sync 1 DAGs
[2026-05-08T05:25:31.423+0000] {logging_mixin.py:188} INFO - [2026-05-08T05:25:31.423+0000] {dag.py:3954} INFO - Setting next_dagrun for dynamic_etl_framework to 2026-05-08 00:00:00+00:00, run_after=2026-05-09 00:00:00+00:00
[2026-05-08T05:25:31.453+0000] {processor.py:183} INFO - Processing /opt/airflow/dags/dynamic_etl_dag.py took 0.879 seconds
[2026-05-08T05:26:01.884+0000] {processor.py:161} INFO - Started process (PID=837) to work on /opt/airflow/dags/dynamic_etl_dag.py
[2026-05-08T05:26:01.885+0000] {processor.py:830} INFO - Processing file /opt/airflow/dags/dynamic_etl_dag.py for tasks to queue
[2026-05-08T05:26:01.887+0000] {logging_mixin.py:188} INFO - [2026-05-08T05:26:01.887+0000] {dagbag.py:545} INFO - Filling up the DagBag from /opt/airflow/dags/dynamic_etl_dag.py
[2026-05-08T05:26:02.639+0000] {processor.py:840} INFO - DAG(s) 'dynamic_etl_framework' retrieved from /opt/airflow/dags/dynamic_etl_dag.py
[2026-05-08T05:26:02.788+0000] {logging_mixin.py:188} INFO - [2026-05-08T05:26:02.787+0000] {dag.py:3096} INFO - Sync 1 DAGs
[2026-05-08T05:26:02.806+0000] {logging_mixin.py:188} INFO - [2026-05-08T05:26:02.806+0000] {dag.py:3954} INFO - Setting next_dagrun for dynamic_etl_framework to 2026-05-08 00:00:00+00:00, run_after=2026-05-09 00:00:00+00:00
[2026-05-08T05:26:02.836+0000] {processor.py:183} INFO - Processing /opt/airflow/dags/dynamic_etl_dag.py took 0.957 seconds
[2026-05-08T05:26:33.343+0000] {processor.py:161} INFO - Started process (PID=843) to work on /opt/airflow/dags/dynamic_etl_dag.py
[2026-05-08T05:26:33.346+0000] {processor.py:830} INFO - Processing file /opt/airflow/dags/dynamic_etl_dag.py for tasks to queue
[2026-05-08T05:26:33.348+0000] {logging_mixin.py:188} INFO - [2026-05-08T05:26:33.348+0000] {dagbag.py:545} INFO - Filling up the DagBag from /opt/airflow/dags/dynamic_etl_dag.py
[2026-05-08T05:26:34.111+0000] {processor.py:840} INFO - DAG(s) 'dynamic_etl_framework' retrieved from /opt/airflow/dags/dynamic_etl_dag.py
[2026-05-08T05:26:34.261+0000] {logging_mixin.py:188} INFO - [2026-05-08T05:26:34.261+0000] {dag.py:3096} INFO - Sync 1 DAGs
[2026-05-08T05:26:34.282+0000] {logging_mixin.py:188} INFO - [2026-05-08T05:26:34.281+0000] {dag.py:3954} INFO - Setting next_dagrun for dynamic_etl_framework to 2026-05-08 00:00:00+00:00, run_after=2026-05-09 00:00:00+00:00
[2026-05-08T05:26:34.312+0000] {processor.py:183} INFO - Processing /opt/airflow/dags/dynamic_etl_dag.py took 0.973 seconds
[2026-05-08T05:27:04.702+0000] {processor.py:161} INFO - Started process (PID=849) to work on /opt/airflow/dags/dynamic_etl_dag.py
[2026-05-08T05:27:04.704+0000] {processor.py:830} INFO - Processing file /opt/airflow/dags/dynamic_etl_dag.py for tasks to queue
[2026-05-08T05:27:04.706+0000] {logging_mixin.py:188} INFO - [2026-05-08T05:27:04.706+0000] {dagbag.py:545} INFO - Filling up the DagBag from /opt/airflow/dags/dynamic_etl_dag.py
[2026-05-08T05:27:05.537+0000] {processor.py:840} INFO - DAG(s) 'dynamic_etl_framework' retrieved from /opt/airflow/dags/dynamic_etl_dag.py
[2026-05-08T05:27:05.704+0000] {logging_mixin.py:188} INFO - [2026-05-08T05:27:05.702+0000] {dag.py:3096} INFO - Sync 1 DAGs
[2026-05-08T05:27:05.724+0000] {logging_mixin.py:188} INFO - [2026-05-08T05:27:05.724+0000] {dag.py:3954} INFO - Setting next_dagrun for dynamic_etl_framework to 2026-05-08 00:00:00+00:00, run_after=2026-05-09 00:00:00+00:00
[2026-05-08T05:27:05.767+0000] {processor.py:183} INFO - Processing /opt/airflow/dags/dynamic_etl_dag.py took 1.070 seconds
[2026-05-08T05:27:36.170+0000] {processor.py:161} INFO - Started process (PID=855) to work on /opt/airflow/dags/dynamic_etl_dag.py
[2026-05-08T05:27:36.171+0000] {processor.py:830} INFO - Processing file /opt/airflow/dags/dynamic_etl_dag.py for tasks to queue
[2026-05-08T05:27:36.172+0000] {logging_mixin.py:188} INFO - [2026-05-08T05:27:36.172+0000] {dagbag.py:545} INFO - Filling up the DagBag from /opt/airflow/dags/dynamic_etl_dag.py
[2026-05-08T05:27:36.854+0000] {processor.py:840} INFO - DAG(s) 'dynamic_etl_framework' retrieved from /opt/airflow/dags/dynamic_etl_dag.py
[2026-05-08T05:27:37.012+0000] {logging_mixin.py:188} INFO - [2026-05-08T05:27:37.011+0000] {dag.py:3096} INFO - Sync 1 DAGs
[2026-05-08T05:27:37.036+0000] {logging_mixin.py:188} INFO - [2026-05-08T05:27:37.036+0000] {dag.py:3954} INFO - Setting next_dagrun for dynamic_etl_framework to 2026-05-08 00:00:00+00:00, run_after=2026-05-09 00:00:00+00:00
[2026-05-08T05:27:37.068+0000] {processor.py:183} INFO - Processing /opt/airflow/dags/dynamic_etl_dag.py took 0.903 seconds
[2026-05-08T05:28:07.701+0000] {processor.py:161} INFO - Started process (PID=861) to work on /opt/airflow/dags/dynamic_etl_dag.py
[2026-05-08T05:28:07.702+0000] {processor.py:830} INFO - Processing file /opt/airflow/dags/dynamic_etl_dag.py for tasks to queue
[2026-05-08T05:28:07.704+0000] {logging_mixin.py:188} INFO - [2026-05-08T05:28:07.704+0000] {dagbag.py:545} INFO - Filling up the DagBag from /opt/airflow/dags/dynamic_etl_dag.py
[2026-05-08T05:28:08.471+0000] {processor.py:840} INFO - DAG(s) 'dynamic_etl_framework' retrieved from /opt/airflow/dags/dynamic_etl_dag.py
[2026-05-08T05:28:08.617+0000] {logging_mixin.py:188} INFO - [2026-05-08T05:28:08.617+0000] {dag.py:3096} INFO - Sync 1 DAGs
[2026-05-08T05:28:08.637+0000] {logging_mixin.py:188} INFO - [2026-05-08T05:28:08.637+0000] {dag.py:3954} INFO - Setting next_dagrun for dynamic_etl_framework to 2026-05-08 00:00:00+00:00, run_after=2026-05-09 00:00:00+00:00
[2026-05-08T05:28:08.670+0000] {processor.py:183} INFO - Processing /opt/airflow/dags/dynamic_etl_dag.py took 0.973 seconds
[2026-05-08T05:28:39.080+0000] {processor.py:161} INFO - Started process (PID=867) to work on /opt/airflow/dags/dynamic_etl_dag.py
[2026-05-08T05:28:39.081+0000] {processor.py:830} INFO - Processing file /opt/airflow/dags/dynamic_etl_dag.py for tasks to queue
[2026-05-08T05:28:39.083+0000] {logging_mixin.py:188} INFO - [2026-05-08T05:28:39.083+0000] {dagbag.py:545} INFO - Filling up the DagBag from /opt/airflow/dags/dynamic_etl_dag.py
[2026-05-08T05:28:39.725+0000] {processor.py:840} INFO - DAG(s) 'dynamic_etl_framework' retrieved from /opt/airflow/dags/dynamic_etl_dag.py
[2026-05-08T05:28:39.856+0000] {logging_mixin.py:188} INFO - [2026-05-08T05:28:39.856+0000] {dag.py:3096} INFO - Sync 1 DAGs
[2026-05-08T05:28:39.874+0000] {logging_mixin.py:188} INFO - [2026-05-08T05:28:39.874+0000] {dag.py:3954} INFO - Setting next_dagrun for dynamic_etl_framework to 2026-05-08 00:00:00+00:00, run_after=2026-05-09 00:00:00+00:00
[2026-05-08T05:28:39.904+0000] {processor.py:183} INFO - Processing /opt/airflow/dags/dynamic_etl_dag.py took 0.828 seconds
[2026-05-08T05:29:10.375+0000] {processor.py:161} INFO - Started process (PID=873) to work on /opt/airflow/dags/dynamic_etl_dag.py
[2026-05-08T05:29:10.376+0000] {processor.py:830} INFO - Processing file /opt/airflow/dags/dynamic_etl_dag.py for tasks to queue
[2026-05-08T05:29:10.378+0000] {logging_mixin.py:188} INFO - [2026-05-08T05:29:10.378+0000] {dagbag.py:545} INFO - Filling up the DagBag from /opt/airflow/dags/dynamic_etl_dag.py
[2026-05-08T05:29:11.074+0000] {processor.py:840} INFO - DAG(s) 'dynamic_etl_framework' retrieved from /opt/airflow/dags/dynamic_etl_dag.py
[2026-05-08T05:29:11.215+0000] {logging_mixin.py:188} INFO - [2026-05-08T05:29:11.214+0000] {dag.py:3096} INFO - Sync 1 DAGs
[2026-05-08T05:29:11.233+0000] {logging_mixin.py:188} INFO - [2026-05-08T05:29:11.233+0000] {dag.py:3954} INFO - Setting next_dagrun for dynamic_etl_framework to 2026-05-08 00:00:00+00:00, run_after=2026-05-09 00:00:00+00:00
[2026-05-08T05:29:11.261+0000] {processor.py:183} INFO - Processing /opt/airflow/dags/dynamic_etl_dag.py took 0.890 seconds
[2026-05-08T05:29:41.668+0000] {processor.py:161} INFO - Started process (PID=879) to work on /opt/airflow/dags/dynamic_etl_dag.py
[2026-05-08T05:29:41.669+0000] {processor.py:830} INFO - Processing file /opt/airflow/dags/dynamic_etl_dag.py for tasks to queue
[2026-05-08T05:29:41.671+0000] {logging_mixin.py:188} INFO - [2026-05-08T05:29:41.670+0000] {dagbag.py:545} INFO - Filling up the DagBag from /opt/airflow/dags/dynamic_etl_dag.py
[2026-05-08T05:29:42.317+0000] {processor.py:840} INFO - DAG(s) 'dynamic_etl_framework' retrieved from /opt/airflow/dags/dynamic_etl_dag.py
[2026-05-08T05:29:42.460+0000] {logging_mixin.py:188} INFO - [2026-05-08T05:29:42.460+0000] {dag.py:3096} INFO - Sync 1 DAGs
[2026-05-08T05:29:42.481+0000] {logging_mixin.py:188} INFO - [2026-05-08T05:29:42.481+0000] {dag.py:3954} INFO - Setting next_dagrun for dynamic_etl_framework to 2026-05-08 00:00:00+00:00, run_after=2026-05-09 00:00:00+00:00
[2026-05-08T05:29:42.510+0000] {processor.py:183} INFO - Processing /opt/airflow/dags/dynamic_etl_dag.py took 0.847 seconds
[2026-05-08T05:30:12.856+0000] {processor.py:161} INFO - Started process (PID=885) to work on /opt/airflow/dags/dynamic_etl_dag.py
[2026-05-08T05:30:12.860+0000] {processor.py:830} INFO - Processing file /opt/airflow/dags/dynamic_etl_dag.py for tasks to queue
[2026-05-08T05:30:12.862+0000] {logging_mixin.py:188} INFO - [2026-05-08T05:30:12.862+0000] {dagbag.py:545} INFO - Filling up the DagBag from /opt/airflow/dags/dynamic_etl_dag.py
[2026-05-08T05:30:13.514+0000] {processor.py:840} INFO - DAG(s) 'dynamic_etl_framework' retrieved from /opt/airflow/dags/dynamic_etl_dag.py
[2026-05-08T05:30:13.671+0000] {logging_mixin.py:188} INFO - [2026-05-08T05:30:13.669+0000] {dag.py:3096} INFO - Sync 1 DAGs
[2026-05-08T05:30:13.700+0000] {logging_mixin.py:188} INFO - [2026-05-08T05:30:13.699+0000] {dag.py:3954} INFO - Setting next_dagrun for dynamic_etl_framework to 2026-05-08 00:00:00+00:00, run_after=2026-05-09 00:00:00+00:00
[2026-05-08T05:30:13.740+0000] {processor.py:183} INFO - Processing /opt/airflow/dags/dynamic_etl_dag.py took 0.889 seconds
[2026-05-08T05:30:44.150+0000] {processor.py:161} INFO - Started process (PID=891) to work on /opt/airflow/dags/dynamic_etl_dag.py
[2026-05-08T05:30:44.151+0000] {processor.py:830} INFO - Processing file /opt/airflow/dags/dynamic_etl_dag.py for tasks to queue
[2026-05-08T05:30:44.153+0000] {logging_mixin.py:188} INFO - [2026-05-08T05:30:44.153+0000] {dagbag.py:545} INFO - Filling up the DagBag from /opt/airflow/dags/dynamic_etl_dag.py
[2026-05-08T05:30:44.856+0000] {processor.py:840} INFO - DAG(s) 'dynamic_etl_framework' retrieved from /opt/airflow/dags/dynamic_etl_dag.py
[2026-05-08T05:30:45.002+0000] {logging_mixin.py:188} INFO - [2026-05-08T05:30:45.002+0000] {dag.py:3096} INFO - Sync 1 DAGs
[2026-05-08T05:30:45.021+0000] {logging_mixin.py:188} INFO - [2026-05-08T05:30:45.021+0000] {dag.py:3954} INFO - Setting next_dagrun for dynamic_etl_framework to 2026-05-08 00:00:00+00:00, run_after=2026-05-09 00:00:00+00:00
[2026-05-08T05:30:45.050+0000] {processor.py:183} INFO - Processing /opt/airflow/dags/dynamic_etl_dag.py took 0.906 seconds
[2026-05-08T05:31:15.537+0000] {processor.py:161} INFO - Started process (PID=897) to work on /opt/airflow/dags/dynamic_etl_dag.py
[2026-05-08T05:31:15.544+0000] {processor.py:830} INFO - Processing file /opt/airflow/dags/dynamic_etl_dag.py for tasks to queue
[2026-05-08T05:31:15.547+0000] {logging_mixin.py:188} INFO - [2026-05-08T05:31:15.546+0000] {dagbag.py:545} INFO - Filling up the DagBag from /opt/airflow/dags/dynamic_etl_dag.py
[2026-05-08T05:31:16.268+0000] {processor.py:840} INFO - DAG(s) 'dynamic_etl_framework' retrieved from /opt/airflow/dags/dynamic_etl_dag.py
[2026-05-08T05:31:16.537+0000] {logging_mixin.py:188} INFO - [2026-05-08T05:31:16.536+0000] {dag.py:3096} INFO - Sync 1 DAGs
[2026-05-08T05:31:16.556+0000] {logging_mixin.py:188} INFO - [2026-05-08T05:31:16.556+0000] {dag.py:3954} INFO - Setting next_dagrun for dynamic_etl_framework to 2026-05-08 00:00:00+00:00, run_after=2026-05-09 00:00:00+00:00
[2026-05-08T05:31:16.585+0000] {processor.py:183} INFO - Processing /opt/airflow/dags/dynamic_etl_dag.py took 1.054 seconds
[2026-05-08T05:31:46.983+0000] {processor.py:161} INFO - Started process (PID=903) to work on /opt/airflow/dags/dynamic_etl_dag.py
[2026-05-08T05:31:46.984+0000] {processor.py:830} INFO - Processing file /opt/airflow/dags/dynamic_etl_dag.py for tasks to queue
[2026-05-08T05:31:46.985+0000] {logging_mixin.py:188} INFO - [2026-05-08T05:31:46.985+0000] {dagbag.py:545} INFO - Filling up the DagBag from /opt/airflow/dags/dynamic_etl_dag.py
[2026-05-08T05:31:47.643+0000] {processor.py:840} INFO - DAG(s) 'dynamic_etl_framework' retrieved from /opt/airflow/dags/dynamic_etl_dag.py
[2026-05-08T05:31:47.791+0000] {logging_mixin.py:188} INFO - [2026-05-08T05:31:47.790+0000] {dag.py:3096} INFO - Sync 1 DAGs
[2026-05-08T05:31:47.814+0000] {logging_mixin.py:188} INFO - [2026-05-08T05:31:47.814+0000] {dag.py:3954} INFO - Setting next_dagrun for dynamic_etl_framework to 2026-05-08 00:00:00+00:00, run_after=2026-05-09 00:00:00+00:00
[2026-05-08T05:31:47.853+0000] {processor.py:183} INFO - Processing /opt/airflow/dags/dynamic_etl_dag.py took 0.875 seconds
[2026-05-08T05:32:18.389+0000] {processor.py:161} INFO - Started process (PID=909) to work on /opt/airflow/dags/dynamic_etl_dag.py
[2026-05-08T05:32:18.390+0000] {processor.py:830} INFO - Processing file /opt/airflow/dags/dynamic_etl_dag.py for tasks to queue
[2026-05-08T05:32:18.392+0000] {logging_mixin.py:188} INFO - [2026-05-08T05:32:18.392+0000] {dagbag.py:545} INFO - Filling up the DagBag from /opt/airflow/dags/dynamic_etl_dag.py
[2026-05-08T05:32:19.506+0000] {processor.py:840} INFO - DAG(s) 'dynamic_etl_framework' retrieved from /opt/airflow/dags/dynamic_etl_dag.py
[2026-05-08T05:32:19.714+0000] {logging_mixin.py:188} INFO - [2026-05-08T05:32:19.713+0000] {dag.py:3096} INFO - Sync 1 DAGs
[2026-05-08T05:32:19.743+0000] {logging_mixin.py:188} INFO - [2026-05-08T05:32:19.743+0000] {dag.py:3954} INFO - Setting next_dagrun for dynamic_etl_framework to 2026-05-08 00:00:00+00:00, run_after=2026-05-09 00:00:00+00:00
[2026-05-08T05:32:19.792+0000] {processor.py:183} INFO - Processing /opt/airflow/dags/dynamic_etl_dag.py took 1.410 seconds
[2026-05-08T05:32:50.269+0000] {processor.py:161} INFO - Started process (PID=915) to work on /opt/airflow/dags/dynamic_etl_dag.py
[2026-05-08T05:32:50.274+0000] {processor.py:830} INFO - Processing file /opt/airflow/dags/dynamic_etl_dag.py for tasks to queue
[2026-05-08T05:32:50.280+0000] {logging_mixin.py:188} INFO - [2026-05-08T05:32:50.279+0000] {dagbag.py:545} INFO - Filling up the DagBag from /opt/airflow/dags/dynamic_etl_dag.py
[2026-05-08T05:32:51.565+0000] {processor.py:840} INFO - DAG(s) 'dynamic_etl_framework' retrieved from /opt/airflow/dags/dynamic_etl_dag.py
[2026-05-08T05:32:51.806+0000] {logging_mixin.py:188} INFO - [2026-05-08T05:32:51.806+0000] {dag.py:3096} INFO - Sync 1 DAGs
[2026-05-08T05:32:51.844+0000] {logging_mixin.py:188} INFO - [2026-05-08T05:32:51.844+0000] {dag.py:3954} INFO - Setting next_dagrun for dynamic_etl_framework to 2026-05-08 00:00:00+00:00, run_after=2026-05-09 00:00:00+00:00
[2026-05-08T05:32:51.917+0000] {processor.py:183} INFO - Processing /opt/airflow/dags/dynamic_etl_dag.py took 1.660 seconds
[2026-05-08T05:33:22.579+0000] {processor.py:161} INFO - Started process (PID=921) to work on /opt/airflow/dags/dynamic_etl_dag.py
[2026-05-08T05:33:22.581+0000] {processor.py:830} INFO - Processing file /opt/airflow/dags/dynamic_etl_dag.py for tasks to queue
[2026-05-08T05:33:22.586+0000] {logging_mixin.py:188} INFO - [2026-05-08T05:33:22.586+0000] {dagbag.py:545} INFO - Filling up the DagBag from /opt/airflow/dags/dynamic_etl_dag.py
[2026-05-08T05:33:23.547+0000] {processor.py:840} INFO - DAG(s) 'dynamic_etl_framework' retrieved from /opt/airflow/dags/dynamic_etl_dag.py
[2026-05-08T05:33:23.758+0000] {logging_mixin.py:188} INFO - [2026-05-08T05:33:23.755+0000] {dag.py:3096} INFO - Sync 1 DAGs
[2026-05-08T05:33:23.793+0000] {logging_mixin.py:188} INFO - [2026-05-08T05:33:23.792+0000] {dag.py:3954} INFO - Setting next_dagrun for dynamic_etl_framework to 2026-05-08 00:00:00+00:00, run_after=2026-05-09 00:00:00+00:00
[2026-05-08T05:33:23.844+0000] {processor.py:183} INFO - Processing /opt/airflow/dags/dynamic_etl_dag.py took 1.274 seconds
[2026-05-08T05:33:54.056+0000] {processor.py:161} INFO - Started process (PID=927) to work on /opt/airflow/dags/dynamic_etl_dag.py
[2026-05-08T05:33:54.059+0000] {processor.py:830} INFO - Processing file /opt/airflow/dags/dynamic_etl_dag.py for tasks to queue
[2026-05-08T05:33:54.062+0000] {logging_mixin.py:188} INFO - [2026-05-08T05:33:54.062+0000] {dagbag.py:545} INFO - Filling up the DagBag from /opt/airflow/dags/dynamic_etl_dag.py
[2026-05-08T05:33:55.273+0000] {processor.py:840} INFO - DAG(s) 'dynamic_etl_framework' retrieved from /opt/airflow/dags/dynamic_etl_dag.py
[2026-05-08T05:33:55.506+0000] {logging_mixin.py:188} INFO - [2026-05-08T05:33:55.505+0000] {dag.py:3096} INFO - Sync 1 DAGs
[2026-05-08T05:33:55.540+0000] {logging_mixin.py:188} INFO - [2026-05-08T05:33:55.540+0000] {dag.py:3954} INFO - Setting next_dagrun for dynamic_etl_framework to 2026-05-08 00:00:00+00:00, run_after=2026-05-09 00:00:00+00:00
[2026-05-08T05:33:55.610+0000] {processor.py:183} INFO - Processing /opt/airflow/dags/dynamic_etl_dag.py took 1.566 seconds
[2026-05-08T05:34:25.939+0000] {processor.py:161} INFO - Started process (PID=933) to work on /opt/airflow/dags/dynamic_etl_dag.py
[2026-05-08T05:34:25.941+0000] {processor.py:830} INFO - Processing file /opt/airflow/dags/dynamic_etl_dag.py for tasks to queue
[2026-05-08T05:34:25.944+0000] {logging_mixin.py:188} INFO - [2026-05-08T05:34:25.944+0000] {dagbag.py:545} INFO - Filling up the DagBag from /opt/airflow/dags/dynamic_etl_dag.py
[2026-05-08T05:34:27.079+0000] {processor.py:840} INFO - DAG(s) 'dynamic_etl_framework' retrieved from /opt/airflow/dags/dynamic_etl_dag.py
[2026-05-08T05:34:27.278+0000] {logging_mixin.py:188} INFO - [2026-05-08T05:34:27.277+0000] {dag.py:3096} INFO - Sync 1 DAGs
[2026-05-08T05:34:27.301+0000] {logging_mixin.py:188} INFO - [2026-05-08T05:34:27.301+0000] {dag.py:3954} INFO - Setting next_dagrun for dynamic_etl_framework to 2026-05-08 00:00:00+00:00, run_after=2026-05-09 00:00:00+00:00
[2026-05-08T05:34:27.342+0000] {processor.py:183} INFO - Processing /opt/airflow/dags/dynamic_etl_dag.py took 1.411 seconds
[2026-05-08T05:34:57.839+0000] {processor.py:161} INFO - Started process (PID=939) to work on /opt/airflow/dags/dynamic_etl_dag.py
[2026-05-08T05:34:57.841+0000] {processor.py:830} INFO - Processing file /opt/airflow/dags/dynamic_etl_dag.py for tasks to queue
[2026-05-08T05:34:57.844+0000] {logging_mixin.py:188} INFO - [2026-05-08T05:34:57.843+0000] {dagbag.py:545} INFO - Filling up the DagBag from /opt/airflow/dags/dynamic_etl_dag.py
[2026-05-08T05:34:58.927+0000] {processor.py:840} INFO - DAG(s) 'dynamic_etl_framework' retrieved from /opt/airflow/dags/dynamic_etl_dag.py
[2026-05-08T05:34:59.109+0000] {logging_mixin.py:188} INFO - [2026-05-08T05:34:59.108+0000] {dag.py:3096} INFO - Sync 1 DAGs
[2026-05-08T05:34:59.212+0000] {logging_mixin.py:188} INFO - [2026-05-08T05:34:59.212+0000] {dag.py:3954} INFO - Setting next_dagrun for dynamic_etl_framework to 2026-05-08 00:00:00+00:00, run_after=2026-05-09 00:00:00+00:00
[2026-05-08T05:34:59.266+0000] {processor.py:183} INFO - Processing /opt/airflow/dags/dynamic_etl_dag.py took 1.435 seconds
[2026-05-08T05:35:29.526+0000] {processor.py:161} INFO - Started process (PID=945) to work on /opt/airflow/dags/dynamic_etl_dag.py
[2026-05-08T05:35:29.527+0000] {processor.py:830} INFO - Processing file /opt/airflow/dags/dynamic_etl_dag.py for tasks to queue
[2026-05-08T05:35:29.530+0000] {logging_mixin.py:188} INFO - [2026-05-08T05:35:29.529+0000] {dagbag.py:545} INFO - Filling up the DagBag from /opt/airflow/dags/dynamic_etl_dag.py
[2026-05-08T05:35:30.474+0000] {processor.py:840} INFO - DAG(s) 'dynamic_etl_framework' retrieved from /opt/airflow/dags/dynamic_etl_dag.py
[2026-05-08T05:35:30.717+0000] {logging_mixin.py:188} INFO - [2026-05-08T05:35:30.717+0000] {dag.py:3096} INFO - Sync 1 DAGs
[2026-05-08T05:35:30.742+0000] {logging_mixin.py:188} INFO - [2026-05-08T05:35:30.742+0000] {dag.py:3954} INFO - Setting next_dagrun for dynamic_etl_framework to 2026-05-08 00:00:00+00:00, run_after=2026-05-09 00:00:00+00:00
[2026-05-08T05:35:30.784+0000] {processor.py:183} INFO - Processing /opt/airflow/dags/dynamic_etl_dag.py took 1.268 seconds
[2026-05-08T05:36:01.068+0000] {processor.py:161} INFO - Started process (PID=951) to work on /opt/airflow/dags/dynamic_etl_dag.py
[2026-05-08T05:36:01.070+0000] {processor.py:830} INFO - Processing file /opt/airflow/dags/dynamic_etl_dag.py for tasks to queue
[2026-05-08T05:36:01.072+0000] {logging_mixin.py:188} INFO - [2026-05-08T05:36:01.071+0000] {dagbag.py:545} INFO - Filling up the DagBag from /opt/airflow/dags/dynamic_etl_dag.py
[2026-05-08T05:36:02.081+0000] {processor.py:840} INFO - DAG(s) 'dynamic_etl_framework' retrieved from /opt/airflow/dags/dynamic_etl_dag.py
[2026-05-08T05:36:02.280+0000] {logging_mixin.py:188} INFO - [2026-05-08T05:36:02.280+0000] {dag.py:3096} INFO - Sync 1 DAGs
[2026-05-08T05:36:02.314+0000] {logging_mixin.py:188} INFO - [2026-05-08T05:36:02.313+0000] {dag.py:3954} INFO - Setting next_dagrun for dynamic_etl_framework to 2026-05-08 00:00:00+00:00, run_after=2026-05-09 00:00:00+00:00
[2026-05-08T05:36:02.376+0000] {processor.py:183} INFO - Processing /opt/airflow/dags/dynamic_etl_dag.py took 1.315 seconds
[2026-05-08T05:36:32.785+0000] {processor.py:161} INFO - Started process (PID=957) to work on /opt/airflow/dags/dynamic_etl_dag.py
[2026-05-08T05:36:32.787+0000] {processor.py:830} INFO - Processing file /opt/airflow/dags/dynamic_etl_dag.py for tasks to queue
[2026-05-08T05:36:32.790+0000] {logging_mixin.py:188} INFO - [2026-05-08T05:36:32.790+0000] {dagbag.py:545} INFO - Filling up the DagBag from /opt/airflow/dags/dynamic_etl_dag.py
[2026-05-08T05:36:33.970+0000] {processor.py:840} INFO - DAG(s) 'dynamic_etl_framework' retrieved from /opt/airflow/dags/dynamic_etl_dag.py
[2026-05-08T05:36:34.157+0000] {logging_mixin.py:188} INFO - [2026-05-08T05:36:34.157+0000] {dag.py:3096} INFO - Sync 1 DAGs
[2026-05-08T05:36:34.185+0000] {logging_mixin.py:188} INFO - [2026-05-08T05:36:34.184+0000] {dag.py:3954} INFO - Setting next_dagrun for dynamic_etl_framework to 2026-05-08 00:00:00+00:00, run_after=2026-05-09 00:00:00+00:00
[2026-05-08T05:36:34.228+0000] {processor.py:183} INFO - Processing /opt/airflow/dags/dynamic_etl_dag.py took 1.453 seconds
[2026-05-08T05:37:04.793+0000] {processor.py:161} INFO - Started process (PID=963) to work on /opt/airflow/dags/dynamic_etl_dag.py
[2026-05-08T05:37:04.795+0000] {processor.py:830} INFO - Processing file /opt/airflow/dags/dynamic_etl_dag.py for tasks to queue
[2026-05-08T05:37:04.798+0000] {logging_mixin.py:188} INFO - [2026-05-08T05:37:04.798+0000] {dagbag.py:545} INFO - Filling up the DagBag from /opt/airflow/dags/dynamic_etl_dag.py
[2026-05-08T05:37:05.783+0000] {processor.py:840} INFO - DAG(s) 'dynamic_etl_framework' retrieved from /opt/airflow/dags/dynamic_etl_dag.py
[2026-05-08T05:37:05.982+0000] {logging_mixin.py:188} INFO - [2026-05-08T05:37:05.981+0000] {dag.py:3096} INFO - Sync 1 DAGs
[2026-05-08T05:37:06.007+0000] {logging_mixin.py:188} INFO - [2026-05-08T05:37:06.007+0000] {dag.py:3954} INFO - Setting next_dagrun for dynamic_etl_framework to 2026-05-08 00:00:00+00:00, run_after=2026-05-09 00:00:00+00:00
[2026-05-08T05:37:06.051+0000] {processor.py:183} INFO - Processing /opt/airflow/dags/dynamic_etl_dag.py took 1.268 seconds
[2026-05-08T05:37:36.445+0000] {processor.py:161} INFO - Started process (PID=969) to work on /opt/airflow/dags/dynamic_etl_dag.py
[2026-05-08T05:37:36.446+0000] {processor.py:830} INFO - Processing file /opt/airflow/dags/dynamic_etl_dag.py for tasks to queue
[2026-05-08T05:37:36.449+0000] {logging_mixin.py:188} INFO - [2026-05-08T05:37:36.449+0000] {dagbag.py:545} INFO - Filling up the DagBag from /opt/airflow/dags/dynamic_etl_dag.py
[2026-05-08T05:37:37.456+0000] {processor.py:840} INFO - DAG(s) 'dynamic_etl_framework' retrieved from /opt/airflow/dags/dynamic_etl_dag.py
[2026-05-08T05:37:37.652+0000] {logging_mixin.py:188} INFO - [2026-05-08T05:37:37.651+0000] {dag.py:3096} INFO - Sync 1 DAGs
[2026-05-08T05:37:37.683+0000] {logging_mixin.py:188} INFO - [2026-05-08T05:37:37.683+0000] {dag.py:3954} INFO - Setting next_dagrun for dynamic_etl_framework to 2026-05-08 00:00:00+00:00, run_after=2026-05-09 00:00:00+00:00
[2026-05-08T05:37:37.730+0000] {processor.py:183} INFO - Processing /opt/airflow/dags/dynamic_etl_dag.py took 1.291 seconds
[2026-05-08T05:38:08.380+0000] {processor.py:161} INFO - Started process (PID=975) to work on /opt/airflow/dags/dynamic_etl_dag.py
[2026-05-08T05:38:08.382+0000] {processor.py:830} INFO - Processing file /opt/airflow/dags/dynamic_etl_dag.py for tasks to queue
[2026-05-08T05:38:08.386+0000] {logging_mixin.py:188} INFO - [2026-05-08T05:38:08.385+0000] {dagbag.py:545} INFO - Filling up the DagBag from /opt/airflow/dags/dynamic_etl_dag.py
[2026-05-08T05:38:09.513+0000] {processor.py:840} INFO - DAG(s) 'dynamic_etl_framework' retrieved from /opt/airflow/dags/dynamic_etl_dag.py
[2026-05-08T05:38:09.701+0000] {logging_mixin.py:188} INFO - [2026-05-08T05:38:09.701+0000] {dag.py:3096} INFO - Sync 1 DAGs
[2026-05-08T05:38:09.741+0000] {logging_mixin.py:188} INFO - [2026-05-08T05:38:09.741+0000] {dag.py:3954} INFO - Setting next_dagrun for dynamic_etl_framework to 2026-05-08 00:00:00+00:00, run_after=2026-05-09 00:00:00+00:00
[2026-05-08T05:38:09.865+0000] {processor.py:183} INFO - Processing /opt/airflow/dags/dynamic_etl_dag.py took 1.494 seconds
[2026-05-08T05:38:39.982+0000] {processor.py:161} INFO - Started process (PID=981) to work on /opt/airflow/dags/dynamic_etl_dag.py
[2026-05-08T05:38:39.984+0000] {processor.py:830} INFO - Processing file /opt/airflow/dags/dynamic_etl_dag.py for tasks to queue
[2026-05-08T05:38:39.987+0000] {logging_mixin.py:188} INFO - [2026-05-08T05:38:39.987+0000] {dagbag.py:545} INFO - Filling up the DagBag from /opt/airflow/dags/dynamic_etl_dag.py
[2026-05-08T05:38:41.375+0000] {processor.py:840} INFO - DAG(s) 'dynamic_etl_framework' retrieved from /opt/airflow/dags/dynamic_etl_dag.py
[2026-05-08T05:38:41.577+0000] {logging_mixin.py:188} INFO - [2026-05-08T05:38:41.577+0000] {dag.py:3096} INFO - Sync 1 DAGs
[2026-05-08T05:38:41.607+0000] {logging_mixin.py:188} INFO - [2026-05-08T05:38:41.607+0000] {dag.py:3954} INFO - Setting next_dagrun for dynamic_etl_framework to 2026-05-08 00:00:00+00:00, run_after=2026-05-09 00:00:00+00:00
[2026-05-08T05:38:41.658+0000] {processor.py:183} INFO - Processing /opt/airflow/dags/dynamic_etl_dag.py took 1.683 seconds
[2026-05-08T05:39:12.064+0000] {processor.py:161} INFO - Started process (PID=987) to work on /opt/airflow/dags/dynamic_etl_dag.py
[2026-05-08T05:39:12.066+0000] {processor.py:830} INFO - Processing file /opt/airflow/dags/dynamic_etl_dag.py for tasks to queue
[2026-05-08T05:39:12.069+0000] {logging_mixin.py:188} INFO - [2026-05-08T05:39:12.069+0000] {dagbag.py:545} INFO - Filling up the DagBag from /opt/airflow/dags/dynamic_etl_dag.py
[2026-05-08T05:39:13.148+0000] {processor.py:840} INFO - DAG(s) 'dynamic_etl_framework' retrieved from /opt/airflow/dags/dynamic_etl_dag.py
[2026-05-08T05:39:13.341+0000] {logging_mixin.py:188} INFO - [2026-05-08T05:39:13.341+0000] {dag.py:3096} INFO - Sync 1 DAGs
[2026-05-08T05:39:13.369+0000] {logging_mixin.py:188} INFO - [2026-05-08T05:39:13.369+0000] {dag.py:3954} INFO - Setting next_dagrun for dynamic_etl_framework to 2026-05-08 00:00:00+00:00, run_after=2026-05-09 00:00:00+00:00
[2026-05-08T05:39:13.412+0000] {processor.py:183} INFO - Processing /opt/airflow/dags/dynamic_etl_dag.py took 1.355 seconds
[2026-05-08T05:39:43.752+0000] {processor.py:161} INFO - Started process (PID=993) to work on /opt/airflow/dags/dynamic_etl_dag.py
[2026-05-08T05:39:43.755+0000] {processor.py:830} INFO - Processing file /opt/airflow/dags/dynamic_etl_dag.py for tasks to queue
[2026-05-08T05:39:43.758+0000] {logging_mixin.py:188} INFO - [2026-05-08T05:39:43.757+0000] {dagbag.py:545} INFO - Filling up the DagBag from /opt/airflow/dags/dynamic_etl_dag.py
[2026-05-08T05:39:44.911+0000] {processor.py:840} INFO - DAG(s) 'dynamic_etl_framework' retrieved from /opt/airflow/dags/dynamic_etl_dag.py
[2026-05-08T05:39:45.125+0000] {logging_mixin.py:188} INFO - [2026-05-08T05:39:45.125+0000] {dag.py:3096} INFO - Sync 1 DAGs
[2026-05-08T05:39:45.154+0000] {logging_mixin.py:188} INFO - [2026-05-08T05:39:45.154+0000] {dag.py:3954} INFO - Setting next_dagrun for dynamic_etl_framework to 2026-05-08 00:00:00+00:00, run_after=2026-05-09 00:00:00+00:00
[2026-05-08T05:39:45.215+0000] {processor.py:183} INFO - Processing /opt/airflow/dags/dynamic_etl_dag.py took 1.474 seconds
[2026-05-08T05:40:15.440+0000] {processor.py:161} INFO - Started process (PID=999) to work on /opt/airflow/dags/dynamic_etl_dag.py
[2026-05-08T05:40:15.442+0000] {processor.py:830} INFO - Processing file /opt/airflow/dags/dynamic_etl_dag.py for tasks to queue
[2026-05-08T05:40:15.445+0000] {logging_mixin.py:188} INFO - [2026-05-08T05:40:15.445+0000] {dagbag.py:545} INFO - Filling up the DagBag from /opt/airflow/dags/dynamic_etl_dag.py
[2026-05-08T05:40:16.423+0000] {processor.py:840} INFO - DAG(s) 'dynamic_etl_framework' retrieved from /opt/airflow/dags/dynamic_etl_dag.py
[2026-05-08T05:40:16.646+0000] {logging_mixin.py:188} INFO - [2026-05-08T05:40:16.645+0000] {dag.py:3096} INFO - Sync 1 DAGs
[2026-05-08T05:40:16.676+0000] {logging_mixin.py:188} INFO - [2026-05-08T05:40:16.676+0000] {dag.py:3954} INFO - Setting next_dagrun for dynamic_etl_framework to 2026-05-08 00:00:00+00:00, run_after=2026-05-09 00:00:00+00:00
[2026-05-08T05:40:16.746+0000] {processor.py:183} INFO - Processing /opt/airflow/dags/dynamic_etl_dag.py took 1.312 seconds
[2026-05-08T05:40:47.274+0000] {processor.py:161} INFO - Started process (PID=1005) to work on /opt/airflow/dags/dynamic_etl_dag.py
[2026-05-08T05:40:47.276+0000] {processor.py:830} INFO - Processing file /opt/airflow/dags/dynamic_etl_dag.py for tasks to queue
[2026-05-08T05:40:47.280+0000] {logging_mixin.py:188} INFO - [2026-05-08T05:40:47.279+0000] {dagbag.py:545} INFO - Filling up the DagBag from /opt/airflow/dags/dynamic_etl_dag.py
[2026-05-08T05:40:48.298+0000] {processor.py:840} INFO - DAG(s) 'dynamic_etl_framework' retrieved from /opt/airflow/dags/dynamic_etl_dag.py
[2026-05-08T05:40:48.511+0000] {logging_mixin.py:188} INFO - [2026-05-08T05:40:48.510+0000] {dag.py:3096} INFO - Sync 1 DAGs
[2026-05-08T05:40:48.540+0000] {logging_mixin.py:188} INFO - [2026-05-08T05:40:48.540+0000] {dag.py:3954} INFO - Setting next_dagrun for dynamic_etl_framework to 2026-05-08 00:00:00+00:00, run_after=2026-05-09 00:00:00+00:00
[2026-05-08T05:40:48.582+0000] {processor.py:183} INFO - Processing /opt/airflow/dags/dynamic_etl_dag.py took 1.313 seconds
[2026-05-08T05:41:18.995+0000] {processor.py:161} INFO - Started process (PID=1011) to work on /opt/airflow/dags/dynamic_etl_dag.py
[2026-05-08T05:41:18.997+0000] {processor.py:830} INFO - Processing file /opt/airflow/dags/dynamic_etl_dag.py for tasks to queue
[2026-05-08T05:41:19.001+0000] {logging_mixin.py:188} INFO - [2026-05-08T05:41:19.000+0000] {dagbag.py:545} INFO - Filling up the DagBag from /opt/airflow/dags/dynamic_etl_dag.py
[2026-05-08T05:41:19.985+0000] {processor.py:840} INFO - DAG(s) 'dynamic_etl_framework' retrieved from /opt/airflow/dags/dynamic_etl_dag.py
[2026-05-08T05:41:20.175+0000] {logging_mixin.py:188} INFO - [2026-05-08T05:41:20.174+0000] {dag.py:3096} INFO - Sync 1 DAGs
[2026-05-08T05:41:20.205+0000] {logging_mixin.py:188} INFO - [2026-05-08T05:41:20.205+0000] {dag.py:3954} INFO - Setting next_dagrun for dynamic_etl_framework to 2026-05-08 00:00:00+00:00, run_after=2026-05-09 00:00:00+00:00
[2026-05-08T05:41:20.252+0000] {processor.py:183} INFO - Processing /opt/airflow/dags/dynamic_etl_dag.py took 1.267 seconds
[2026-05-08T05:41:50.934+0000] {processor.py:161} INFO - Started process (PID=1017) to work on /opt/airflow/dags/dynamic_etl_dag.py
[2026-05-08T05:41:50.935+0000] {processor.py:830} INFO - Processing file /opt/airflow/dags/dynamic_etl_dag.py for tasks to queue
[2026-05-08T05:41:50.940+0000] {logging_mixin.py:188} INFO - [2026-05-08T05:41:50.939+0000] {dagbag.py:545} INFO - Filling up the DagBag from /opt/airflow/dags/dynamic_etl_dag.py
[2026-05-08T05:41:52.253+0000] {processor.py:840} INFO - DAG(s) 'dynamic_etl_framework' retrieved from /opt/airflow/dags/dynamic_etl_dag.py
[2026-05-08T05:41:52.585+0000] {logging_mixin.py:188} INFO - [2026-05-08T05:41:52.585+0000] {dag.py:3096} INFO - Sync 1 DAGs
[2026-05-08T05:41:52.620+0000] {logging_mixin.py:188} INFO - [2026-05-08T05:41:52.620+0000] {dag.py:3954} INFO - Setting next_dagrun for dynamic_etl_framework to 2026-05-08 00:00:00+00:00, run_after=2026-05-09 00:00:00+00:00
[2026-05-08T05:41:52.671+0000] {processor.py:183} INFO - Processing /opt/airflow/dags/dynamic_etl_dag.py took 1.742 seconds
[2026-05-08T05:42:23.555+0000] {processor.py:161} INFO - Started process (PID=1023) to work on /opt/airflow/dags/dynamic_etl_dag.py
[2026-05-08T05:42:23.557+0000] {processor.py:830} INFO - Processing file /opt/airflow/dags/dynamic_etl_dag.py for tasks to queue
[2026-05-08T05:42:23.561+0000] {logging_mixin.py:188} INFO - [2026-05-08T05:42:23.560+0000] {dagbag.py:545} INFO - Filling up the DagBag from /opt/airflow/dags/dynamic_etl_dag.py
[2026-05-08T05:42:24.863+0000] {processor.py:840} INFO - DAG(s) 'dynamic_etl_framework' retrieved from /opt/airflow/dags/dynamic_etl_dag.py
[2026-05-08T05:42:25.183+0000] {logging_mixin.py:188} INFO - [2026-05-08T05:42:25.182+0000] {dag.py:3096} INFO - Sync 1 DAGs
[2026-05-08T05:42:25.231+0000] {logging_mixin.py:188} INFO - [2026-05-08T05:42:25.231+0000] {dag.py:3954} INFO - Setting next_dagrun for dynamic_etl_framework to 2026-05-08 00:00:00+00:00, run_after=2026-05-09 00:00:00+00:00
[2026-05-08T05:42:25.288+0000] {processor.py:183} INFO - Processing /opt/airflow/dags/dynamic_etl_dag.py took 1.744 seconds
[2026-05-08T05:42:55.988+0000] {processor.py:161} INFO - Started process (PID=1029) to work on /opt/airflow/dags/dynamic_etl_dag.py
[2026-05-08T05:42:55.990+0000] {processor.py:830} INFO - Processing file /opt/airflow/dags/dynamic_etl_dag.py for tasks to queue
[2026-05-08T05:42:55.997+0000] {logging_mixin.py:188} INFO - [2026-05-08T05:42:55.995+0000] {dagbag.py:545} INFO - Filling up the DagBag from /opt/airflow/dags/dynamic_etl_dag.py
[2026-05-08T05:42:57.156+0000] {processor.py:840} INFO - DAG(s) 'dynamic_etl_framework' retrieved from /opt/airflow/dags/dynamic_etl_dag.py
[2026-05-08T05:42:57.362+0000] {logging_mixin.py:188} INFO - [2026-05-08T05:42:57.362+0000] {dag.py:3096} INFO - Sync 1 DAGs
[2026-05-08T05:42:57.391+0000] {logging_mixin.py:188} INFO - [2026-05-08T05:42:57.390+0000] {dag.py:3954} INFO - Setting next_dagrun for dynamic_etl_framework to 2026-05-08 00:00:00+00:00, run_after=2026-05-09 00:00:00+00:00
[2026-05-08T05:42:57.433+0000] {processor.py:183} INFO - Processing /opt/airflow/dags/dynamic_etl_dag.py took 1.453 seconds
[2026-05-08T05:43:27.795+0000] {processor.py:161} INFO - Started process (PID=1035) to work on /opt/airflow/dags/dynamic_etl_dag.py
[2026-05-08T05:43:27.797+0000] {processor.py:830} INFO - Processing file /opt/airflow/dags/dynamic_etl_dag.py for tasks to queue
[2026-05-08T05:43:27.799+0000] {logging_mixin.py:188} INFO - [2026-05-08T05:43:27.799+0000] {dagbag.py:545} INFO - Filling up the DagBag from /opt/airflow/dags/dynamic_etl_dag.py
[2026-05-08T05:43:28.987+0000] {processor.py:840} INFO - DAG(s) 'dynamic_etl_framework' retrieved from /opt/airflow/dags/dynamic_etl_dag.py
[2026-05-08T05:43:29.191+0000] {logging_mixin.py:188} INFO - [2026-05-08T05:43:29.190+0000] {dag.py:3096} INFO - Sync 1 DAGs
[2026-05-08T05:43:29.218+0000] {logging_mixin.py:188} INFO - [2026-05-08T05:43:29.217+0000] {dag.py:3954} INFO - Setting next_dagrun for dynamic_etl_framework to 2026-05-08 00:00:00+00:00, run_after=2026-05-09 00:00:00+00:00
[2026-05-08T05:43:29.273+0000] {processor.py:183} INFO - Processing /opt/airflow/dags/dynamic_etl_dag.py took 1.484 seconds
[2026-05-08T05:43:59.560+0000] {processor.py:161} INFO - Started process (PID=1041) to work on /opt/airflow/dags/dynamic_etl_dag.py
[2026-05-08T05:43:59.561+0000] {processor.py:830} INFO - Processing file /opt/airflow/dags/dynamic_etl_dag.py for tasks to queue
[2026-05-08T05:43:59.564+0000] {logging_mixin.py:188} INFO - [2026-05-08T05:43:59.563+0000] {dagbag.py:545} INFO - Filling up the DagBag from /opt/airflow/dags/dynamic_etl_dag.py
[2026-05-08T05:44:00.714+0000] {processor.py:840} INFO - DAG(s) 'dynamic_etl_framework' retrieved from /opt/airflow/dags/dynamic_etl_dag.py
[2026-05-08T05:44:00.932+0000] {logging_mixin.py:188} INFO - [2026-05-08T05:44:00.931+0000] {dag.py:3096} INFO - Sync 1 DAGs
[2026-05-08T05:44:00.964+0000] {logging_mixin.py:188} INFO - [2026-05-08T05:44:00.964+0000] {dag.py:3954} INFO - Setting next_dagrun for dynamic_etl_framework to 2026-05-08 00:00:00+00:00, run_after=2026-05-09 00:00:00+00:00
[2026-05-08T05:44:01.008+0000] {processor.py:183} INFO - Processing /opt/airflow/dags/dynamic_etl_dag.py took 1.457 seconds
[2026-05-08T05:44:31.381+0000] {processor.py:161} INFO - Started process (PID=1047) to work on /opt/airflow/dags/dynamic_etl_dag.py
[2026-05-08T05:44:31.382+0000] {processor.py:830} INFO - Processing file /opt/airflow/dags/dynamic_etl_dag.py for tasks to queue
[2026-05-08T05:44:31.386+0000] {logging_mixin.py:188} INFO - [2026-05-08T05:44:31.385+0000] {dagbag.py:545} INFO - Filling up the DagBag from /opt/airflow/dags/dynamic_etl_dag.py
[2026-05-08T05:44:32.289+0000] {processor.py:840} INFO - DAG(s) 'dynamic_etl_framework' retrieved from /opt/airflow/dags/dynamic_etl_dag.py
[2026-05-08T05:44:32.500+0000] {logging_mixin.py:188} INFO - [2026-05-08T05:44:32.499+0000] {dag.py:3096} INFO - Sync 1 DAGs
[2026-05-08T05:44:32.532+0000] {logging_mixin.py:188} INFO - [2026-05-08T05:44:32.532+0000] {dag.py:3954} INFO - Setting next_dagrun for dynamic_etl_framework to 2026-05-08 00:00:00+00:00, run_after=2026-05-09 00:00:00+00:00
[2026-05-08T05:44:32.575+0000] {processor.py:183} INFO - Processing /opt/airflow/dags/dynamic_etl_dag.py took 1.200 seconds
[2026-05-08T05:45:02.939+0000] {processor.py:161} INFO - Started process (PID=1053) to work on /opt/airflow/dags/dynamic_etl_dag.py
[2026-05-08T05:45:02.941+0000] {processor.py:830} INFO - Processing file /opt/airflow/dags/dynamic_etl_dag.py for tasks to queue
[2026-05-08T05:45:02.944+0000] {logging_mixin.py:188} INFO - [2026-05-08T05:45:02.943+0000] {dagbag.py:545} INFO - Filling up the DagBag from /opt/airflow/dags/dynamic_etl_dag.py
[2026-05-08T05:45:03.975+0000] {processor.py:840} INFO - DAG(s) 'dynamic_etl_framework' retrieved from /opt/airflow/dags/dynamic_etl_dag.py
[2026-05-08T05:45:04.176+0000] {logging_mixin.py:188} INFO - [2026-05-08T05:45:04.176+0000] {dag.py:3096} INFO - Sync 1 DAGs
[2026-05-08T05:45:04.205+0000] {logging_mixin.py:188} INFO - [2026-05-08T05:45:04.204+0000] {dag.py:3954} INFO - Setting next_dagrun for dynamic_etl_framework to 2026-05-08 00:00:00+00:00, run_after=2026-05-09 00:00:00+00:00
[2026-05-08T05:45:04.245+0000] {processor.py:183} INFO - Processing /opt/airflow/dags/dynamic_etl_dag.py took 1.314 seconds
[2026-05-08T05:45:34.547+0000] {processor.py:161} INFO - Started process (PID=1059) to work on /opt/airflow/dags/dynamic_etl_dag.py
[2026-05-08T05:45:34.549+0000] {processor.py:830} INFO - Processing file /opt/airflow/dags/dynamic_etl_dag.py for tasks to queue
[2026-05-08T05:45:34.551+0000] {logging_mixin.py:188} INFO - [2026-05-08T05:45:34.551+0000] {dagbag.py:545} INFO - Filling up the DagBag from /opt/airflow/dags/dynamic_etl_dag.py
[2026-05-08T05:45:35.705+0000] {processor.py:840} INFO - DAG(s) 'dynamic_etl_framework' retrieved from /opt/airflow/dags/dynamic_etl_dag.py
[2026-05-08T05:45:35.931+0000] {logging_mixin.py:188} INFO - [2026-05-08T05:45:35.929+0000] {dag.py:3096} INFO - Sync 1 DAGs
[2026-05-08T05:45:35.973+0000] {logging_mixin.py:188} INFO - [2026-05-08T05:45:35.973+0000] {dag.py:3954} INFO - Setting next_dagrun for dynamic_etl_framework to 2026-05-08 00:00:00+00:00, run_after=2026-05-09 00:00:00+00:00
[2026-05-08T05:45:36.035+0000] {processor.py:183} INFO - Processing /opt/airflow/dags/dynamic_etl_dag.py took 1.495 seconds
[2026-05-08T05:46:06.481+0000] {processor.py:161} INFO - Started process (PID=1065) to work on /opt/airflow/dags/dynamic_etl_dag.py
[2026-05-08T05:46:06.483+0000] {processor.py:830} INFO - Processing file /opt/airflow/dags/dynamic_etl_dag.py for tasks to queue
[2026-05-08T05:46:06.486+0000] {logging_mixin.py:188} INFO - [2026-05-08T05:46:06.486+0000] {dagbag.py:545} INFO - Filling up the DagBag from /opt/airflow/dags/dynamic_etl_dag.py
[2026-05-08T05:46:07.621+0000] {processor.py:840} INFO - DAG(s) 'dynamic_etl_framework' retrieved from /opt/airflow/dags/dynamic_etl_dag.py
[2026-05-08T05:46:07.836+0000] {logging_mixin.py:188} INFO - [2026-05-08T05:46:07.835+0000] {dag.py:3096} INFO - Sync 1 DAGs
[2026-05-08T05:46:07.865+0000] {logging_mixin.py:188} INFO - [2026-05-08T05:46:07.865+0000] {dag.py:3954} INFO - Setting next_dagrun for dynamic_etl_framework to 2026-05-08 00:00:00+00:00, run_after=2026-05-09 00:00:00+00:00
[2026-05-08T05:46:07.913+0000] {processor.py:183} INFO - Processing /opt/airflow/dags/dynamic_etl_dag.py took 1.441 seconds
[2026-05-08T05:46:38.187+0000] {processor.py:161} INFO - Started process (PID=1071) to work on /opt/airflow/dags/dynamic_etl_dag.py
[2026-05-08T05:46:38.193+0000] {processor.py:830} INFO - Processing file /opt/airflow/dags/dynamic_etl_dag.py for tasks to queue
[2026-05-08T05:46:38.203+0000] {logging_mixin.py:188} INFO - [2026-05-08T05:46:38.201+0000] {dagbag.py:545} INFO - Filling up the DagBag from /opt/airflow/dags/dynamic_etl_dag.py
[2026-05-08T05:46:39.319+0000] {processor.py:840} INFO - DAG(s) 'dynamic_etl_framework' retrieved from /opt/airflow/dags/dynamic_etl_dag.py
[2026-05-08T05:46:39.537+0000] {logging_mixin.py:188} INFO - [2026-05-08T05:46:39.536+0000] {dag.py:3096} INFO - Sync 1 DAGs
[2026-05-08T05:46:39.570+0000] {logging_mixin.py:188} INFO - [2026-05-08T05:46:39.569+0000] {dag.py:3954} INFO - Setting next_dagrun for dynamic_etl_framework to 2026-05-08 00:00:00+00:00, run_after=2026-05-09 00:00:00+00:00
[2026-05-08T05:46:39.619+0000] {processor.py:183} INFO - Processing /opt/airflow/dags/dynamic_etl_dag.py took 1.439 seconds
[2026-05-08T05:47:10.054+0000] {processor.py:161} INFO - Started process (PID=1077) to work on /opt/airflow/dags/dynamic_etl_dag.py
[2026-05-08T05:47:10.057+0000] {processor.py:830} INFO - Processing file /opt/airflow/dags/dynamic_etl_dag.py for tasks to queue
[2026-05-08T05:47:10.060+0000] {logging_mixin.py:188} INFO - [2026-05-08T05:47:10.060+0000] {dagbag.py:545} INFO - Filling up the DagBag from /opt/airflow/dags/dynamic_etl_dag.py
[2026-05-08T05:47:11.112+0000] {processor.py:840} INFO - DAG(s) 'dynamic_etl_framework' retrieved from /opt/airflow/dags/dynamic_etl_dag.py
[2026-05-08T05:47:11.338+0000] {logging_mixin.py:188} INFO - [2026-05-08T05:47:11.338+0000] {dag.py:3096} INFO - Sync 1 DAGs
[2026-05-08T05:47:11.372+0000] {logging_mixin.py:188} INFO - [2026-05-08T05:47:11.372+0000] {dag.py:3954} INFO - Setting next_dagrun for dynamic_etl_framework to 2026-05-08 00:00:00+00:00, run_after=2026-05-09 00:00:00+00:00
[2026-05-08T05:47:11.428+0000] {processor.py:183} INFO - Processing /opt/airflow/dags/dynamic_etl_dag.py took 1.384 seconds
[2026-05-08T05:47:41.742+0000] {processor.py:161} INFO - Started process (PID=1083) to work on /opt/airflow/dags/dynamic_etl_dag.py
[2026-05-08T05:47:41.745+0000] {processor.py:830} INFO - Processing file /opt/airflow/dags/dynamic_etl_dag.py for tasks to queue
[2026-05-08T05:47:41.748+0000] {logging_mixin.py:188} INFO - [2026-05-08T05:47:41.748+0000] {dagbag.py:545} INFO - Filling up the DagBag from /opt/airflow/dags/dynamic_etl_dag.py
[2026-05-08T05:47:42.863+0000] {processor.py:840} INFO - DAG(s) 'dynamic_etl_framework' retrieved from /opt/airflow/dags/dynamic_etl_dag.py
[2026-05-08T05:47:43.075+0000] {logging_mixin.py:188} INFO - [2026-05-08T05:47:43.074+0000] {dag.py:3096} INFO - Sync 1 DAGs
[2026-05-08T05:47:43.105+0000] {logging_mixin.py:188} INFO - [2026-05-08T05:47:43.105+0000] {dag.py:3954} INFO - Setting next_dagrun for dynamic_etl_framework to 2026-05-08 00:00:00+00:00, run_after=2026-05-09 00:00:00+00:00
[2026-05-08T05:47:43.145+0000] {processor.py:183} INFO - Processing /opt/airflow/dags/dynamic_etl_dag.py took 1.413 seconds
[2026-05-08T05:48:13.645+0000] {processor.py:161} INFO - Started process (PID=1089) to work on /opt/airflow/dags/dynamic_etl_dag.py
[2026-05-08T05:48:13.646+0000] {processor.py:830} INFO - Processing file /opt/airflow/dags/dynamic_etl_dag.py for tasks to queue
[2026-05-08T05:48:13.649+0000] {logging_mixin.py:188} INFO - [2026-05-08T05:48:13.648+0000] {dagbag.py:545} INFO - Filling up the DagBag from /opt/airflow/dags/dynamic_etl_dag.py
[2026-05-08T05:48:14.751+0000] {processor.py:840} INFO - DAG(s) 'dynamic_etl_framework' retrieved from /opt/airflow/dags/dynamic_etl_dag.py
[2026-05-08T05:48:14.973+0000] {logging_mixin.py:188} INFO - [2026-05-08T05:48:14.973+0000] {dag.py:3096} INFO - Sync 1 DAGs
[2026-05-08T05:48:15.004+0000] {logging_mixin.py:188} INFO - [2026-05-08T05:48:15.004+0000] {dag.py:3954} INFO - Setting next_dagrun for dynamic_etl_framework to 2026-05-08 00:00:00+00:00, run_after=2026-05-09 00:00:00+00:00
[2026-05-08T05:48:15.055+0000] {processor.py:183} INFO - Processing /opt/airflow/dags/dynamic_etl_dag.py took 1.415 seconds
[2026-05-08T05:48:45.613+0000] {processor.py:161} INFO - Started process (PID=1095) to work on /opt/airflow/dags/dynamic_etl_dag.py
[2026-05-08T05:48:45.615+0000] {processor.py:830} INFO - Processing file /opt/airflow/dags/dynamic_etl_dag.py for tasks to queue
[2026-05-08T05:48:45.618+0000] {logging_mixin.py:188} INFO - [2026-05-08T05:48:45.618+0000] {dagbag.py:545} INFO - Filling up the DagBag from /opt/airflow/dags/dynamic_etl_dag.py
[2026-05-08T05:48:46.732+0000] {processor.py:840} INFO - DAG(s) 'dynamic_etl_framework' retrieved from /opt/airflow/dags/dynamic_etl_dag.py
[2026-05-08T05:48:46.916+0000] {logging_mixin.py:188} INFO - [2026-05-08T05:48:46.914+0000] {dag.py:3096} INFO - Sync 1 DAGs
[2026-05-08T05:48:46.970+0000] {logging_mixin.py:188} INFO - [2026-05-08T05:48:46.970+0000] {dag.py:3954} INFO - Setting next_dagrun for dynamic_etl_framework to 2026-05-08 00:00:00+00:00, run_after=2026-05-09 00:00:00+00:00
[2026-05-08T05:48:47.038+0000] {processor.py:183} INFO - Processing /opt/airflow/dags/dynamic_etl_dag.py took 1.432 seconds
[2026-05-08T05:49:17.269+0000] {processor.py:161} INFO - Started process (PID=1101) to work on /opt/airflow/dags/dynamic_etl_dag.py
[2026-05-08T05:49:17.270+0000] {processor.py:830} INFO - Processing file /opt/airflow/dags/dynamic_etl_dag.py for tasks to queue
[2026-05-08T05:49:17.275+0000] {logging_mixin.py:188} INFO - [2026-05-08T05:49:17.274+0000] {dagbag.py:545} INFO - Filling up the DagBag from /opt/airflow/dags/dynamic_etl_dag.py
[2026-05-08T05:49:18.258+0000] {processor.py:840} INFO - DAG(s) 'dynamic_etl_framework' retrieved from /opt/airflow/dags/dynamic_etl_dag.py
[2026-05-08T05:49:18.469+0000] {logging_mixin.py:188} INFO - [2026-05-08T05:49:18.468+0000] {dag.py:3096} INFO - Sync 1 DAGs
[2026-05-08T05:49:18.496+0000] {logging_mixin.py:188} INFO - [2026-05-08T05:49:18.496+0000] {dag.py:3954} INFO - Setting next_dagrun for dynamic_etl_framework to 2026-05-08 00:00:00+00:00, run_after=2026-05-09 00:00:00+00:00
[2026-05-08T05:49:18.548+0000] {processor.py:183} INFO - Processing /opt/airflow/dags/dynamic_etl_dag.py took 1.287 seconds
[2026-05-08T05:49:49.097+0000] {processor.py:161} INFO - Started process (PID=1107) to work on /opt/airflow/dags/dynamic_etl_dag.py
[2026-05-08T05:49:49.098+0000] {processor.py:830} INFO - Processing file /opt/airflow/dags/dynamic_etl_dag.py for tasks to queue
[2026-05-08T05:49:49.101+0000] {logging_mixin.py:188} INFO - [2026-05-08T05:49:49.101+0000] {dagbag.py:545} INFO - Filling up the DagBag from /opt/airflow/dags/dynamic_etl_dag.py
[2026-05-08T05:49:50.086+0000] {processor.py:840} INFO - DAG(s) 'dynamic_etl_framework' retrieved from /opt/airflow/dags/dynamic_etl_dag.py
[2026-05-08T05:49:50.354+0000] {logging_mixin.py:188} INFO - [2026-05-08T05:49:50.353+0000] {dag.py:3096} INFO - Sync 1 DAGs
[2026-05-08T05:49:50.382+0000] {logging_mixin.py:188} INFO - [2026-05-08T05:49:50.382+0000] {dag.py:3954} INFO - Setting next_dagrun for dynamic_etl_framework to 2026-05-08 00:00:00+00:00, run_after=2026-05-09 00:00:00+00:00
[2026-05-08T05:49:50.429+0000] {processor.py:183} INFO - Processing /opt/airflow/dags/dynamic_etl_dag.py took 1.339 seconds
[2026-05-08T05:50:20.797+0000] {processor.py:161} INFO - Started process (PID=1113) to work on /opt/airflow/dags/dynamic_etl_dag.py
[2026-05-08T05:50:20.798+0000] {processor.py:830} INFO - Processing file /opt/airflow/dags/dynamic_etl_dag.py for tasks to queue
[2026-05-08T05:50:20.801+0000] {logging_mixin.py:188} INFO - [2026-05-08T05:50:20.800+0000] {dagbag.py:545} INFO - Filling up the DagBag from /opt/airflow/dags/dynamic_etl_dag.py
[2026-05-08T05:50:21.739+0000] {processor.py:840} INFO - DAG(s) 'dynamic_etl_framework' retrieved from /opt/airflow/dags/dynamic_etl_dag.py
[2026-05-08T05:50:21.933+0000] {logging_mixin.py:188} INFO - [2026-05-08T05:50:21.933+0000] {dag.py:3096} INFO - Sync 1 DAGs
[2026-05-08T05:50:21.961+0000] {logging_mixin.py:188} INFO - [2026-05-08T05:50:21.961+0000] {dag.py:3954} INFO - Setting next_dagrun for dynamic_etl_framework to 2026-05-08 00:00:00+00:00, run_after=2026-05-09 00:00:00+00:00
[2026-05-08T05:50:22.003+0000] {processor.py:183} INFO - Processing /opt/airflow/dags/dynamic_etl_dag.py took 1.214 seconds
[2026-05-08T05:50:52.511+0000] {processor.py:161} INFO - Started process (PID=1119) to work on /opt/airflow/dags/dynamic_etl_dag.py
[2026-05-08T05:50:52.513+0000] {processor.py:830} INFO - Processing file /opt/airflow/dags/dynamic_etl_dag.py for tasks to queue
[2026-05-08T05:50:52.516+0000] {logging_mixin.py:188} INFO - [2026-05-08T05:50:52.515+0000] {dagbag.py:545} INFO - Filling up the DagBag from /opt/airflow/dags/dynamic_etl_dag.py
[2026-05-08T05:50:53.509+0000] {processor.py:840} INFO - DAG(s) 'dynamic_etl_framework' retrieved from /opt/airflow/dags/dynamic_etl_dag.py
[2026-05-08T05:50:53.703+0000] {logging_mixin.py:188} INFO - [2026-05-08T05:50:53.703+0000] {dag.py:3096} INFO - Sync 1 DAGs
[2026-05-08T05:50:53.731+0000] {logging_mixin.py:188} INFO - [2026-05-08T05:50:53.731+0000] {dag.py:3954} INFO - Setting next_dagrun for dynamic_etl_framework to 2026-05-08 00:00:00+00:00, run_after=2026-05-09 00:00:00+00:00
[2026-05-08T05:50:53.768+0000] {processor.py:183} INFO - Processing /opt/airflow/dags/dynamic_etl_dag.py took 1.266 seconds
[2026-05-08T05:51:24.187+0000] {processor.py:161} INFO - Started process (PID=1125) to work on /opt/airflow/dags/dynamic_etl_dag.py
[2026-05-08T05:51:24.194+0000] {processor.py:830} INFO - Processing file /opt/airflow/dags/dynamic_etl_dag.py for tasks to queue
[2026-05-08T05:51:24.209+0000] {logging_mixin.py:188} INFO - [2026-05-08T05:51:24.208+0000] {dagbag.py:545} INFO - Filling up the DagBag from /opt/airflow/dags/dynamic_etl_dag.py
[2026-05-08T05:51:25.688+0000] {processor.py:840} INFO - DAG(s) 'dynamic_etl_framework' retrieved from /opt/airflow/dags/dynamic_etl_dag.py
[2026-05-08T05:51:25.898+0000] {logging_mixin.py:188} INFO - [2026-05-08T05:51:25.898+0000] {dag.py:3096} INFO - Sync 1 DAGs
[2026-05-08T05:51:25.928+0000] {logging_mixin.py:188} INFO - [2026-05-08T05:51:25.928+0000] {dag.py:3954} INFO - Setting next_dagrun for dynamic_etl_framework to 2026-05-08 00:00:00+00:00, run_after=2026-05-09 00:00:00+00:00
[2026-05-08T05:51:25.974+0000] {processor.py:183} INFO - Processing /opt/airflow/dags/dynamic_etl_dag.py took 1.801 seconds
[2026-05-08T05:51:56.092+0000] {processor.py:161} INFO - Started process (PID=1131) to work on /opt/airflow/dags/dynamic_etl_dag.py
[2026-05-08T05:51:56.094+0000] {processor.py:830} INFO - Processing file /opt/airflow/dags/dynamic_etl_dag.py for tasks to queue
[2026-05-08T05:51:56.097+0000] {logging_mixin.py:188} INFO - [2026-05-08T05:51:56.097+0000] {dagbag.py:545} INFO - Filling up the DagBag from /opt/airflow/dags/dynamic_etl_dag.py
[2026-05-08T05:51:57.108+0000] {processor.py:840} INFO - DAG(s) 'dynamic_etl_framework' retrieved from /opt/airflow/dags/dynamic_etl_dag.py
[2026-05-08T05:51:57.311+0000] {logging_mixin.py:188} INFO - [2026-05-08T05:51:57.310+0000] {dag.py:3096} INFO - Sync 1 DAGs
[2026-05-08T05:51:57.343+0000] {logging_mixin.py:188} INFO - [2026-05-08T05:51:57.342+0000] {dag.py:3954} INFO - Setting next_dagrun for dynamic_etl_framework to 2026-05-08 00:00:00+00:00, run_after=2026-05-09 00:00:00+00:00
[2026-05-08T05:51:57.394+0000] {processor.py:183} INFO - Processing /opt/airflow/dags/dynamic_etl_dag.py took 1.308 seconds
[2026-05-08T05:52:27.716+0000] {processor.py:161} INFO - Started process (PID=1137) to work on /opt/airflow/dags/dynamic_etl_dag.py
[2026-05-08T05:52:27.718+0000] {processor.py:830} INFO - Processing file /opt/airflow/dags/dynamic_etl_dag.py for tasks to queue
[2026-05-08T05:52:27.722+0000] {logging_mixin.py:188} INFO - [2026-05-08T05:52:27.722+0000] {dagbag.py:545} INFO - Filling up the DagBag from /opt/airflow/dags/dynamic_etl_dag.py
[2026-05-08T05:52:29.287+0000] {processor.py:840} INFO - DAG(s) 'dynamic_etl_framework' retrieved from /opt/airflow/dags/dynamic_etl_dag.py
[2026-05-08T05:52:29.493+0000] {logging_mixin.py:188} INFO - [2026-05-08T05:52:29.492+0000] {dag.py:3096} INFO - Sync 1 DAGs
[2026-05-08T05:52:29.528+0000] {logging_mixin.py:188} INFO - [2026-05-08T05:52:29.528+0000] {dag.py:3954} INFO - Setting next_dagrun for dynamic_etl_framework to 2026-05-08 00:00:00+00:00, run_after=2026-05-09 00:00:00+00:00
[2026-05-08T05:52:29.582+0000] {processor.py:183} INFO - Processing /opt/airflow/dags/dynamic_etl_dag.py took 1.880 seconds
[2026-05-08T05:53:00.148+0000] {processor.py:161} INFO - Started process (PID=1143) to work on /opt/airflow/dags/dynamic_etl_dag.py
[2026-05-08T05:53:00.150+0000] {processor.py:830} INFO - Processing file /opt/airflow/dags/dynamic_etl_dag.py for tasks to queue
[2026-05-08T05:53:00.152+0000] {logging_mixin.py:188} INFO - [2026-05-08T05:53:00.152+0000] {dagbag.py:545} INFO - Filling up the DagBag from /opt/airflow/dags/dynamic_etl_dag.py
[2026-05-08T05:53:01.188+0000] {processor.py:840} INFO - DAG(s) 'dynamic_etl_framework' retrieved from /opt/airflow/dags/dynamic_etl_dag.py
[2026-05-08T05:53:01.432+0000] {logging_mixin.py:188} INFO - [2026-05-08T05:53:01.431+0000] {dag.py:3096} INFO - Sync 1 DAGs
[2026-05-08T05:53:01.459+0000] {logging_mixin.py:188} INFO - [2026-05-08T05:53:01.459+0000] {dag.py:3954} INFO - Setting next_dagrun for dynamic_etl_framework to 2026-05-08 00:00:00+00:00, run_after=2026-05-09 00:00:00+00:00
[2026-05-08T05:53:01.602+0000] {processor.py:183} INFO - Processing /opt/airflow/dags/dynamic_etl_dag.py took 1.463 seconds
[2026-05-08T05:53:32.296+0000] {processor.py:161} INFO - Started process (PID=1149) to work on /opt/airflow/dags/dynamic_etl_dag.py
[2026-05-08T05:53:32.298+0000] {processor.py:830} INFO - Processing file /opt/airflow/dags/dynamic_etl_dag.py for tasks to queue
[2026-05-08T05:53:32.301+0000] {logging_mixin.py:188} INFO - [2026-05-08T05:53:32.300+0000] {dagbag.py:545} INFO - Filling up the DagBag from /opt/airflow/dags/dynamic_etl_dag.py
[2026-05-08T05:53:33.527+0000] {processor.py:840} INFO - DAG(s) 'dynamic_etl_framework' retrieved from /opt/airflow/dags/dynamic_etl_dag.py
[2026-05-08T05:53:33.769+0000] {logging_mixin.py:188} INFO - [2026-05-08T05:53:33.768+0000] {dag.py:3096} INFO - Sync 1 DAGs
[2026-05-08T05:53:33.795+0000] {logging_mixin.py:188} INFO - [2026-05-08T05:53:33.795+0000] {dag.py:3954} INFO - Setting next_dagrun for dynamic_etl_framework to 2026-05-08 00:00:00+00:00, run_after=2026-05-09 00:00:00+00:00
[2026-05-08T05:53:33.843+0000] {processor.py:183} INFO - Processing /opt/airflow/dags/dynamic_etl_dag.py took 1.553 seconds
[2026-05-08T05:54:04.537+0000] {processor.py:161} INFO - Started process (PID=1155) to work on /opt/airflow/dags/dynamic_etl_dag.py
[2026-05-08T05:54:04.539+0000] {processor.py:830} INFO - Processing file /opt/airflow/dags/dynamic_etl_dag.py for tasks to queue
[2026-05-08T05:54:04.542+0000] {logging_mixin.py:188} INFO - [2026-05-08T05:54:04.541+0000] {dagbag.py:545} INFO - Filling up the DagBag from /opt/airflow/dags/dynamic_etl_dag.py
[2026-05-08T05:54:05.526+0000] {processor.py:840} INFO - DAG(s) 'dynamic_etl_framework' retrieved from /opt/airflow/dags/dynamic_etl_dag.py
[2026-05-08T05:54:05.741+0000] {logging_mixin.py:188} INFO - [2026-05-08T05:54:05.740+0000] {dag.py:3096} INFO - Sync 1 DAGs
[2026-05-08T05:54:05.775+0000] {logging_mixin.py:188} INFO - [2026-05-08T05:54:05.774+0000] {dag.py:3954} INFO - Setting next_dagrun for dynamic_etl_framework to 2026-05-08 00:00:00+00:00, run_after=2026-05-09 00:00:00+00:00
[2026-05-08T05:54:05.825+0000] {processor.py:183} INFO - Processing /opt/airflow/dags/dynamic_etl_dag.py took 1.296 seconds
[2026-05-08T05:54:36.407+0000] {processor.py:161} INFO - Started process (PID=1161) to work on /opt/airflow/dags/dynamic_etl_dag.py
[2026-05-08T05:54:36.409+0000] {processor.py:830} INFO - Processing file /opt/airflow/dags/dynamic_etl_dag.py for tasks to queue
[2026-05-08T05:54:36.413+0000] {logging_mixin.py:188} INFO - [2026-05-08T05:54:36.412+0000] {dagbag.py:545} INFO - Filling up the DagBag from /opt/airflow/dags/dynamic_etl_dag.py
[2026-05-08T05:54:37.375+0000] {processor.py:840} INFO - DAG(s) 'dynamic_etl_framework' retrieved from /opt/airflow/dags/dynamic_etl_dag.py
[2026-05-08T05:54:37.591+0000] {logging_mixin.py:188} INFO - [2026-05-08T05:54:37.590+0000] {dag.py:3096} INFO - Sync 1 DAGs
[2026-05-08T05:54:37.627+0000] {logging_mixin.py:188} INFO - [2026-05-08T05:54:37.626+0000] {dag.py:3954} INFO - Setting next_dagrun for dynamic_etl_framework to 2026-05-08 00:00:00+00:00, run_after=2026-05-09 00:00:00+00:00
[2026-05-08T05:54:37.681+0000] {processor.py:183} INFO - Processing /opt/airflow/dags/dynamic_etl_dag.py took 1.281 seconds
[2026-05-08T05:55:08.083+0000] {processor.py:161} INFO - Started process (PID=1167) to work on /opt/airflow/dags/dynamic_etl_dag.py
[2026-05-08T05:55:08.085+0000] {processor.py:830} INFO - Processing file /opt/airflow/dags/dynamic_etl_dag.py for tasks to queue
[2026-05-08T05:55:08.088+0000] {logging_mixin.py:188} INFO - [2026-05-08T05:55:08.088+0000] {dagbag.py:545} INFO - Filling up the DagBag from /opt/airflow/dags/dynamic_etl_dag.py
[2026-05-08T05:55:09.341+0000] {processor.py:840} INFO - DAG(s) 'dynamic_etl_framework' retrieved from /opt/airflow/dags/dynamic_etl_dag.py
[2026-05-08T05:55:09.533+0000] {logging_mixin.py:188} INFO - [2026-05-08T05:55:09.532+0000] {dag.py:3096} INFO - Sync 1 DAGs
[2026-05-08T05:55:09.564+0000] {logging_mixin.py:188} INFO - [2026-05-08T05:55:09.564+0000] {dag.py:3954} INFO - Setting next_dagrun for dynamic_etl_framework to 2026-05-08 00:00:00+00:00, run_after=2026-05-09 00:00:00+00:00
[2026-05-08T05:55:09.625+0000] {processor.py:183} INFO - Processing /opt/airflow/dags/dynamic_etl_dag.py took 1.550 seconds
[2026-05-08T05:55:39.992+0000] {processor.py:161} INFO - Started process (PID=1173) to work on /opt/airflow/dags/dynamic_etl_dag.py
[2026-05-08T05:55:39.994+0000] {processor.py:830} INFO - Processing file /opt/airflow/dags/dynamic_etl_dag.py for tasks to queue
[2026-05-08T05:55:39.997+0000] {logging_mixin.py:188} INFO - [2026-05-08T05:55:39.996+0000] {dagbag.py:545} INFO - Filling up the DagBag from /opt/airflow/dags/dynamic_etl_dag.py
[2026-05-08T05:55:41.099+0000] {processor.py:840} INFO - DAG(s) 'dynamic_etl_framework' retrieved from /opt/airflow/dags/dynamic_etl_dag.py
[2026-05-08T05:55:41.340+0000] {logging_mixin.py:188} INFO - [2026-05-08T05:55:41.340+0000] {dag.py:3096} INFO - Sync 1 DAGs
[2026-05-08T05:55:41.379+0000] {logging_mixin.py:188} INFO - [2026-05-08T05:55:41.379+0000] {dag.py:3954} INFO - Setting next_dagrun for dynamic_etl_framework to 2026-05-08 00:00:00+00:00, run_after=2026-05-09 00:00:00+00:00
[2026-05-08T05:55:41.433+0000] {processor.py:183} INFO - Processing /opt/airflow/dags/dynamic_etl_dag.py took 1.449 seconds
[2026-05-08T05:56:11.896+0000] {processor.py:161} INFO - Started process (PID=1179) to work on /opt/airflow/dags/dynamic_etl_dag.py
[2026-05-08T05:56:11.898+0000] {processor.py:830} INFO - Processing file /opt/airflow/dags/dynamic_etl_dag.py for tasks to queue
[2026-05-08T05:56:11.901+0000] {logging_mixin.py:188} INFO - [2026-05-08T05:56:11.901+0000] {dagbag.py:545} INFO - Filling up the DagBag from /opt/airflow/dags/dynamic_etl_dag.py
[2026-05-08T05:56:12.934+0000] {processor.py:840} INFO - DAG(s) 'dynamic_etl_framework' retrieved from /opt/airflow/dags/dynamic_etl_dag.py
[2026-05-08T05:56:13.165+0000] {logging_mixin.py:188} INFO - [2026-05-08T05:56:13.165+0000] {dag.py:3096} INFO - Sync 1 DAGs
[2026-05-08T05:56:13.192+0000] {logging_mixin.py:188} INFO - [2026-05-08T05:56:13.192+0000] {dag.py:3954} INFO - Setting next_dagrun for dynamic_etl_framework to 2026-05-08 00:00:00+00:00, run_after=2026-05-09 00:00:00+00:00
[2026-05-08T05:56:13.233+0000] {processor.py:183} INFO - Processing /opt/airflow/dags/dynamic_etl_dag.py took 1.345 seconds
[2026-05-08T05:56:43.520+0000] {processor.py:161} INFO - Started process (PID=1185) to work on /opt/airflow/dags/dynamic_etl_dag.py
[2026-05-08T05:56:43.522+0000] {processor.py:830} INFO - Processing file /opt/airflow/dags/dynamic_etl_dag.py for tasks to queue
[2026-05-08T05:56:43.525+0000] {logging_mixin.py:188} INFO - [2026-05-08T05:56:43.525+0000] {dagbag.py:545} INFO - Filling up the DagBag from /opt/airflow/dags/dynamic_etl_dag.py
[2026-05-08T05:56:44.534+0000] {processor.py:840} INFO - DAG(s) 'dynamic_etl_framework' retrieved from /opt/airflow/dags/dynamic_etl_dag.py
[2026-05-08T05:56:44.711+0000] {logging_mixin.py:188} INFO - [2026-05-08T05:56:44.711+0000] {dag.py:3096} INFO - Sync 1 DAGs
[2026-05-08T05:56:44.738+0000] {logging_mixin.py:188} INFO - [2026-05-08T05:56:44.737+0000] {dag.py:3954} INFO - Setting next_dagrun for dynamic_etl_framework to 2026-05-08 00:00:00+00:00, run_after=2026-05-09 00:00:00+00:00
[2026-05-08T05:56:44.780+0000] {processor.py:183} INFO - Processing /opt/airflow/dags/dynamic_etl_dag.py took 1.269 seconds
[2026-05-08T05:57:15.171+0000] {processor.py:161} INFO - Started process (PID=1191) to work on /opt/airflow/dags/dynamic_etl_dag.py
[2026-05-08T05:57:15.173+0000] {processor.py:830} INFO - Processing file /opt/airflow/dags/dynamic_etl_dag.py for tasks to queue
[2026-05-08T05:57:15.176+0000] {logging_mixin.py:188} INFO - [2026-05-08T05:57:15.176+0000] {dagbag.py:545} INFO - Filling up the DagBag from /opt/airflow/dags/dynamic_etl_dag.py
[2026-05-08T05:57:16.270+0000] {processor.py:840} INFO - DAG(s) 'dynamic_etl_framework' retrieved from /opt/airflow/dags/dynamic_etl_dag.py
[2026-05-08T05:57:16.491+0000] {logging_mixin.py:188} INFO - [2026-05-08T05:57:16.491+0000] {dag.py:3096} INFO - Sync 1 DAGs
[2026-05-08T05:57:16.521+0000] {logging_mixin.py:188} INFO - [2026-05-08T05:57:16.521+0000] {dag.py:3954} INFO - Setting next_dagrun for dynamic_etl_framework to 2026-05-08 00:00:00+00:00, run_after=2026-05-09 00:00:00+00:00
[2026-05-08T05:57:16.567+0000] {processor.py:183} INFO - Processing /opt/airflow/dags/dynamic_etl_dag.py took 1.408 seconds
[2026-05-08T05:57:47.078+0000] {processor.py:161} INFO - Started process (PID=1197) to work on /opt/airflow/dags/dynamic_etl_dag.py
[2026-05-08T05:57:47.080+0000] {processor.py:830} INFO - Processing file /opt/airflow/dags/dynamic_etl_dag.py for tasks to queue
[2026-05-08T05:57:47.083+0000] {logging_mixin.py:188} INFO - [2026-05-08T05:57:47.083+0000] {dagbag.py:545} INFO - Filling up the DagBag from /opt/airflow/dags/dynamic_etl_dag.py
[2026-05-08T05:57:48.074+0000] {processor.py:840} INFO - DAG(s) 'dynamic_etl_framework' retrieved from /opt/airflow/dags/dynamic_etl_dag.py
[2026-05-08T05:57:48.300+0000] {logging_mixin.py:188} INFO - [2026-05-08T05:57:48.299+0000] {dag.py:3096} INFO - Sync 1 DAGs
[2026-05-08T05:57:48.330+0000] {logging_mixin.py:188} INFO - [2026-05-08T05:57:48.330+0000] {dag.py:3954} INFO - Setting next_dagrun for dynamic_etl_framework to 2026-05-08 00:00:00+00:00, run_after=2026-05-09 00:00:00+00:00
[2026-05-08T05:57:48.389+0000] {processor.py:183} INFO - Processing /opt/airflow/dags/dynamic_etl_dag.py took 1.316 seconds
[2026-05-08T05:58:18.834+0000] {processor.py:161} INFO - Started process (PID=1203) to work on /opt/airflow/dags/dynamic_etl_dag.py
[2026-05-08T05:58:18.836+0000] {processor.py:830} INFO - Processing file /opt/airflow/dags/dynamic_etl_dag.py for tasks to queue
[2026-05-08T05:58:18.838+0000] {logging_mixin.py:188} INFO - [2026-05-08T05:58:18.838+0000] {dagbag.py:545} INFO - Filling up the DagBag from /opt/airflow/dags/dynamic_etl_dag.py
[2026-05-08T05:58:19.834+0000] {processor.py:840} INFO - DAG(s) 'dynamic_etl_framework' retrieved from /opt/airflow/dags/dynamic_etl_dag.py
[2026-05-08T05:58:20.051+0000] {logging_mixin.py:188} INFO - [2026-05-08T05:58:20.050+0000] {dag.py:3096} INFO - Sync 1 DAGs
[2026-05-08T05:58:20.082+0000] {logging_mixin.py:188} INFO - [2026-05-08T05:58:20.082+0000] {dag.py:3954} INFO - Setting next_dagrun for dynamic_etl_framework to 2026-05-08 00:00:00+00:00, run_after=2026-05-09 00:00:00+00:00
[2026-05-08T05:58:20.133+0000] {processor.py:183} INFO - Processing /opt/airflow/dags/dynamic_etl_dag.py took 1.307 seconds
[2026-05-08T05:58:50.344+0000] {processor.py:161} INFO - Started process (PID=1209) to work on /opt/airflow/dags/dynamic_etl_dag.py
[2026-05-08T05:58:50.346+0000] {processor.py:830} INFO - Processing file /opt/airflow/dags/dynamic_etl_dag.py for tasks to queue
[2026-05-08T05:58:50.349+0000] {logging_mixin.py:188} INFO - [2026-05-08T05:58:50.349+0000] {dagbag.py:545} INFO - Filling up the DagBag from /opt/airflow/dags/dynamic_etl_dag.py
[2026-05-08T05:58:51.324+0000] {processor.py:840} INFO - DAG(s) 'dynamic_etl_framework' retrieved from /opt/airflow/dags/dynamic_etl_dag.py
[2026-05-08T05:58:51.553+0000] {logging_mixin.py:188} INFO - [2026-05-08T05:58:51.552+0000] {dag.py:3096} INFO - Sync 1 DAGs
[2026-05-08T05:58:51.580+0000] {logging_mixin.py:188} INFO - [2026-05-08T05:58:51.580+0000] {dag.py:3954} INFO - Setting next_dagrun for dynamic_etl_framework to 2026-05-08 00:00:00+00:00, run_after=2026-05-09 00:00:00+00:00
[2026-05-08T05:58:51.653+0000] {processor.py:183} INFO - Processing /opt/airflow/dags/dynamic_etl_dag.py took 1.317 seconds
[2026-05-08T05:59:21.835+0000] {processor.py:161} INFO - Started process (PID=1215) to work on /opt/airflow/dags/dynamic_etl_dag.py
[2026-05-08T05:59:21.837+0000] {processor.py:830} INFO - Processing file /opt/airflow/dags/dynamic_etl_dag.py for tasks to queue
[2026-05-08T05:59:21.840+0000] {logging_mixin.py:188} INFO - [2026-05-08T05:59:21.840+0000] {dagbag.py:545} INFO - Filling up the DagBag from /opt/airflow/dags/dynamic_etl_dag.py
[2026-05-08T05:59:22.711+0000] {processor.py:840} INFO - DAG(s) 'dynamic_etl_framework' retrieved from /opt/airflow/dags/dynamic_etl_dag.py
[2026-05-08T05:59:22.894+0000] {logging_mixin.py:188} INFO - [2026-05-08T05:59:22.893+0000] {dag.py:3096} INFO - Sync 1 DAGs
[2026-05-08T05:59:22.918+0000] {logging_mixin.py:188} INFO - [2026-05-08T05:59:22.917+0000] {dag.py:3954} INFO - Setting next_dagrun for dynamic_etl_framework to 2026-05-08 00:00:00+00:00, run_after=2026-05-09 00:00:00+00:00
[2026-05-08T05:59:22.952+0000] {processor.py:183} INFO - Processing /opt/airflow/dags/dynamic_etl_dag.py took 1.126 seconds
[2026-05-08T05:59:53.428+0000] {processor.py:161} INFO - Started process (PID=1221) to work on /opt/airflow/dags/dynamic_etl_dag.py
[2026-05-08T05:59:53.430+0000] {processor.py:830} INFO - Processing file /opt/airflow/dags/dynamic_etl_dag.py for tasks to queue
[2026-05-08T05:59:53.432+0000] {logging_mixin.py:188} INFO - [2026-05-08T05:59:53.432+0000] {dagbag.py:545} INFO - Filling up the DagBag from /opt/airflow/dags/dynamic_etl_dag.py
[2026-05-08T05:59:54.636+0000] {processor.py:840} INFO - DAG(s) 'dynamic_etl_framework' retrieved from /opt/airflow/dags/dynamic_etl_dag.py
[2026-05-08T05:59:54.867+0000] {logging_mixin.py:188} INFO - [2026-05-08T05:59:54.865+0000] {dag.py:3096} INFO - Sync 1 DAGs
[2026-05-08T05:59:54.893+0000] {logging_mixin.py:188} INFO - [2026-05-08T05:59:54.893+0000] {dag.py:3954} INFO - Setting next_dagrun for dynamic_etl_framework to 2026-05-08 00:00:00+00:00, run_after=2026-05-09 00:00:00+00:00
[2026-05-08T05:59:54.938+0000] {processor.py:183} INFO - Processing /opt/airflow/dags/dynamic_etl_dag.py took 1.518 seconds
[2026-05-08T06:00:25.119+0000] {processor.py:161} INFO - Started process (PID=1227) to work on /opt/airflow/dags/dynamic_etl_dag.py
[2026-05-08T06:00:25.122+0000] {processor.py:830} INFO - Processing file /opt/airflow/dags/dynamic_etl_dag.py for tasks to queue
[2026-05-08T06:00:25.125+0000] {logging_mixin.py:188} INFO - [2026-05-08T06:00:25.125+0000] {dagbag.py:545} INFO - Filling up the DagBag from /opt/airflow/dags/dynamic_etl_dag.py
[2026-05-08T06:00:26.224+0000] {processor.py:840} INFO - DAG(s) 'dynamic_etl_framework' retrieved from /opt/airflow/dags/dynamic_etl_dag.py
[2026-05-08T06:00:26.414+0000] {logging_mixin.py:188} INFO - [2026-05-08T06:00:26.413+0000] {dag.py:3096} INFO - Sync 1 DAGs
[2026-05-08T06:00:26.451+0000] {logging_mixin.py:188} INFO - [2026-05-08T06:00:26.451+0000] {dag.py:3954} INFO - Setting next_dagrun for dynamic_etl_framework to 2026-05-08 00:00:00+00:00, run_after=2026-05-09 00:00:00+00:00
[2026-05-08T06:00:26.497+0000] {processor.py:183} INFO - Processing /opt/airflow/dags/dynamic_etl_dag.py took 1.387 seconds
[2026-05-08T06:00:56.954+0000] {processor.py:161} INFO - Started process (PID=1233) to work on /opt/airflow/dags/dynamic_etl_dag.py
[2026-05-08T06:00:56.956+0000] {processor.py:830} INFO - Processing file /opt/airflow/dags/dynamic_etl_dag.py for tasks to queue
[2026-05-08T06:00:56.960+0000] {logging_mixin.py:188} INFO - [2026-05-08T06:00:56.959+0000] {dagbag.py:545} INFO - Filling up the DagBag from /opt/airflow/dags/dynamic_etl_dag.py
[2026-05-08T06:00:58.073+0000] {processor.py:840} INFO - DAG(s) 'dynamic_etl_framework' retrieved from /opt/airflow/dags/dynamic_etl_dag.py
[2026-05-08T06:00:58.277+0000] {logging_mixin.py:188} INFO - [2026-05-08T06:00:58.276+0000] {dag.py:3096} INFO - Sync 1 DAGs
[2026-05-08T06:00:58.305+0000] {logging_mixin.py:188} INFO - [2026-05-08T06:00:58.305+0000] {dag.py:3954} INFO - Setting next_dagrun for dynamic_etl_framework to 2026-05-08 00:00:00+00:00, run_after=2026-05-09 00:00:00+00:00
[2026-05-08T06:00:58.352+0000] {processor.py:183} INFO - Processing /opt/airflow/dags/dynamic_etl_dag.py took 1.407 seconds
[2026-05-08T06:01:28.817+0000] {processor.py:161} INFO - Started process (PID=1239) to work on /opt/airflow/dags/dynamic_etl_dag.py
[2026-05-08T06:01:28.818+0000] {processor.py:830} INFO - Processing file /opt/airflow/dags/dynamic_etl_dag.py for tasks to queue
[2026-05-08T06:01:28.820+0000] {logging_mixin.py:188} INFO - [2026-05-08T06:01:28.820+0000] {dagbag.py:545} INFO - Filling up the DagBag from /opt/airflow/dags/dynamic_etl_dag.py
[2026-05-08T06:01:29.930+0000] {processor.py:840} INFO - DAG(s) 'dynamic_etl_framework' retrieved from /opt/airflow/dags/dynamic_etl_dag.py
[2026-05-08T06:01:30.157+0000] {logging_mixin.py:188} INFO - [2026-05-08T06:01:30.156+0000] {dag.py:3096} INFO - Sync 1 DAGs
[2026-05-08T06:01:30.205+0000] {logging_mixin.py:188} INFO - [2026-05-08T06:01:30.204+0000] {dag.py:3954} INFO - Setting next_dagrun for dynamic_etl_framework to 2026-05-08 00:00:00+00:00, run_after=2026-05-09 00:00:00+00:00
[2026-05-08T06:01:30.265+0000] {processor.py:183} INFO - Processing /opt/airflow/dags/dynamic_etl_dag.py took 1.454 seconds
[2026-05-08T06:02:00.412+0000] {processor.py:161} INFO - Started process (PID=1245) to work on /opt/airflow/dags/dynamic_etl_dag.py
[2026-05-08T06:02:00.419+0000] {processor.py:830} INFO - Processing file /opt/airflow/dags/dynamic_etl_dag.py for tasks to queue
[2026-05-08T06:02:00.423+0000] {logging_mixin.py:188} INFO - [2026-05-08T06:02:00.423+0000] {dagbag.py:545} INFO - Filling up the DagBag from /opt/airflow/dags/dynamic_etl_dag.py
[2026-05-08T06:02:01.486+0000] {processor.py:840} INFO - DAG(s) 'dynamic_etl_framework' retrieved from /opt/airflow/dags/dynamic_etl_dag.py
[2026-05-08T06:02:01.702+0000] {logging_mixin.py:188} INFO - [2026-05-08T06:02:01.702+0000] {dag.py:3096} INFO - Sync 1 DAGs
[2026-05-08T06:02:01.734+0000] {logging_mixin.py:188} INFO - [2026-05-08T06:02:01.733+0000] {dag.py:3954} INFO - Setting next_dagrun for dynamic_etl_framework to 2026-05-08 00:00:00+00:00, run_after=2026-05-09 00:00:00+00:00
[2026-05-08T06:02:01.773+0000] {processor.py:183} INFO - Processing /opt/airflow/dags/dynamic_etl_dag.py took 1.372 seconds
[2026-05-08T06:02:31.995+0000] {processor.py:161} INFO - Started process (PID=1251) to work on /opt/airflow/dags/dynamic_etl_dag.py
[2026-05-08T06:02:31.998+0000] {processor.py:830} INFO - Processing file /opt/airflow/dags/dynamic_etl_dag.py for tasks to queue
[2026-05-08T06:02:32.004+0000] {logging_mixin.py:188} INFO - [2026-05-08T06:02:32.003+0000] {dagbag.py:545} INFO - Filling up the DagBag from /opt/airflow/dags/dynamic_etl_dag.py
[2026-05-08T06:02:33.343+0000] {processor.py:840} INFO - DAG(s) 'dynamic_etl_framework' retrieved from /opt/airflow/dags/dynamic_etl_dag.py
[2026-05-08T06:02:33.583+0000] {logging_mixin.py:188} INFO - [2026-05-08T06:02:33.582+0000] {dag.py:3096} INFO - Sync 1 DAGs
[2026-05-08T06:02:33.616+0000] {logging_mixin.py:188} INFO - [2026-05-08T06:02:33.615+0000] {dag.py:3954} INFO - Setting next_dagrun for dynamic_etl_framework to 2026-05-08 00:00:00+00:00, run_after=2026-05-09 00:00:00+00:00
[2026-05-08T06:02:33.681+0000] {processor.py:183} INFO - Processing /opt/airflow/dags/dynamic_etl_dag.py took 1.699 seconds
[2026-05-08T06:03:04.561+0000] {processor.py:161} INFO - Started process (PID=1257) to work on /opt/airflow/dags/dynamic_etl_dag.py
[2026-05-08T06:03:04.566+0000] {processor.py:830} INFO - Processing file /opt/airflow/dags/dynamic_etl_dag.py for tasks to queue
[2026-05-08T06:03:04.586+0000] {logging_mixin.py:188} INFO - [2026-05-08T06:03:04.583+0000] {dagbag.py:545} INFO - Filling up the DagBag from /opt/airflow/dags/dynamic_etl_dag.py
[2026-05-08T06:03:07.423+0000] {processor.py:840} INFO - DAG(s) 'dynamic_etl_framework' retrieved from /opt/airflow/dags/dynamic_etl_dag.py
[2026-05-08T06:03:07.688+0000] {logging_mixin.py:188} INFO - [2026-05-08T06:03:07.687+0000] {dag.py:3096} INFO - Sync 1 DAGs
[2026-05-08T06:03:07.744+0000] {logging_mixin.py:188} INFO - [2026-05-08T06:03:07.744+0000] {dag.py:3954} INFO - Setting next_dagrun for dynamic_etl_framework to 2026-05-08 00:00:00+00:00, run_after=2026-05-09 00:00:00+00:00
[2026-05-08T06:03:07.808+0000] {processor.py:183} INFO - Processing /opt/airflow/dags/dynamic_etl_dag.py took 3.289 seconds
[2026-05-08T06:03:38.187+0000] {processor.py:161} INFO - Started process (PID=1263) to work on /opt/airflow/dags/dynamic_etl_dag.py
[2026-05-08T06:03:38.188+0000] {processor.py:830} INFO - Processing file /opt/airflow/dags/dynamic_etl_dag.py for tasks to queue
[2026-05-08T06:03:38.192+0000] {logging_mixin.py:188} INFO - [2026-05-08T06:03:38.191+0000] {dagbag.py:545} INFO - Filling up the DagBag from /opt/airflow/dags/dynamic_etl_dag.py
[2026-05-08T06:03:39.398+0000] {processor.py:840} INFO - DAG(s) 'dynamic_etl_framework' retrieved from /opt/airflow/dags/dynamic_etl_dag.py
[2026-05-08T06:03:39.632+0000] {logging_mixin.py:188} INFO - [2026-05-08T06:03:39.631+0000] {dag.py:3096} INFO - Sync 1 DAGs
[2026-05-08T06:03:39.664+0000] {logging_mixin.py:188} INFO - [2026-05-08T06:03:39.664+0000] {dag.py:3954} INFO - Setting next_dagrun for dynamic_etl_framework to 2026-05-08 00:00:00+00:00, run_after=2026-05-09 00:00:00+00:00
[2026-05-08T06:03:39.718+0000] {processor.py:183} INFO - Processing /opt/airflow/dags/dynamic_etl_dag.py took 1.539 seconds
[2026-05-08T06:04:10.121+0000] {processor.py:161} INFO - Started process (PID=1269) to work on /opt/airflow/dags/dynamic_etl_dag.py
[2026-05-08T06:04:10.124+0000] {processor.py:830} INFO - Processing file /opt/airflow/dags/dynamic_etl_dag.py for tasks to queue
[2026-05-08T06:04:10.129+0000] {logging_mixin.py:188} INFO - [2026-05-08T06:04:10.128+0000] {dagbag.py:545} INFO - Filling up the DagBag from /opt/airflow/dags/dynamic_etl_dag.py
[2026-05-08T06:04:11.281+0000] {processor.py:840} INFO - DAG(s) 'dynamic_etl_framework' retrieved from /opt/airflow/dags/dynamic_etl_dag.py
[2026-05-08T06:04:11.492+0000] {logging_mixin.py:188} INFO - [2026-05-08T06:04:11.490+0000] {dag.py:3096} INFO - Sync 1 DAGs
[2026-05-08T06:04:11.521+0000] {logging_mixin.py:188} INFO - [2026-05-08T06:04:11.521+0000] {dag.py:3954} INFO - Setting next_dagrun for dynamic_etl_framework to 2026-05-08 00:00:00+00:00, run_after=2026-05-09 00:00:00+00:00
[2026-05-08T06:04:11.577+0000] {processor.py:183} INFO - Processing /opt/airflow/dags/dynamic_etl_dag.py took 1.469 seconds
[2026-05-08T06:04:41.788+0000] {processor.py:161} INFO - Started process (PID=1275) to work on /opt/airflow/dags/dynamic_etl_dag.py
[2026-05-08T06:04:41.793+0000] {processor.py:830} INFO - Processing file /opt/airflow/dags/dynamic_etl_dag.py for tasks to queue
[2026-05-08T06:04:41.798+0000] {logging_mixin.py:188} INFO - [2026-05-08T06:04:41.798+0000] {dagbag.py:545} INFO - Filling up the DagBag from /opt/airflow/dags/dynamic_etl_dag.py
[2026-05-08T06:04:42.979+0000] {processor.py:840} INFO - DAG(s) 'dynamic_etl_framework' retrieved from /opt/airflow/dags/dynamic_etl_dag.py
[2026-05-08T06:04:43.198+0000] {logging_mixin.py:188} INFO - [2026-05-08T06:04:43.197+0000] {dag.py:3096} INFO - Sync 1 DAGs
[2026-05-08T06:04:43.239+0000] {logging_mixin.py:188} INFO - [2026-05-08T06:04:43.239+0000] {dag.py:3954} INFO - Setting next_dagrun for dynamic_etl_framework to 2026-05-08 00:00:00+00:00, run_after=2026-05-09 00:00:00+00:00
[2026-05-08T06:04:43.303+0000] {processor.py:183} INFO - Processing /opt/airflow/dags/dynamic_etl_dag.py took 1.529 seconds
[2026-05-08T06:05:13.594+0000] {processor.py:161} INFO - Started process (PID=1281) to work on /opt/airflow/dags/dynamic_etl_dag.py
[2026-05-08T06:05:13.596+0000] {processor.py:830} INFO - Processing file /opt/airflow/dags/dynamic_etl_dag.py for tasks to queue
[2026-05-08T06:05:13.601+0000] {logging_mixin.py:188} INFO - [2026-05-08T06:05:13.601+0000] {dagbag.py:545} INFO - Filling up the DagBag from /opt/airflow/dags/dynamic_etl_dag.py
[2026-05-08T06:05:14.978+0000] {processor.py:840} INFO - DAG(s) 'dynamic_etl_framework' retrieved from /opt/airflow/dags/dynamic_etl_dag.py
[2026-05-08T06:05:15.192+0000] {logging_mixin.py:188} INFO - [2026-05-08T06:05:15.191+0000] {dag.py:3096} INFO - Sync 1 DAGs
[2026-05-08T06:05:15.225+0000] {logging_mixin.py:188} INFO - [2026-05-08T06:05:15.225+0000] {dag.py:3954} INFO - Setting next_dagrun for dynamic_etl_framework to 2026-05-08 00:00:00+00:00, run_after=2026-05-09 00:00:00+00:00
[2026-05-08T06:05:15.374+0000] {processor.py:183} INFO - Processing /opt/airflow/dags/dynamic_etl_dag.py took 1.790 seconds
[2026-05-08T06:05:45.538+0000] {processor.py:161} INFO - Started process (PID=1287) to work on /opt/airflow/dags/dynamic_etl_dag.py
[2026-05-08T06:05:45.540+0000] {processor.py:830} INFO - Processing file /opt/airflow/dags/dynamic_etl_dag.py for tasks to queue
[2026-05-08T06:05:45.545+0000] {logging_mixin.py:188} INFO - [2026-05-08T06:05:45.545+0000] {dagbag.py:545} INFO - Filling up the DagBag from /opt/airflow/dags/dynamic_etl_dag.py
[2026-05-08T06:05:46.744+0000] {processor.py:840} INFO - DAG(s) 'dynamic_etl_framework' retrieved from /opt/airflow/dags/dynamic_etl_dag.py
[2026-05-08T06:05:46.957+0000] {logging_mixin.py:188} INFO - [2026-05-08T06:05:46.957+0000] {dag.py:3096} INFO - Sync 1 DAGs
[2026-05-08T06:05:47.019+0000] {logging_mixin.py:188} INFO - [2026-05-08T06:05:47.018+0000] {dag.py:3954} INFO - Setting next_dagrun for dynamic_etl_framework to 2026-05-08 00:00:00+00:00, run_after=2026-05-09 00:00:00+00:00
[2026-05-08T06:05:47.081+0000] {processor.py:183} INFO - Processing /opt/airflow/dags/dynamic_etl_dag.py took 1.561 seconds
[2026-05-08T06:06:17.524+0000] {processor.py:161} INFO - Started process (PID=1293) to work on /opt/airflow/dags/dynamic_etl_dag.py
[2026-05-08T06:06:17.526+0000] {processor.py:830} INFO - Processing file /opt/airflow/dags/dynamic_etl_dag.py for tasks to queue
[2026-05-08T06:06:17.529+0000] {logging_mixin.py:188} INFO - [2026-05-08T06:06:17.528+0000] {dagbag.py:545} INFO - Filling up the DagBag from /opt/airflow/dags/dynamic_etl_dag.py
[2026-05-08T06:06:18.537+0000] {processor.py:840} INFO - DAG(s) 'dynamic_etl_framework' retrieved from /opt/airflow/dags/dynamic_etl_dag.py
[2026-05-08T06:06:18.766+0000] {logging_mixin.py:188} INFO - [2026-05-08T06:06:18.765+0000] {dag.py:3096} INFO - Sync 1 DAGs
[2026-05-08T06:06:18.803+0000] {logging_mixin.py:188} INFO - [2026-05-08T06:06:18.802+0000] {dag.py:3954} INFO - Setting next_dagrun for dynamic_etl_framework to 2026-05-08 00:00:00+00:00, run_after=2026-05-09 00:00:00+00:00
[2026-05-08T06:06:18.870+0000] {processor.py:183} INFO - Processing /opt/airflow/dags/dynamic_etl_dag.py took 1.355 seconds
[2026-05-08T06:06:49.374+0000] {processor.py:161} INFO - Started process (PID=1299) to work on /opt/airflow/dags/dynamic_etl_dag.py
[2026-05-08T06:06:49.376+0000] {processor.py:830} INFO - Processing file /opt/airflow/dags/dynamic_etl_dag.py for tasks to queue
[2026-05-08T06:06:49.379+0000] {logging_mixin.py:188} INFO - [2026-05-08T06:06:49.378+0000] {dagbag.py:545} INFO - Filling up the DagBag from /opt/airflow/dags/dynamic_etl_dag.py
[2026-05-08T06:06:50.417+0000] {processor.py:840} INFO - DAG(s) 'dynamic_etl_framework' retrieved from /opt/airflow/dags/dynamic_etl_dag.py
[2026-05-08T06:06:50.628+0000] {logging_mixin.py:188} INFO - [2026-05-08T06:06:50.627+0000] {dag.py:3096} INFO - Sync 1 DAGs
[2026-05-08T06:06:50.657+0000] {logging_mixin.py:188} INFO - [2026-05-08T06:06:50.656+0000] {dag.py:3954} INFO - Setting next_dagrun for dynamic_etl_framework to 2026-05-08 00:00:00+00:00, run_after=2026-05-09 00:00:00+00:00
[2026-05-08T06:06:50.696+0000] {processor.py:183} INFO - Processing /opt/airflow/dags/dynamic_etl_dag.py took 1.331 seconds
[2026-05-08T06:07:20.977+0000] {processor.py:161} INFO - Started process (PID=1305) to work on /opt/airflow/dags/dynamic_etl_dag.py
[2026-05-08T06:07:20.979+0000] {processor.py:830} INFO - Processing file /opt/airflow/dags/dynamic_etl_dag.py for tasks to queue
[2026-05-08T06:07:20.981+0000] {logging_mixin.py:188} INFO - [2026-05-08T06:07:20.981+0000] {dagbag.py:545} INFO - Filling up the DagBag from /opt/airflow/dags/dynamic_etl_dag.py
[2026-05-08T06:07:22.081+0000] {processor.py:840} INFO - DAG(s) 'dynamic_etl_framework' retrieved from /opt/airflow/dags/dynamic_etl_dag.py
[2026-05-08T06:07:22.291+0000] {logging_mixin.py:188} INFO - [2026-05-08T06:07:22.289+0000] {dag.py:3096} INFO - Sync 1 DAGs
[2026-05-08T06:07:22.319+0000] {logging_mixin.py:188} INFO - [2026-05-08T06:07:22.318+0000] {dag.py:3954} INFO - Setting next_dagrun for dynamic_etl_framework to 2026-05-08 00:00:00+00:00, run_after=2026-05-09 00:00:00+00:00
[2026-05-08T06:07:22.356+0000] {processor.py:183} INFO - Processing /opt/airflow/dags/dynamic_etl_dag.py took 1.387 seconds
[2026-05-08T06:07:53.122+0000] {processor.py:161} INFO - Started process (PID=1311) to work on /opt/airflow/dags/dynamic_etl_dag.py
[2026-05-08T06:07:53.123+0000] {processor.py:830} INFO - Processing file /opt/airflow/dags/dynamic_etl_dag.py for tasks to queue
[2026-05-08T06:07:53.127+0000] {logging_mixin.py:188} INFO - [2026-05-08T06:07:53.126+0000] {dagbag.py:545} INFO - Filling up the DagBag from /opt/airflow/dags/dynamic_etl_dag.py
[2026-05-08T06:07:54.096+0000] {processor.py:840} INFO - DAG(s) 'dynamic_etl_framework' retrieved from /opt/airflow/dags/dynamic_etl_dag.py
[2026-05-08T06:07:54.305+0000] {logging_mixin.py:188} INFO - [2026-05-08T06:07:54.304+0000] {dag.py:3096} INFO - Sync 1 DAGs
[2026-05-08T06:07:54.332+0000] {logging_mixin.py:188} INFO - [2026-05-08T06:07:54.332+0000] {dag.py:3954} INFO - Setting next_dagrun for dynamic_etl_framework to 2026-05-08 00:00:00+00:00, run_after=2026-05-09 00:00:00+00:00
[2026-05-08T06:07:54.374+0000] {processor.py:183} INFO - Processing /opt/airflow/dags/dynamic_etl_dag.py took 1.259 seconds
[2026-05-08T06:08:24.813+0000] {processor.py:161} INFO - Started process (PID=1317) to work on /opt/airflow/dags/dynamic_etl_dag.py
[2026-05-08T06:08:24.828+0000] {processor.py:830} INFO - Processing file /opt/airflow/dags/dynamic_etl_dag.py for tasks to queue
[2026-05-08T06:08:24.860+0000] {logging_mixin.py:188} INFO - [2026-05-08T06:08:24.855+0000] {dagbag.py:545} INFO - Filling up the DagBag from /opt/airflow/dags/dynamic_etl_dag.py
[2026-05-08T06:08:25.923+0000] {processor.py:840} INFO - DAG(s) 'dynamic_etl_framework' retrieved from /opt/airflow/dags/dynamic_etl_dag.py
[2026-05-08T06:08:26.128+0000] {logging_mixin.py:188} INFO - [2026-05-08T06:08:26.127+0000] {dag.py:3096} INFO - Sync 1 DAGs
[2026-05-08T06:08:26.158+0000] {logging_mixin.py:188} INFO - [2026-05-08T06:08:26.158+0000] {dag.py:3954} INFO - Setting next_dagrun for dynamic_etl_framework to 2026-05-08 00:00:00+00:00, run_after=2026-05-09 00:00:00+00:00
[2026-05-08T06:08:26.209+0000] {processor.py:183} INFO - Processing /opt/airflow/dags/dynamic_etl_dag.py took 1.495 seconds
[2026-05-08T06:08:56.664+0000] {processor.py:161} INFO - Started process (PID=1323) to work on /opt/airflow/dags/dynamic_etl_dag.py
[2026-05-08T06:08:56.666+0000] {processor.py:830} INFO - Processing file /opt/airflow/dags/dynamic_etl_dag.py for tasks to queue
[2026-05-08T06:08:56.668+0000] {logging_mixin.py:188} INFO - [2026-05-08T06:08:56.668+0000] {dagbag.py:545} INFO - Filling up the DagBag from /opt/airflow/dags/dynamic_etl_dag.py
[2026-05-08T06:08:57.655+0000] {processor.py:840} INFO - DAG(s) 'dynamic_etl_framework' retrieved from /opt/airflow/dags/dynamic_etl_dag.py
[2026-05-08T06:08:57.886+0000] {logging_mixin.py:188} INFO - [2026-05-08T06:08:57.885+0000] {dag.py:3096} INFO - Sync 1 DAGs
[2026-05-08T06:08:57.915+0000] {logging_mixin.py:188} INFO - [2026-05-08T06:08:57.914+0000] {dag.py:3954} INFO - Setting next_dagrun for dynamic_etl_framework to 2026-05-08 00:00:00+00:00, run_after=2026-05-09 00:00:00+00:00
[2026-05-08T06:08:57.972+0000] {processor.py:183} INFO - Processing /opt/airflow/dags/dynamic_etl_dag.py took 1.317 seconds
[2026-05-08T06:09:28.342+0000] {processor.py:161} INFO - Started process (PID=1329) to work on /opt/airflow/dags/dynamic_etl_dag.py
[2026-05-08T06:09:28.344+0000] {processor.py:830} INFO - Processing file /opt/airflow/dags/dynamic_etl_dag.py for tasks to queue
[2026-05-08T06:09:28.347+0000] {logging_mixin.py:188} INFO - [2026-05-08T06:09:28.346+0000] {dagbag.py:545} INFO - Filling up the DagBag from /opt/airflow/dags/dynamic_etl_dag.py
[2026-05-08T06:09:29.293+0000] {processor.py:840} INFO - DAG(s) 'dynamic_etl_framework' retrieved from /opt/airflow/dags/dynamic_etl_dag.py
[2026-05-08T06:09:29.507+0000] {logging_mixin.py:188} INFO - [2026-05-08T06:09:29.506+0000] {dag.py:3096} INFO - Sync 1 DAGs
[2026-05-08T06:09:29.539+0000] {logging_mixin.py:188} INFO - [2026-05-08T06:09:29.538+0000] {dag.py:3954} INFO - Setting next_dagrun for dynamic_etl_framework to 2026-05-08 00:00:00+00:00, run_after=2026-05-09 00:00:00+00:00
[2026-05-08T06:09:29.595+0000] {processor.py:183} INFO - Processing /opt/airflow/dags/dynamic_etl_dag.py took 1.258 seconds
[2026-05-08T06:10:00.048+0000] {processor.py:161} INFO - Started process (PID=1335) to work on /opt/airflow/dags/dynamic_etl_dag.py
[2026-05-08T06:10:00.051+0000] {processor.py:830} INFO - Processing file /opt/airflow/dags/dynamic_etl_dag.py for tasks to queue
[2026-05-08T06:10:00.056+0000] {logging_mixin.py:188} INFO - [2026-05-08T06:10:00.055+0000] {dagbag.py:545} INFO - Filling up the DagBag from /opt/airflow/dags/dynamic_etl_dag.py
[2026-05-08T06:10:01.219+0000] {processor.py:840} INFO - DAG(s) 'dynamic_etl_framework' retrieved from /opt/airflow/dags/dynamic_etl_dag.py
[2026-05-08T06:10:01.444+0000] {logging_mixin.py:188} INFO - [2026-05-08T06:10:01.443+0000] {dag.py:3096} INFO - Sync 1 DAGs
[2026-05-08T06:10:01.486+0000] {logging_mixin.py:188} INFO - [2026-05-08T06:10:01.485+0000] {dag.py:3954} INFO - Setting next_dagrun for dynamic_etl_framework to 2026-05-08 00:00:00+00:00, run_after=2026-05-09 00:00:00+00:00
[2026-05-08T06:10:01.531+0000] {processor.py:183} INFO - Processing /opt/airflow/dags/dynamic_etl_dag.py took 1.500 seconds
[2026-05-08T06:10:31.654+0000] {processor.py:161} INFO - Started process (PID=1341) to work on /opt/airflow/dags/dynamic_etl_dag.py
[2026-05-08T06:10:31.656+0000] {processor.py:830} INFO - Processing file /opt/airflow/dags/dynamic_etl_dag.py for tasks to queue
[2026-05-08T06:10:31.659+0000] {logging_mixin.py:188} INFO - [2026-05-08T06:10:31.659+0000] {dagbag.py:545} INFO - Filling up the DagBag from /opt/airflow/dags/dynamic_etl_dag.py
[2026-05-08T06:10:32.585+0000] {processor.py:840} INFO - DAG(s) 'dynamic_etl_framework' retrieved from /opt/airflow/dags/dynamic_etl_dag.py
[2026-05-08T06:10:32.796+0000] {logging_mixin.py:188} INFO - [2026-05-08T06:10:32.796+0000] {dag.py:3096} INFO - Sync 1 DAGs
[2026-05-08T06:10:32.822+0000] {logging_mixin.py:188} INFO - [2026-05-08T06:10:32.822+0000] {dag.py:3954} INFO - Setting next_dagrun for dynamic_etl_framework to 2026-05-08 00:00:00+00:00, run_after=2026-05-09 00:00:00+00:00
[2026-05-08T06:10:32.894+0000] {processor.py:183} INFO - Processing /opt/airflow/dags/dynamic_etl_dag.py took 1.248 seconds
[2026-05-08T06:11:03.375+0000] {processor.py:161} INFO - Started process (PID=1347) to work on /opt/airflow/dags/dynamic_etl_dag.py
[2026-05-08T06:11:03.377+0000] {processor.py:830} INFO - Processing file /opt/airflow/dags/dynamic_etl_dag.py for tasks to queue
[2026-05-08T06:11:03.381+0000] {logging_mixin.py:188} INFO - [2026-05-08T06:11:03.380+0000] {dagbag.py:545} INFO - Filling up the DagBag from /opt/airflow/dags/dynamic_etl_dag.py
[2026-05-08T06:11:04.589+0000] {processor.py:840} INFO - DAG(s) 'dynamic_etl_framework' retrieved from /opt/airflow/dags/dynamic_etl_dag.py
[2026-05-08T06:11:04.825+0000] {logging_mixin.py:188} INFO - [2026-05-08T06:11:04.824+0000] {dag.py:3096} INFO - Sync 1 DAGs
[2026-05-08T06:11:04.857+0000] {logging_mixin.py:188} INFO - [2026-05-08T06:11:04.856+0000] {dag.py:3954} INFO - Setting next_dagrun for dynamic_etl_framework to 2026-05-08 00:00:00+00:00, run_after=2026-05-09 00:00:00+00:00
[2026-05-08T06:11:04.921+0000] {processor.py:183} INFO - Processing /opt/airflow/dags/dynamic_etl_dag.py took 1.554 seconds
[2026-05-08T06:11:35.484+0000] {processor.py:161} INFO - Started process (PID=1353) to work on /opt/airflow/dags/dynamic_etl_dag.py
[2026-05-08T06:11:35.492+0000] {processor.py:830} INFO - Processing file /opt/airflow/dags/dynamic_etl_dag.py for tasks to queue
[2026-05-08T06:11:35.496+0000] {logging_mixin.py:188} INFO - [2026-05-08T06:11:35.495+0000] {dagbag.py:545} INFO - Filling up the DagBag from /opt/airflow/dags/dynamic_etl_dag.py
[2026-05-08T06:11:36.524+0000] {processor.py:840} INFO - DAG(s) 'dynamic_etl_framework' retrieved from /opt/airflow/dags/dynamic_etl_dag.py
[2026-05-08T06:11:36.755+0000] {logging_mixin.py:188} INFO - [2026-05-08T06:11:36.754+0000] {dag.py:3096} INFO - Sync 1 DAGs
[2026-05-08T06:11:36.790+0000] {logging_mixin.py:188} INFO - [2026-05-08T06:11:36.789+0000] {dag.py:3954} INFO - Setting next_dagrun for dynamic_etl_framework to 2026-05-08 00:00:00+00:00, run_after=2026-05-09 00:00:00+00:00
[2026-05-08T06:11:36.836+0000] {processor.py:183} INFO - Processing /opt/airflow/dags/dynamic_etl_dag.py took 1.363 seconds
[2026-05-08T06:12:07.301+0000] {processor.py:161} INFO - Started process (PID=1359) to work on /opt/airflow/dags/dynamic_etl_dag.py
[2026-05-08T06:12:07.303+0000] {processor.py:830} INFO - Processing file /opt/airflow/dags/dynamic_etl_dag.py for tasks to queue
[2026-05-08T06:12:07.307+0000] {logging_mixin.py:188} INFO - [2026-05-08T06:12:07.306+0000] {dagbag.py:545} INFO - Filling up the DagBag from /opt/airflow/dags/dynamic_etl_dag.py
[2026-05-08T06:12:08.367+0000] {processor.py:840} INFO - DAG(s) 'dynamic_etl_framework' retrieved from /opt/airflow/dags/dynamic_etl_dag.py
[2026-05-08T06:12:08.600+0000] {logging_mixin.py:188} INFO - [2026-05-08T06:12:08.599+0000] {dag.py:3096} INFO - Sync 1 DAGs
[2026-05-08T06:12:08.630+0000] {logging_mixin.py:188} INFO - [2026-05-08T06:12:08.630+0000] {dag.py:3954} INFO - Setting next_dagrun for dynamic_etl_framework to 2026-05-08 00:00:00+00:00, run_after=2026-05-09 00:00:00+00:00
[2026-05-08T06:12:08.681+0000] {processor.py:183} INFO - Processing /opt/airflow/dags/dynamic_etl_dag.py took 1.387 seconds
[2026-05-08T06:12:39.052+0000] {processor.py:161} INFO - Started process (PID=1365) to work on /opt/airflow/dags/dynamic_etl_dag.py
[2026-05-08T06:12:39.053+0000] {processor.py:830} INFO - Processing file /opt/airflow/dags/dynamic_etl_dag.py for tasks to queue
[2026-05-08T06:12:39.055+0000] {logging_mixin.py:188} INFO - [2026-05-08T06:12:39.055+0000] {dagbag.py:545} INFO - Filling up the DagBag from /opt/airflow/dags/dynamic_etl_dag.py
[2026-05-08T06:12:40.057+0000] {processor.py:840} INFO - DAG(s) 'dynamic_etl_framework' retrieved from /opt/airflow/dags/dynamic_etl_dag.py
[2026-05-08T06:12:40.261+0000] {logging_mixin.py:188} INFO - [2026-05-08T06:12:40.261+0000] {dag.py:3096} INFO - Sync 1 DAGs
[2026-05-08T06:12:40.298+0000] {logging_mixin.py:188} INFO - [2026-05-08T06:12:40.297+0000] {dag.py:3954} INFO - Setting next_dagrun for dynamic_etl_framework to 2026-05-08 00:00:00+00:00, run_after=2026-05-09 00:00:00+00:00
[2026-05-08T06:12:40.366+0000] {processor.py:183} INFO - Processing /opt/airflow/dags/dynamic_etl_dag.py took 1.320 seconds
[2026-05-08T06:13:10.776+0000] {processor.py:161} INFO - Started process (PID=1371) to work on /opt/airflow/dags/dynamic_etl_dag.py
[2026-05-08T06:13:10.777+0000] {processor.py:830} INFO - Processing file /opt/airflow/dags/dynamic_etl_dag.py for tasks to queue
[2026-05-08T06:13:10.779+0000] {logging_mixin.py:188} INFO - [2026-05-08T06:13:10.779+0000] {dagbag.py:545} INFO - Filling up the DagBag from /opt/airflow/dags/dynamic_etl_dag.py
[2026-05-08T06:13:11.780+0000] {processor.py:840} INFO - DAG(s) 'dynamic_etl_framework' retrieved from /opt/airflow/dags/dynamic_etl_dag.py
[2026-05-08T06:13:12.016+0000] {logging_mixin.py:188} INFO - [2026-05-08T06:13:12.015+0000] {dag.py:3096} INFO - Sync 1 DAGs
[2026-05-08T06:13:12.048+0000] {logging_mixin.py:188} INFO - [2026-05-08T06:13:12.048+0000] {dag.py:3954} INFO - Setting next_dagrun for dynamic_etl_framework to 2026-05-08 00:00:00+00:00, run_after=2026-05-09 00:00:00+00:00
[2026-05-08T06:13:12.094+0000] {processor.py:183} INFO - Processing /opt/airflow/dags/dynamic_etl_dag.py took 1.326 seconds
[2026-05-08T06:13:42.844+0000] {processor.py:161} INFO - Started process (PID=1377) to work on /opt/airflow/dags/dynamic_etl_dag.py
[2026-05-08T06:13:42.846+0000] {processor.py:830} INFO - Processing file /opt/airflow/dags/dynamic_etl_dag.py for tasks to queue
[2026-05-08T06:13:42.849+0000] {logging_mixin.py:188} INFO - [2026-05-08T06:13:42.849+0000] {dagbag.py:545} INFO - Filling up the DagBag from /opt/airflow/dags/dynamic_etl_dag.py
[2026-05-08T06:13:43.890+0000] {processor.py:840} INFO - DAG(s) 'dynamic_etl_framework' retrieved from /opt/airflow/dags/dynamic_etl_dag.py
[2026-05-08T06:13:44.110+0000] {logging_mixin.py:188} INFO - [2026-05-08T06:13:44.109+0000] {dag.py:3096} INFO - Sync 1 DAGs
[2026-05-08T06:13:44.143+0000] {logging_mixin.py:188} INFO - [2026-05-08T06:13:44.143+0000] {dag.py:3954} INFO - Setting next_dagrun for dynamic_etl_framework to 2026-05-08 00:00:00+00:00, run_after=2026-05-09 00:00:00+00:00
[2026-05-08T06:13:44.183+0000] {processor.py:183} INFO - Processing /opt/airflow/dags/dynamic_etl_dag.py took 1.344 seconds
[2026-05-08T06:14:14.395+0000] {processor.py:161} INFO - Started process (PID=1383) to work on /opt/airflow/dags/dynamic_etl_dag.py
[2026-05-08T06:14:14.397+0000] {processor.py:830} INFO - Processing file /opt/airflow/dags/dynamic_etl_dag.py for tasks to queue
[2026-05-08T06:14:14.401+0000] {logging_mixin.py:188} INFO - [2026-05-08T06:14:14.401+0000] {dagbag.py:545} INFO - Filling up the DagBag from /opt/airflow/dags/dynamic_etl_dag.py
[2026-05-08T06:14:15.532+0000] {processor.py:840} INFO - DAG(s) 'dynamic_etl_framework' retrieved from /opt/airflow/dags/dynamic_etl_dag.py
[2026-05-08T06:14:15.734+0000] {logging_mixin.py:188} INFO - [2026-05-08T06:14:15.734+0000] {dag.py:3096} INFO - Sync 1 DAGs
[2026-05-08T06:14:15.764+0000] {logging_mixin.py:188} INFO - [2026-05-08T06:14:15.763+0000] {dag.py:3954} INFO - Setting next_dagrun for dynamic_etl_framework to 2026-05-08 00:00:00+00:00, run_after=2026-05-09 00:00:00+00:00
[2026-05-08T06:14:15.815+0000] {processor.py:183} INFO - Processing /opt/airflow/dags/dynamic_etl_dag.py took 1.431 seconds
[2026-05-08T06:14:46.471+0000] {processor.py:161} INFO - Started process (PID=1389) to work on /opt/airflow/dags/dynamic_etl_dag.py
[2026-05-08T06:14:46.473+0000] {processor.py:830} INFO - Processing file /opt/airflow/dags/dynamic_etl_dag.py for tasks to queue
[2026-05-08T06:14:46.477+0000] {logging_mixin.py:188} INFO - [2026-05-08T06:14:46.476+0000] {dagbag.py:545} INFO - Filling up the DagBag from /opt/airflow/dags/dynamic_etl_dag.py
[2026-05-08T06:14:47.668+0000] {processor.py:840} INFO - DAG(s) 'dynamic_etl_framework' retrieved from /opt/airflow/dags/dynamic_etl_dag.py
[2026-05-08T06:14:47.889+0000] {logging_mixin.py:188} INFO - [2026-05-08T06:14:47.888+0000] {dag.py:3096} INFO - Sync 1 DAGs
[2026-05-08T06:14:47.928+0000] {logging_mixin.py:188} INFO - [2026-05-08T06:14:47.928+0000] {dag.py:3954} INFO - Setting next_dagrun for dynamic_etl_framework to 2026-05-08 00:00:00+00:00, run_after=2026-05-09 00:00:00+00:00
[2026-05-08T06:14:47.987+0000] {processor.py:183} INFO - Processing /opt/airflow/dags/dynamic_etl_dag.py took 1.524 seconds
[2026-05-08T06:15:18.526+0000] {processor.py:161} INFO - Started process (PID=1395) to work on /opt/airflow/dags/dynamic_etl_dag.py
[2026-05-08T06:15:18.527+0000] {processor.py:830} INFO - Processing file /opt/airflow/dags/dynamic_etl_dag.py for tasks to queue
[2026-05-08T06:15:18.531+0000] {logging_mixin.py:188} INFO - [2026-05-08T06:15:18.531+0000] {dagbag.py:545} INFO - Filling up the DagBag from /opt/airflow/dags/dynamic_etl_dag.py
[2026-05-08T06:15:19.631+0000] {processor.py:840} INFO - DAG(s) 'dynamic_etl_framework' retrieved from /opt/airflow/dags/dynamic_etl_dag.py
[2026-05-08T06:15:19.961+0000] {logging_mixin.py:188} INFO - [2026-05-08T06:15:19.960+0000] {dag.py:3096} INFO - Sync 1 DAGs
[2026-05-08T06:15:19.990+0000] {logging_mixin.py:188} INFO - [2026-05-08T06:15:19.990+0000] {dag.py:3954} INFO - Setting next_dagrun for dynamic_etl_framework to 2026-05-08 00:00:00+00:00, run_after=2026-05-09 00:00:00+00:00
[2026-05-08T06:15:20.048+0000] {processor.py:183} INFO - Processing /opt/airflow/dags/dynamic_etl_dag.py took 1.531 seconds
[2026-05-08T06:15:50.557+0000] {processor.py:161} INFO - Started process (PID=1401) to work on /opt/airflow/dags/dynamic_etl_dag.py
[2026-05-08T06:15:50.559+0000] {processor.py:830} INFO - Processing file /opt/airflow/dags/dynamic_etl_dag.py for tasks to queue
[2026-05-08T06:15:50.563+0000] {logging_mixin.py:188} INFO - [2026-05-08T06:15:50.562+0000] {dagbag.py:545} INFO - Filling up the DagBag from /opt/airflow/dags/dynamic_etl_dag.py
[2026-05-08T06:15:51.485+0000] {processor.py:840} INFO - DAG(s) 'dynamic_etl_framework' retrieved from /opt/airflow/dags/dynamic_etl_dag.py
[2026-05-08T06:15:51.687+0000] {logging_mixin.py:188} INFO - [2026-05-08T06:15:51.687+0000] {dag.py:3096} INFO - Sync 1 DAGs
[2026-05-08T06:15:51.715+0000] {logging_mixin.py:188} INFO - [2026-05-08T06:15:51.715+0000] {dag.py:3954} INFO - Setting next_dagrun for dynamic_etl_framework to 2026-05-08 00:00:00+00:00, run_after=2026-05-09 00:00:00+00:00
[2026-05-08T06:15:51.753+0000] {processor.py:183} INFO - Processing /opt/airflow/dags/dynamic_etl_dag.py took 1.207 seconds
[2026-05-08T06:16:22.125+0000] {processor.py:161} INFO - Started process (PID=1407) to work on /opt/airflow/dags/dynamic_etl_dag.py
[2026-05-08T06:16:22.126+0000] {processor.py:830} INFO - Processing file /opt/airflow/dags/dynamic_etl_dag.py for tasks to queue
[2026-05-08T06:16:22.129+0000] {logging_mixin.py:188} INFO - [2026-05-08T06:16:22.128+0000] {dagbag.py:545} INFO - Filling up the DagBag from /opt/airflow/dags/dynamic_etl_dag.py
[2026-05-08T06:16:23.086+0000] {processor.py:840} INFO - DAG(s) 'dynamic_etl_framework' retrieved from /opt/airflow/dags/dynamic_etl_dag.py
[2026-05-08T06:16:23.286+0000] {logging_mixin.py:188} INFO - [2026-05-08T06:16:23.285+0000] {dag.py:3096} INFO - Sync 1 DAGs
[2026-05-08T06:16:23.323+0000] {logging_mixin.py:188} INFO - [2026-05-08T06:16:23.323+0000] {dag.py:3954} INFO - Setting next_dagrun for dynamic_etl_framework to 2026-05-08 00:00:00+00:00, run_after=2026-05-09 00:00:00+00:00
[2026-05-08T06:16:23.368+0000] {processor.py:183} INFO - Processing /opt/airflow/dags/dynamic_etl_dag.py took 1.252 seconds
[2026-05-08T06:16:53.817+0000] {processor.py:161} INFO - Started process (PID=1413) to work on /opt/airflow/dags/dynamic_etl_dag.py
[2026-05-08T06:16:53.825+0000] {processor.py:830} INFO - Processing file /opt/airflow/dags/dynamic_etl_dag.py for tasks to queue
[2026-05-08T06:16:53.844+0000] {logging_mixin.py:188} INFO - [2026-05-08T06:16:53.843+0000] {dagbag.py:545} INFO - Filling up the DagBag from /opt/airflow/dags/dynamic_etl_dag.py
[2026-05-08T06:16:55.538+0000] {processor.py:840} INFO - DAG(s) 'dynamic_etl_framework' retrieved from /opt/airflow/dags/dynamic_etl_dag.py
[2026-05-08T06:16:55.730+0000] {logging_mixin.py:188} INFO - [2026-05-08T06:16:55.730+0000] {dag.py:3096} INFO - Sync 1 DAGs
[2026-05-08T06:16:55.762+0000] {logging_mixin.py:188} INFO - [2026-05-08T06:16:55.761+0000] {dag.py:3954} INFO - Setting next_dagrun for dynamic_etl_framework to 2026-05-08 00:00:00+00:00, run_after=2026-05-09 00:00:00+00:00
[2026-05-08T06:16:55.806+0000] {processor.py:183} INFO - Processing /opt/airflow/dags/dynamic_etl_dag.py took 2.001 seconds
[2026-05-08T06:17:26.273+0000] {processor.py:161} INFO - Started process (PID=1419) to work on /opt/airflow/dags/dynamic_etl_dag.py
[2026-05-08T06:17:26.274+0000] {processor.py:830} INFO - Processing file /opt/airflow/dags/dynamic_etl_dag.py for tasks to queue
[2026-05-08T06:17:26.276+0000] {logging_mixin.py:188} INFO - [2026-05-08T06:17:26.276+0000] {dagbag.py:545} INFO - Filling up the DagBag from /opt/airflow/dags/dynamic_etl_dag.py
[2026-05-08T06:17:27.206+0000] {processor.py:840} INFO - DAG(s) 'dynamic_etl_framework' retrieved from /opt/airflow/dags/dynamic_etl_dag.py
[2026-05-08T06:17:27.401+0000] {logging_mixin.py:188} INFO - [2026-05-08T06:17:27.401+0000] {dag.py:3096} INFO - Sync 1 DAGs
[2026-05-08T06:17:27.430+0000] {logging_mixin.py:188} INFO - [2026-05-08T06:17:27.430+0000] {dag.py:3954} INFO - Setting next_dagrun for dynamic_etl_framework to 2026-05-08 00:00:00+00:00, run_after=2026-05-09 00:00:00+00:00
[2026-05-08T06:17:27.510+0000] {processor.py:183} INFO - Processing /opt/airflow/dags/dynamic_etl_dag.py took 1.245 seconds
[2026-05-08T06:17:57.990+0000] {processor.py:161} INFO - Started process (PID=1425) to work on /opt/airflow/dags/dynamic_etl_dag.py
[2026-05-08T06:17:57.991+0000] {processor.py:830} INFO - Processing file /opt/airflow/dags/dynamic_etl_dag.py for tasks to queue
[2026-05-08T06:17:57.996+0000] {logging_mixin.py:188} INFO - [2026-05-08T06:17:57.996+0000] {dagbag.py:545} INFO - Filling up the DagBag from /opt/airflow/dags/dynamic_etl_dag.py
[2026-05-08T06:17:59.301+0000] {processor.py:840} INFO - DAG(s) 'dynamic_etl_framework' retrieved from /opt/airflow/dags/dynamic_etl_dag.py
[2026-05-08T06:17:59.523+0000] {logging_mixin.py:188} INFO - [2026-05-08T06:17:59.522+0000] {dag.py:3096} INFO - Sync 1 DAGs
[2026-05-08T06:17:59.554+0000] {logging_mixin.py:188} INFO - [2026-05-08T06:17:59.553+0000] {dag.py:3954} INFO - Setting next_dagrun for dynamic_etl_framework to 2026-05-08 00:00:00+00:00, run_after=2026-05-09 00:00:00+00:00
[2026-05-08T06:17:59.676+0000] {processor.py:183} INFO - Processing /opt/airflow/dags/dynamic_etl_dag.py took 1.693 seconds
[2026-05-08T06:18:30.383+0000] {processor.py:161} INFO - Started process (PID=1431) to work on /opt/airflow/dags/dynamic_etl_dag.py
[2026-05-08T06:18:30.386+0000] {processor.py:830} INFO - Processing file /opt/airflow/dags/dynamic_etl_dag.py for tasks to queue
[2026-05-08T06:18:30.390+0000] {logging_mixin.py:188} INFO - [2026-05-08T06:18:30.389+0000] {dagbag.py:545} INFO - Filling up the DagBag from /opt/airflow/dags/dynamic_etl_dag.py
[2026-05-08T06:18:31.417+0000] {processor.py:840} INFO - DAG(s) 'dynamic_etl_framework' retrieved from /opt/airflow/dags/dynamic_etl_dag.py
[2026-05-08T06:18:31.601+0000] {logging_mixin.py:188} INFO - [2026-05-08T06:18:31.600+0000] {dag.py:3096} INFO - Sync 1 DAGs
[2026-05-08T06:18:31.629+0000] {logging_mixin.py:188} INFO - [2026-05-08T06:18:31.628+0000] {dag.py:3954} INFO - Setting next_dagrun for dynamic_etl_framework to 2026-05-08 00:00:00+00:00, run_after=2026-05-09 00:00:00+00:00
[2026-05-08T06:18:31.673+0000] {processor.py:183} INFO - Processing /opt/airflow/dags/dynamic_etl_dag.py took 1.302 seconds
[2026-05-08T06:19:02.168+0000] {processor.py:161} INFO - Started process (PID=1437) to work on /opt/airflow/dags/dynamic_etl_dag.py
[2026-05-08T06:19:02.169+0000] {processor.py:830} INFO - Processing file /opt/airflow/dags/dynamic_etl_dag.py for tasks to queue
[2026-05-08T06:19:02.172+0000] {logging_mixin.py:188} INFO - [2026-05-08T06:19:02.171+0000] {dagbag.py:545} INFO - Filling up the DagBag from /opt/airflow/dags/dynamic_etl_dag.py
[2026-05-08T06:19:03.158+0000] {processor.py:840} INFO - DAG(s) 'dynamic_etl_framework' retrieved from /opt/airflow/dags/dynamic_etl_dag.py
[2026-05-08T06:19:03.354+0000] {logging_mixin.py:188} INFO - [2026-05-08T06:19:03.353+0000] {dag.py:3096} INFO - Sync 1 DAGs
[2026-05-08T06:19:03.381+0000] {logging_mixin.py:188} INFO - [2026-05-08T06:19:03.380+0000] {dag.py:3954} INFO - Setting next_dagrun for dynamic_etl_framework to 2026-05-08 00:00:00+00:00, run_after=2026-05-09 00:00:00+00:00
[2026-05-08T06:19:03.435+0000] {processor.py:183} INFO - Processing /opt/airflow/dags/dynamic_etl_dag.py took 1.273 seconds
[2026-05-08T06:19:33.834+0000] {processor.py:161} INFO - Started process (PID=1443) to work on /opt/airflow/dags/dynamic_etl_dag.py
[2026-05-08T06:19:33.836+0000] {processor.py:830} INFO - Processing file /opt/airflow/dags/dynamic_etl_dag.py for tasks to queue
[2026-05-08T06:19:33.840+0000] {logging_mixin.py:188} INFO - [2026-05-08T06:19:33.839+0000] {dagbag.py:545} INFO - Filling up the DagBag from /opt/airflow/dags/dynamic_etl_dag.py
[2026-05-08T06:19:34.776+0000] {processor.py:840} INFO - DAG(s) 'dynamic_etl_framework' retrieved from /opt/airflow/dags/dynamic_etl_dag.py
[2026-05-08T06:19:34.972+0000] {logging_mixin.py:188} INFO - [2026-05-08T06:19:34.970+0000] {dag.py:3096} INFO - Sync 1 DAGs
[2026-05-08T06:19:34.998+0000] {logging_mixin.py:188} INFO - [2026-05-08T06:19:34.998+0000] {dag.py:3954} INFO - Setting next_dagrun for dynamic_etl_framework to 2026-05-08 00:00:00+00:00, run_after=2026-05-09 00:00:00+00:00
[2026-05-08T06:19:35.035+0000] {processor.py:183} INFO - Processing /opt/airflow/dags/dynamic_etl_dag.py took 1.208 seconds
[2026-05-08T06:20:05.285+0000] {processor.py:161} INFO - Started process (PID=1449) to work on /opt/airflow/dags/dynamic_etl_dag.py
[2026-05-08T06:20:05.287+0000] {processor.py:830} INFO - Processing file /opt/airflow/dags/dynamic_etl_dag.py for tasks to queue
[2026-05-08T06:20:05.290+0000] {logging_mixin.py:188} INFO - [2026-05-08T06:20:05.290+0000] {dagbag.py:545} INFO - Filling up the DagBag from /opt/airflow/dags/dynamic_etl_dag.py
[2026-05-08T06:20:06.293+0000] {processor.py:840} INFO - DAG(s) 'dynamic_etl_framework' retrieved from /opt/airflow/dags/dynamic_etl_dag.py
[2026-05-08T06:20:06.500+0000] {logging_mixin.py:188} INFO - [2026-05-08T06:20:06.499+0000] {dag.py:3096} INFO - Sync 1 DAGs
[2026-05-08T06:20:06.531+0000] {logging_mixin.py:188} INFO - [2026-05-08T06:20:06.531+0000] {dag.py:3954} INFO - Setting next_dagrun for dynamic_etl_framework to 2026-05-08 00:00:00+00:00, run_after=2026-05-09 00:00:00+00:00
[2026-05-08T06:20:06.581+0000] {processor.py:183} INFO - Processing /opt/airflow/dags/dynamic_etl_dag.py took 1.304 seconds
[2026-05-08T06:20:37.218+0000] {processor.py:161} INFO - Started process (PID=1455) to work on /opt/airflow/dags/dynamic_etl_dag.py
[2026-05-08T06:20:37.220+0000] {processor.py:830} INFO - Processing file /opt/airflow/dags/dynamic_etl_dag.py for tasks to queue
[2026-05-08T06:20:37.223+0000] {logging_mixin.py:188} INFO - [2026-05-08T06:20:37.222+0000] {dagbag.py:545} INFO - Filling up the DagBag from /opt/airflow/dags/dynamic_etl_dag.py
[2026-05-08T06:20:38.191+0000] {processor.py:840} INFO - DAG(s) 'dynamic_etl_framework' retrieved from /opt/airflow/dags/dynamic_etl_dag.py
[2026-05-08T06:20:38.370+0000] {logging_mixin.py:188} INFO - [2026-05-08T06:20:38.369+0000] {dag.py:3096} INFO - Sync 1 DAGs
[2026-05-08T06:20:38.396+0000] {logging_mixin.py:188} INFO - [2026-05-08T06:20:38.396+0000] {dag.py:3954} INFO - Setting next_dagrun for dynamic_etl_framework to 2026-05-08 00:00:00+00:00, run_after=2026-05-09 00:00:00+00:00
[2026-05-08T06:20:38.460+0000] {processor.py:183} INFO - Processing /opt/airflow/dags/dynamic_etl_dag.py took 1.253 seconds
[2026-05-08T06:21:08.766+0000] {processor.py:161} INFO - Started process (PID=1461) to work on /opt/airflow/dags/dynamic_etl_dag.py
[2026-05-08T06:21:08.769+0000] {processor.py:830} INFO - Processing file /opt/airflow/dags/dynamic_etl_dag.py for tasks to queue
[2026-05-08T06:21:08.774+0000] {logging_mixin.py:188} INFO - [2026-05-08T06:21:08.773+0000] {dagbag.py:545} INFO - Filling up the DagBag from /opt/airflow/dags/dynamic_etl_dag.py
[2026-05-08T06:21:09.946+0000] {processor.py:840} INFO - DAG(s) 'dynamic_etl_framework' retrieved from /opt/airflow/dags/dynamic_etl_dag.py
[2026-05-08T06:21:10.201+0000] {logging_mixin.py:188} INFO - [2026-05-08T06:21:10.200+0000] {dag.py:3096} INFO - Sync 1 DAGs
[2026-05-08T06:21:10.232+0000] {logging_mixin.py:188} INFO - [2026-05-08T06:21:10.232+0000] {dag.py:3954} INFO - Setting next_dagrun for dynamic_etl_framework to 2026-05-08 00:00:00+00:00, run_after=2026-05-09 00:00:00+00:00
[2026-05-08T06:21:10.266+0000] {processor.py:183} INFO - Processing /opt/airflow/dags/dynamic_etl_dag.py took 1.515 seconds
[2026-05-08T06:21:40.507+0000] {processor.py:161} INFO - Started process (PID=1467) to work on /opt/airflow/dags/dynamic_etl_dag.py
[2026-05-08T06:21:40.509+0000] {processor.py:830} INFO - Processing file /opt/airflow/dags/dynamic_etl_dag.py for tasks to queue
[2026-05-08T06:21:40.511+0000] {logging_mixin.py:188} INFO - [2026-05-08T06:21:40.510+0000] {dagbag.py:545} INFO - Filling up the DagBag from /opt/airflow/dags/dynamic_etl_dag.py
[2026-05-08T06:21:41.388+0000] {processor.py:840} INFO - DAG(s) 'dynamic_etl_framework' retrieved from /opt/airflow/dags/dynamic_etl_dag.py
[2026-05-08T06:21:41.578+0000] {logging_mixin.py:188} INFO - [2026-05-08T06:21:41.578+0000] {dag.py:3096} INFO - Sync 1 DAGs
[2026-05-08T06:21:41.617+0000] {logging_mixin.py:188} INFO - [2026-05-08T06:21:41.616+0000] {dag.py:3954} INFO - Setting next_dagrun for dynamic_etl_framework to 2026-05-08 00:00:00+00:00, run_after=2026-05-09 00:00:00+00:00
[2026-05-08T06:21:41.674+0000] {processor.py:183} INFO - Processing /opt/airflow/dags/dynamic_etl_dag.py took 1.174 seconds
[2026-05-08T06:22:12.090+0000] {processor.py:161} INFO - Started process (PID=1473) to work on /opt/airflow/dags/dynamic_etl_dag.py
[2026-05-08T06:22:12.093+0000] {processor.py:830} INFO - Processing file /opt/airflow/dags/dynamic_etl_dag.py for tasks to queue
[2026-05-08T06:22:12.097+0000] {logging_mixin.py:188} INFO - [2026-05-08T06:22:12.096+0000] {dagbag.py:545} INFO - Filling up the DagBag from /opt/airflow/dags/dynamic_etl_dag.py
[2026-05-08T06:22:13.409+0000] {processor.py:840} INFO - DAG(s) 'dynamic_etl_framework' retrieved from /opt/airflow/dags/dynamic_etl_dag.py
[2026-05-08T06:22:13.607+0000] {logging_mixin.py:188} INFO - [2026-05-08T06:22:13.607+0000] {dag.py:3096} INFO - Sync 1 DAGs
[2026-05-08T06:22:13.640+0000] {logging_mixin.py:188} INFO - [2026-05-08T06:22:13.640+0000] {dag.py:3954} INFO - Setting next_dagrun for dynamic_etl_framework to 2026-05-08 00:00:00+00:00, run_after=2026-05-09 00:00:00+00:00
[2026-05-08T06:22:13.697+0000] {processor.py:183} INFO - Processing /opt/airflow/dags/dynamic_etl_dag.py took 1.619 seconds
[2026-05-08T06:22:44.064+0000] {processor.py:161} INFO - Started process (PID=1479) to work on /opt/airflow/dags/dynamic_etl_dag.py
[2026-05-08T06:22:44.066+0000] {processor.py:830} INFO - Processing file /opt/airflow/dags/dynamic_etl_dag.py for tasks to queue
[2026-05-08T06:22:44.070+0000] {logging_mixin.py:188} INFO - [2026-05-08T06:22:44.069+0000] {dagbag.py:545} INFO - Filling up the DagBag from /opt/airflow/dags/dynamic_etl_dag.py
[2026-05-08T06:22:45.329+0000] {processor.py:840} INFO - DAG(s) 'dynamic_etl_framework' retrieved from /opt/airflow/dags/dynamic_etl_dag.py
[2026-05-08T06:22:45.542+0000] {logging_mixin.py:188} INFO - [2026-05-08T06:22:45.540+0000] {dag.py:3096} INFO - Sync 1 DAGs
[2026-05-08T06:22:45.576+0000] {logging_mixin.py:188} INFO - [2026-05-08T06:22:45.576+0000] {dag.py:3954} INFO - Setting next_dagrun for dynamic_etl_framework to 2026-05-08 00:00:00+00:00, run_after=2026-05-09 00:00:00+00:00
[2026-05-08T06:22:45.624+0000] {processor.py:183} INFO - Processing /opt/airflow/dags/dynamic_etl_dag.py took 1.573 seconds
[2026-05-08T06:23:15.949+0000] {processor.py:161} INFO - Started process (PID=1485) to work on /opt/airflow/dags/dynamic_etl_dag.py
[2026-05-08T06:23:15.951+0000] {processor.py:830} INFO - Processing file /opt/airflow/dags/dynamic_etl_dag.py for tasks to queue
[2026-05-08T06:23:15.953+0000] {logging_mixin.py:188} INFO - [2026-05-08T06:23:15.953+0000] {dagbag.py:545} INFO - Filling up the DagBag from /opt/airflow/dags/dynamic_etl_dag.py
[2026-05-08T06:23:17.021+0000] {processor.py:840} INFO - DAG(s) 'dynamic_etl_framework' retrieved from /opt/airflow/dags/dynamic_etl_dag.py
[2026-05-08T06:23:17.233+0000] {logging_mixin.py:188} INFO - [2026-05-08T06:23:17.232+0000] {dag.py:3096} INFO - Sync 1 DAGs
[2026-05-08T06:23:17.260+0000] {logging_mixin.py:188} INFO - [2026-05-08T06:23:17.260+0000] {dag.py:3954} INFO - Setting next_dagrun for dynamic_etl_framework to 2026-05-08 00:00:00+00:00, run_after=2026-05-09 00:00:00+00:00
[2026-05-08T06:23:17.308+0000] {processor.py:183} INFO - Processing /opt/airflow/dags/dynamic_etl_dag.py took 1.367 seconds
[2026-05-08T06:23:47.769+0000] {processor.py:161} INFO - Started process (PID=1491) to work on /opt/airflow/dags/dynamic_etl_dag.py
[2026-05-08T06:23:47.771+0000] {processor.py:830} INFO - Processing file /opt/airflow/dags/dynamic_etl_dag.py for tasks to queue
[2026-05-08T06:23:47.775+0000] {logging_mixin.py:188} INFO - [2026-05-08T06:23:47.774+0000] {dagbag.py:545} INFO - Filling up the DagBag from /opt/airflow/dags/dynamic_etl_dag.py
[2026-05-08T06:23:48.845+0000] {processor.py:840} INFO - DAG(s) 'dynamic_etl_framework' retrieved from /opt/airflow/dags/dynamic_etl_dag.py
[2026-05-08T06:23:49.050+0000] {logging_mixin.py:188} INFO - [2026-05-08T06:23:49.049+0000] {dag.py:3096} INFO - Sync 1 DAGs
[2026-05-08T06:23:49.077+0000] {logging_mixin.py:188} INFO - [2026-05-08T06:23:49.076+0000] {dag.py:3954} INFO - Setting next_dagrun for dynamic_etl_framework to 2026-05-08 00:00:00+00:00, run_after=2026-05-09 00:00:00+00:00
[2026-05-08T06:23:49.126+0000] {processor.py:183} INFO - Processing /opt/airflow/dags/dynamic_etl_dag.py took 1.366 seconds
[2026-05-08T06:24:19.594+0000] {processor.py:161} INFO - Started process (PID=1497) to work on /opt/airflow/dags/dynamic_etl_dag.py
[2026-05-08T06:24:19.595+0000] {processor.py:830} INFO - Processing file /opt/airflow/dags/dynamic_etl_dag.py for tasks to queue
[2026-05-08T06:24:19.598+0000] {logging_mixin.py:188} INFO - [2026-05-08T06:24:19.597+0000] {dagbag.py:545} INFO - Filling up the DagBag from /opt/airflow/dags/dynamic_etl_dag.py
[2026-05-08T06:24:20.520+0000] {processor.py:840} INFO - DAG(s) 'dynamic_etl_framework' retrieved from /opt/airflow/dags/dynamic_etl_dag.py
[2026-05-08T06:24:20.717+0000] {logging_mixin.py:188} INFO - [2026-05-08T06:24:20.716+0000] {dag.py:3096} INFO - Sync 1 DAGs
[2026-05-08T06:24:20.754+0000] {logging_mixin.py:188} INFO - [2026-05-08T06:24:20.754+0000] {dag.py:3954} INFO - Setting next_dagrun for dynamic_etl_framework to 2026-05-08 00:00:00+00:00, run_after=2026-05-09 00:00:00+00:00
[2026-05-08T06:24:20.800+0000] {processor.py:183} INFO - Processing /opt/airflow/dags/dynamic_etl_dag.py took 1.214 seconds
[2026-05-08T06:24:51.272+0000] {processor.py:161} INFO - Started process (PID=1503) to work on /opt/airflow/dags/dynamic_etl_dag.py
[2026-05-08T06:24:51.281+0000] {processor.py:830} INFO - Processing file /opt/airflow/dags/dynamic_etl_dag.py for tasks to queue
[2026-05-08T06:24:51.286+0000] {logging_mixin.py:188} INFO - [2026-05-08T06:24:51.286+0000] {dagbag.py:545} INFO - Filling up the DagBag from /opt/airflow/dags/dynamic_etl_dag.py
[2026-05-08T06:24:52.313+0000] {processor.py:840} INFO - DAG(s) 'dynamic_etl_framework' retrieved from /opt/airflow/dags/dynamic_etl_dag.py
[2026-05-08T06:24:52.547+0000] {logging_mixin.py:188} INFO - [2026-05-08T06:24:52.547+0000] {dag.py:3096} INFO - Sync 1 DAGs
[2026-05-08T06:24:52.576+0000] {logging_mixin.py:188} INFO - [2026-05-08T06:24:52.575+0000] {dag.py:3954} INFO - Setting next_dagrun for dynamic_etl_framework to 2026-05-08 00:00:00+00:00, run_after=2026-05-09 00:00:00+00:00
[2026-05-08T06:24:52.622+0000] {processor.py:183} INFO - Processing /opt/airflow/dags/dynamic_etl_dag.py took 1.356 seconds
[2026-05-08T06:25:22.928+0000] {processor.py:161} INFO - Started process (PID=1509) to work on /opt/airflow/dags/dynamic_etl_dag.py
[2026-05-08T06:25:22.930+0000] {processor.py:830} INFO - Processing file /opt/airflow/dags/dynamic_etl_dag.py for tasks to queue
[2026-05-08T06:25:22.934+0000] {logging_mixin.py:188} INFO - [2026-05-08T06:25:22.933+0000] {dagbag.py:545} INFO - Filling up the DagBag from /opt/airflow/dags/dynamic_etl_dag.py
[2026-05-08T06:25:24.035+0000] {processor.py:840} INFO - DAG(s) 'dynamic_etl_framework' retrieved from /opt/airflow/dags/dynamic_etl_dag.py
[2026-05-08T06:25:24.229+0000] {logging_mixin.py:188} INFO - [2026-05-08T06:25:24.229+0000] {dag.py:3096} INFO - Sync 1 DAGs
[2026-05-08T06:25:24.259+0000] {logging_mixin.py:188} INFO - [2026-05-08T06:25:24.259+0000] {dag.py:3954} INFO - Setting next_dagrun for dynamic_etl_framework to 2026-05-08 00:00:00+00:00, run_after=2026-05-09 00:00:00+00:00
[2026-05-08T06:25:24.310+0000] {processor.py:183} INFO - Processing /opt/airflow/dags/dynamic_etl_dag.py took 1.392 seconds
[2026-05-08T06:25:54.667+0000] {processor.py:161} INFO - Started process (PID=1515) to work on /opt/airflow/dags/dynamic_etl_dag.py
[2026-05-08T06:25:54.670+0000] {processor.py:830} INFO - Processing file /opt/airflow/dags/dynamic_etl_dag.py for tasks to queue
[2026-05-08T06:25:54.672+0000] {logging_mixin.py:188} INFO - [2026-05-08T06:25:54.672+0000] {dagbag.py:545} INFO - Filling up the DagBag from /opt/airflow/dags/dynamic_etl_dag.py
[2026-05-08T06:25:55.884+0000] {processor.py:840} INFO - DAG(s) 'dynamic_etl_framework' retrieved from /opt/airflow/dags/dynamic_etl_dag.py
[2026-05-08T06:25:56.118+0000] {logging_mixin.py:188} INFO - [2026-05-08T06:25:56.118+0000] {dag.py:3096} INFO - Sync 1 DAGs
[2026-05-08T06:25:56.168+0000] {logging_mixin.py:188} INFO - [2026-05-08T06:25:56.168+0000] {dag.py:3954} INFO - Setting next_dagrun for dynamic_etl_framework to 2026-05-08 00:00:00+00:00, run_after=2026-05-09 00:00:00+00:00
[2026-05-08T06:25:56.220+0000] {processor.py:183} INFO - Processing /opt/airflow/dags/dynamic_etl_dag.py took 1.560 seconds
[2026-05-08T06:26:26.323+0000] {processor.py:161} INFO - Started process (PID=1521) to work on /opt/airflow/dags/dynamic_etl_dag.py
[2026-05-08T06:26:26.324+0000] {processor.py:830} INFO - Processing file /opt/airflow/dags/dynamic_etl_dag.py for tasks to queue
[2026-05-08T06:26:26.328+0000] {logging_mixin.py:188} INFO - [2026-05-08T06:26:26.327+0000] {dagbag.py:545} INFO - Filling up the DagBag from /opt/airflow/dags/dynamic_etl_dag.py
[2026-05-08T06:26:27.427+0000] {processor.py:840} INFO - DAG(s) 'dynamic_etl_framework' retrieved from /opt/airflow/dags/dynamic_etl_dag.py
[2026-05-08T06:26:27.636+0000] {logging_mixin.py:188} INFO - [2026-05-08T06:26:27.635+0000] {dag.py:3096} INFO - Sync 1 DAGs
[2026-05-08T06:26:27.669+0000] {logging_mixin.py:188} INFO - [2026-05-08T06:26:27.668+0000] {dag.py:3954} INFO - Setting next_dagrun for dynamic_etl_framework to 2026-05-08 00:00:00+00:00, run_after=2026-05-09 00:00:00+00:00
[2026-05-08T06:26:27.734+0000] {processor.py:183} INFO - Processing /opt/airflow/dags/dynamic_etl_dag.py took 1.419 seconds
[2026-05-08T06:26:57.870+0000] {processor.py:161} INFO - Started process (PID=1527) to work on /opt/airflow/dags/dynamic_etl_dag.py
[2026-05-08T06:26:57.871+0000] {processor.py:830} INFO - Processing file /opt/airflow/dags/dynamic_etl_dag.py for tasks to queue
[2026-05-08T06:26:57.873+0000] {logging_mixin.py:188} INFO - [2026-05-08T06:26:57.872+0000] {dagbag.py:545} INFO - Filling up the DagBag from /opt/airflow/dags/dynamic_etl_dag.py
[2026-05-08T06:26:58.833+0000] {processor.py:840} INFO - DAG(s) 'dynamic_etl_framework' retrieved from /opt/airflow/dags/dynamic_etl_dag.py
[2026-05-08T06:26:59.119+0000] {logging_mixin.py:188} INFO - [2026-05-08T06:26:59.119+0000] {dag.py:3096} INFO - Sync 1 DAGs
[2026-05-08T06:26:59.190+0000] {logging_mixin.py:188} INFO - [2026-05-08T06:26:59.190+0000] {dag.py:3954} INFO - Setting next_dagrun for dynamic_etl_framework to 2026-05-08 00:00:00+00:00, run_after=2026-05-09 00:00:00+00:00
[2026-05-08T06:26:59.263+0000] {processor.py:183} INFO - Processing /opt/airflow/dags/dynamic_etl_dag.py took 1.399 seconds
[2026-05-08T06:27:29.676+0000] {processor.py:161} INFO - Started process (PID=1533) to work on /opt/airflow/dags/dynamic_etl_dag.py
[2026-05-08T06:27:29.678+0000] {processor.py:830} INFO - Processing file /opt/airflow/dags/dynamic_etl_dag.py for tasks to queue
[2026-05-08T06:27:29.682+0000] {logging_mixin.py:188} INFO - [2026-05-08T06:27:29.681+0000] {dagbag.py:545} INFO - Filling up the DagBag from /opt/airflow/dags/dynamic_etl_dag.py
[2026-05-08T06:27:30.611+0000] {processor.py:840} INFO - DAG(s) 'dynamic_etl_framework' retrieved from /opt/airflow/dags/dynamic_etl_dag.py
[2026-05-08T06:27:30.809+0000] {logging_mixin.py:188} INFO - [2026-05-08T06:27:30.809+0000] {dag.py:3096} INFO - Sync 1 DAGs
[2026-05-08T06:27:30.842+0000] {logging_mixin.py:188} INFO - [2026-05-08T06:27:30.841+0000] {dag.py:3954} INFO - Setting next_dagrun for dynamic_etl_framework to 2026-05-08 00:00:00+00:00, run_after=2026-05-09 00:00:00+00:00
[2026-05-08T06:27:30.896+0000] {processor.py:183} INFO - Processing /opt/airflow/dags/dynamic_etl_dag.py took 1.230 seconds
[2026-05-08T06:28:01.765+0000] {processor.py:161} INFO - Started process (PID=1539) to work on /opt/airflow/dags/dynamic_etl_dag.py
[2026-05-08T06:28:01.767+0000] {processor.py:830} INFO - Processing file /opt/airflow/dags/dynamic_etl_dag.py for tasks to queue
[2026-05-08T06:28:01.770+0000] {logging_mixin.py:188} INFO - [2026-05-08T06:28:01.769+0000] {dagbag.py:545} INFO - Filling up the DagBag from /opt/airflow/dags/dynamic_etl_dag.py
[2026-05-08T06:28:02.879+0000] {processor.py:840} INFO - DAG(s) 'dynamic_etl_framework' retrieved from /opt/airflow/dags/dynamic_etl_dag.py
[2026-05-08T06:28:03.060+0000] {logging_mixin.py:188} INFO - [2026-05-08T06:28:03.060+0000] {dag.py:3096} INFO - Sync 1 DAGs
[2026-05-08T06:28:03.086+0000] {logging_mixin.py:188} INFO - [2026-05-08T06:28:03.086+0000] {dag.py:3954} INFO - Setting next_dagrun for dynamic_etl_framework to 2026-05-08 00:00:00+00:00, run_after=2026-05-09 00:00:00+00:00
[2026-05-08T06:28:03.123+0000] {processor.py:183} INFO - Processing /opt/airflow/dags/dynamic_etl_dag.py took 1.364 seconds
[2026-05-08T06:28:33.634+0000] {processor.py:161} INFO - Started process (PID=1545) to work on /opt/airflow/dags/dynamic_etl_dag.py
[2026-05-08T06:28:33.637+0000] {processor.py:830} INFO - Processing file /opt/airflow/dags/dynamic_etl_dag.py for tasks to queue
[2026-05-08T06:28:33.642+0000] {logging_mixin.py:188} INFO - [2026-05-08T06:28:33.641+0000] {dagbag.py:545} INFO - Filling up the DagBag from /opt/airflow/dags/dynamic_etl_dag.py
[2026-05-08T06:28:35.015+0000] {processor.py:840} INFO - DAG(s) 'dynamic_etl_framework' retrieved from /opt/airflow/dags/dynamic_etl_dag.py
[2026-05-08T06:28:35.251+0000] {logging_mixin.py:188} INFO - [2026-05-08T06:28:35.250+0000] {dag.py:3096} INFO - Sync 1 DAGs
[2026-05-08T06:28:35.285+0000] {logging_mixin.py:188} INFO - [2026-05-08T06:28:35.285+0000] {dag.py:3954} INFO - Setting next_dagrun for dynamic_etl_framework to 2026-05-08 00:00:00+00:00, run_after=2026-05-09 00:00:00+00:00
[2026-05-08T06:28:35.329+0000] {processor.py:183} INFO - Processing /opt/airflow/dags/dynamic_etl_dag.py took 1.707 seconds
[2026-05-08T06:29:05.828+0000] {processor.py:161} INFO - Started process (PID=1551) to work on /opt/airflow/dags/dynamic_etl_dag.py
[2026-05-08T06:29:05.829+0000] {processor.py:830} INFO - Processing file /opt/airflow/dags/dynamic_etl_dag.py for tasks to queue
[2026-05-08T06:29:05.833+0000] {logging_mixin.py:188} INFO - [2026-05-08T06:29:05.832+0000] {dagbag.py:545} INFO - Filling up the DagBag from /opt/airflow/dags/dynamic_etl_dag.py
[2026-05-08T06:29:06.701+0000] {processor.py:840} INFO - DAG(s) 'dynamic_etl_framework' retrieved from /opt/airflow/dags/dynamic_etl_dag.py
[2026-05-08T06:29:06.897+0000] {logging_mixin.py:188} INFO - [2026-05-08T06:29:06.896+0000] {dag.py:3096} INFO - Sync 1 DAGs
[2026-05-08T06:29:06.927+0000] {logging_mixin.py:188} INFO - [2026-05-08T06:29:06.927+0000] {dag.py:3954} INFO - Setting next_dagrun for dynamic_etl_framework to 2026-05-08 00:00:00+00:00, run_after=2026-05-09 00:00:00+00:00
[2026-05-08T06:29:06.970+0000] {processor.py:183} INFO - Processing /opt/airflow/dags/dynamic_etl_dag.py took 1.149 seconds
[2026-05-08T06:29:37.407+0000] {processor.py:161} INFO - Started process (PID=1557) to work on /opt/airflow/dags/dynamic_etl_dag.py
[2026-05-08T06:29:37.408+0000] {processor.py:830} INFO - Processing file /opt/airflow/dags/dynamic_etl_dag.py for tasks to queue
[2026-05-08T06:29:37.412+0000] {logging_mixin.py:188} INFO - [2026-05-08T06:29:37.412+0000] {dagbag.py:545} INFO - Filling up the DagBag from /opt/airflow/dags/dynamic_etl_dag.py
[2026-05-08T06:29:38.434+0000] {processor.py:840} INFO - DAG(s) 'dynamic_etl_framework' retrieved from /opt/airflow/dags/dynamic_etl_dag.py
[2026-05-08T06:29:38.654+0000] {logging_mixin.py:188} INFO - [2026-05-08T06:29:38.653+0000] {dag.py:3096} INFO - Sync 1 DAGs
[2026-05-08T06:29:38.682+0000] {logging_mixin.py:188} INFO - [2026-05-08T06:29:38.681+0000] {dag.py:3954} INFO - Setting next_dagrun for dynamic_etl_framework to 2026-05-08 00:00:00+00:00, run_after=2026-05-09 00:00:00+00:00
[2026-05-08T06:29:38.731+0000] {processor.py:183} INFO - Processing /opt/airflow/dags/dynamic_etl_dag.py took 1.331 seconds
[2026-05-08T06:30:09.227+0000] {processor.py:161} INFO - Started process (PID=1563) to work on /opt/airflow/dags/dynamic_etl_dag.py
[2026-05-08T06:30:09.229+0000] {processor.py:830} INFO - Processing file /opt/airflow/dags/dynamic_etl_dag.py for tasks to queue
[2026-05-08T06:30:09.233+0000] {logging_mixin.py:188} INFO - [2026-05-08T06:30:09.233+0000] {dagbag.py:545} INFO - Filling up the DagBag from /opt/airflow/dags/dynamic_etl_dag.py
[2026-05-08T06:30:10.183+0000] {processor.py:840} INFO - DAG(s) 'dynamic_etl_framework' retrieved from /opt/airflow/dags/dynamic_etl_dag.py
[2026-05-08T06:30:10.378+0000] {logging_mixin.py:188} INFO - [2026-05-08T06:30:10.377+0000] {dag.py:3096} INFO - Sync 1 DAGs
[2026-05-08T06:30:10.408+0000] {logging_mixin.py:188} INFO - [2026-05-08T06:30:10.408+0000] {dag.py:3954} INFO - Setting next_dagrun for dynamic_etl_framework to 2026-05-08 00:00:00+00:00, run_after=2026-05-09 00:00:00+00:00
[2026-05-08T06:30:10.461+0000] {processor.py:183} INFO - Processing /opt/airflow/dags/dynamic_etl_dag.py took 1.241 seconds
[2026-05-08T06:30:41.046+0000] {processor.py:161} INFO - Started process (PID=1569) to work on /opt/airflow/dags/dynamic_etl_dag.py
[2026-05-08T06:30:41.048+0000] {processor.py:830} INFO - Processing file /opt/airflow/dags/dynamic_etl_dag.py for tasks to queue
[2026-05-08T06:30:41.052+0000] {logging_mixin.py:188} INFO - [2026-05-08T06:30:41.052+0000] {dagbag.py:545} INFO - Filling up the DagBag from /opt/airflow/dags/dynamic_etl_dag.py
[2026-05-08T06:30:42.208+0000] {processor.py:840} INFO - DAG(s) 'dynamic_etl_framework' retrieved from /opt/airflow/dags/dynamic_etl_dag.py
[2026-05-08T06:30:42.473+0000] {logging_mixin.py:188} INFO - [2026-05-08T06:30:42.472+0000] {dag.py:3096} INFO - Sync 1 DAGs
[2026-05-08T06:30:42.509+0000] {logging_mixin.py:188} INFO - [2026-05-08T06:30:42.509+0000] {dag.py:3954} INFO - Setting next_dagrun for dynamic_etl_framework to 2026-05-08 00:00:00+00:00, run_after=2026-05-09 00:00:00+00:00
[2026-05-08T06:30:42.573+0000] {processor.py:183} INFO - Processing /opt/airflow/dags/dynamic_etl_dag.py took 1.537 seconds
[2026-05-08T06:31:12.755+0000] {processor.py:161} INFO - Started process (PID=1575) to work on /opt/airflow/dags/dynamic_etl_dag.py
[2026-05-08T06:31:12.757+0000] {processor.py:830} INFO - Processing file /opt/airflow/dags/dynamic_etl_dag.py for tasks to queue
[2026-05-08T06:31:12.763+0000] {logging_mixin.py:188} INFO - [2026-05-08T06:31:12.762+0000] {dagbag.py:545} INFO - Filling up the DagBag from /opt/airflow/dags/dynamic_etl_dag.py
[2026-05-08T06:31:13.840+0000] {processor.py:840} INFO - DAG(s) 'dynamic_etl_framework' retrieved from /opt/airflow/dags/dynamic_etl_dag.py
[2026-05-08T06:31:14.139+0000] {logging_mixin.py:188} INFO - [2026-05-08T06:31:14.139+0000] {dag.py:3096} INFO - Sync 1 DAGs
[2026-05-08T06:31:14.169+0000] {logging_mixin.py:188} INFO - [2026-05-08T06:31:14.169+0000] {dag.py:3954} INFO - Setting next_dagrun for dynamic_etl_framework to 2026-05-08 00:00:00+00:00, run_after=2026-05-09 00:00:00+00:00
[2026-05-08T06:31:14.225+0000] {processor.py:183} INFO - Processing /opt/airflow/dags/dynamic_etl_dag.py took 1.478 seconds
[2026-05-08T06:31:44.369+0000] {processor.py:161} INFO - Started process (PID=1581) to work on /opt/airflow/dags/dynamic_etl_dag.py
[2026-05-08T06:31:44.371+0000] {processor.py:830} INFO - Processing file /opt/airflow/dags/dynamic_etl_dag.py for tasks to queue
[2026-05-08T06:31:44.374+0000] {logging_mixin.py:188} INFO - [2026-05-08T06:31:44.373+0000] {dagbag.py:545} INFO - Filling up the DagBag from /opt/airflow/dags/dynamic_etl_dag.py
[2026-05-08T06:31:45.349+0000] {processor.py:840} INFO - DAG(s) 'dynamic_etl_framework' retrieved from /opt/airflow/dags/dynamic_etl_dag.py
[2026-05-08T06:31:45.530+0000] {logging_mixin.py:188} INFO - [2026-05-08T06:31:45.529+0000] {dag.py:3096} INFO - Sync 1 DAGs
[2026-05-08T06:31:45.568+0000] {logging_mixin.py:188} INFO - [2026-05-08T06:31:45.568+0000] {dag.py:3954} INFO - Setting next_dagrun for dynamic_etl_framework to 2026-05-08 00:00:00+00:00, run_after=2026-05-09 00:00:00+00:00
[2026-05-08T06:31:45.619+0000] {processor.py:183} INFO - Processing /opt/airflow/dags/dynamic_etl_dag.py took 1.257 seconds
[2026-05-08T06:32:16.019+0000] {processor.py:161} INFO - Started process (PID=1587) to work on /opt/airflow/dags/dynamic_etl_dag.py
[2026-05-08T06:32:16.022+0000] {processor.py:830} INFO - Processing file /opt/airflow/dags/dynamic_etl_dag.py for tasks to queue
[2026-05-08T06:32:16.040+0000] {logging_mixin.py:188} INFO - [2026-05-08T06:32:16.039+0000] {dagbag.py:545} INFO - Filling up the DagBag from /opt/airflow/dags/dynamic_etl_dag.py
[2026-05-08T06:32:17.319+0000] {processor.py:840} INFO - DAG(s) 'dynamic_etl_framework' retrieved from /opt/airflow/dags/dynamic_etl_dag.py
[2026-05-08T06:32:17.531+0000] {logging_mixin.py:188} INFO - [2026-05-08T06:32:17.530+0000] {dag.py:3096} INFO - Sync 1 DAGs
[2026-05-08T06:32:17.568+0000] {logging_mixin.py:188} INFO - [2026-05-08T06:32:17.568+0000] {dag.py:3954} INFO - Setting next_dagrun for dynamic_etl_framework to 2026-05-08 00:00:00+00:00, run_after=2026-05-09 00:00:00+00:00
[2026-05-08T06:32:17.616+0000] {processor.py:183} INFO - Processing /opt/airflow/dags/dynamic_etl_dag.py took 1.607 seconds
[2026-05-08T06:32:48.220+0000] {processor.py:161} INFO - Started process (PID=1593) to work on /opt/airflow/dags/dynamic_etl_dag.py
[2026-05-08T06:32:48.222+0000] {processor.py:830} INFO - Processing file /opt/airflow/dags/dynamic_etl_dag.py for tasks to queue
[2026-05-08T06:32:48.225+0000] {logging_mixin.py:188} INFO - [2026-05-08T06:32:48.225+0000] {dagbag.py:545} INFO - Filling up the DagBag from /opt/airflow/dags/dynamic_etl_dag.py
[2026-05-08T06:32:49.198+0000] {processor.py:840} INFO - DAG(s) 'dynamic_etl_framework' retrieved from /opt/airflow/dags/dynamic_etl_dag.py
[2026-05-08T06:32:49.381+0000] {logging_mixin.py:188} INFO - [2026-05-08T06:32:49.380+0000] {dag.py:3096} INFO - Sync 1 DAGs
[2026-05-08T06:32:49.430+0000] {logging_mixin.py:188} INFO - [2026-05-08T06:32:49.429+0000] {dag.py:3954} INFO - Setting next_dagrun for dynamic_etl_framework to 2026-05-08 00:00:00+00:00, run_after=2026-05-09 00:00:00+00:00
[2026-05-08T06:32:49.478+0000] {processor.py:183} INFO - Processing /opt/airflow/dags/dynamic_etl_dag.py took 1.265 seconds
[2026-05-08T06:33:19.879+0000] {processor.py:161} INFO - Started process (PID=1599) to work on /opt/airflow/dags/dynamic_etl_dag.py
[2026-05-08T06:33:19.881+0000] {processor.py:830} INFO - Processing file /opt/airflow/dags/dynamic_etl_dag.py for tasks to queue
[2026-05-08T06:33:19.884+0000] {logging_mixin.py:188} INFO - [2026-05-08T06:33:19.883+0000] {dagbag.py:545} INFO - Filling up the DagBag from /opt/airflow/dags/dynamic_etl_dag.py
[2026-05-08T06:33:21.112+0000] {processor.py:840} INFO - DAG(s) 'dynamic_etl_framework' retrieved from /opt/airflow/dags/dynamic_etl_dag.py
[2026-05-08T06:33:21.372+0000] {logging_mixin.py:188} INFO - [2026-05-08T06:33:21.371+0000] {dag.py:3096} INFO - Sync 1 DAGs
[2026-05-08T06:33:21.410+0000] {logging_mixin.py:188} INFO - [2026-05-08T06:33:21.410+0000] {dag.py:3954} INFO - Setting next_dagrun for dynamic_etl_framework to 2026-05-08 00:00:00+00:00, run_after=2026-05-09 00:00:00+00:00
[2026-05-08T06:33:21.474+0000] {processor.py:183} INFO - Processing /opt/airflow/dags/dynamic_etl_dag.py took 1.604 seconds
[2026-05-08T06:33:51.990+0000] {processor.py:161} INFO - Started process (PID=1605) to work on /opt/airflow/dags/dynamic_etl_dag.py
[2026-05-08T06:33:51.992+0000] {processor.py:830} INFO - Processing file /opt/airflow/dags/dynamic_etl_dag.py for tasks to queue
[2026-05-08T06:33:51.996+0000] {logging_mixin.py:188} INFO - [2026-05-08T06:33:51.995+0000] {dagbag.py:545} INFO - Filling up the DagBag from /opt/airflow/dags/dynamic_etl_dag.py
[2026-05-08T06:33:53.041+0000] {processor.py:840} INFO - DAG(s) 'dynamic_etl_framework' retrieved from /opt/airflow/dags/dynamic_etl_dag.py
[2026-05-08T06:33:53.236+0000] {logging_mixin.py:188} INFO - [2026-05-08T06:33:53.235+0000] {dag.py:3096} INFO - Sync 1 DAGs
[2026-05-08T06:33:53.276+0000] {logging_mixin.py:188} INFO - [2026-05-08T06:33:53.275+0000] {dag.py:3954} INFO - Setting next_dagrun for dynamic_etl_framework to 2026-05-08 00:00:00+00:00, run_after=2026-05-09 00:00:00+00:00
[2026-05-08T06:33:53.328+0000] {processor.py:183} INFO - Processing /opt/airflow/dags/dynamic_etl_dag.py took 1.347 seconds
[2026-05-08T06:34:23.563+0000] {processor.py:161} INFO - Started process (PID=1611) to work on /opt/airflow/dags/dynamic_etl_dag.py
[2026-05-08T06:34:23.565+0000] {processor.py:830} INFO - Processing file /opt/airflow/dags/dynamic_etl_dag.py for tasks to queue
[2026-05-08T06:34:23.568+0000] {logging_mixin.py:188} INFO - [2026-05-08T06:34:23.568+0000] {dagbag.py:545} INFO - Filling up the DagBag from /opt/airflow/dags/dynamic_etl_dag.py
[2026-05-08T06:34:24.590+0000] {processor.py:840} INFO - DAG(s) 'dynamic_etl_framework' retrieved from /opt/airflow/dags/dynamic_etl_dag.py
[2026-05-08T06:34:24.789+0000] {logging_mixin.py:188} INFO - [2026-05-08T06:34:24.789+0000] {dag.py:3096} INFO - Sync 1 DAGs
[2026-05-08T06:34:24.821+0000] {logging_mixin.py:188} INFO - [2026-05-08T06:34:24.821+0000] {dag.py:3954} INFO - Setting next_dagrun for dynamic_etl_framework to 2026-05-08 00:00:00+00:00, run_after=2026-05-09 00:00:00+00:00
[2026-05-08T06:34:24.869+0000] {processor.py:183} INFO - Processing /opt/airflow/dags/dynamic_etl_dag.py took 1.319 seconds
[2026-05-08T06:34:55.354+0000] {processor.py:161} INFO - Started process (PID=1617) to work on /opt/airflow/dags/dynamic_etl_dag.py
[2026-05-08T06:34:55.356+0000] {processor.py:830} INFO - Processing file /opt/airflow/dags/dynamic_etl_dag.py for tasks to queue
[2026-05-08T06:34:55.360+0000] {logging_mixin.py:188} INFO - [2026-05-08T06:34:55.359+0000] {dagbag.py:545} INFO - Filling up the DagBag from /opt/airflow/dags/dynamic_etl_dag.py
[2026-05-08T06:34:56.399+0000] {processor.py:840} INFO - DAG(s) 'dynamic_etl_framework' retrieved from /opt/airflow/dags/dynamic_etl_dag.py
[2026-05-08T06:34:56.610+0000] {logging_mixin.py:188} INFO - [2026-05-08T06:34:56.609+0000] {dag.py:3096} INFO - Sync 1 DAGs
[2026-05-08T06:34:56.638+0000] {logging_mixin.py:188} INFO - [2026-05-08T06:34:56.638+0000] {dag.py:3954} INFO - Setting next_dagrun for dynamic_etl_framework to 2026-05-08 00:00:00+00:00, run_after=2026-05-09 00:00:00+00:00
[2026-05-08T06:34:56.688+0000] {processor.py:183} INFO - Processing /opt/airflow/dags/dynamic_etl_dag.py took 1.342 seconds
[2026-05-08T06:35:27.193+0000] {processor.py:161} INFO - Started process (PID=1623) to work on /opt/airflow/dags/dynamic_etl_dag.py
[2026-05-08T06:35:27.195+0000] {processor.py:830} INFO - Processing file /opt/airflow/dags/dynamic_etl_dag.py for tasks to queue
[2026-05-08T06:35:27.201+0000] {logging_mixin.py:188} INFO - [2026-05-08T06:35:27.201+0000] {dagbag.py:545} INFO - Filling up the DagBag from /opt/airflow/dags/dynamic_etl_dag.py
[2026-05-08T06:35:28.350+0000] {processor.py:840} INFO - DAG(s) 'dynamic_etl_framework' retrieved from /opt/airflow/dags/dynamic_etl_dag.py
[2026-05-08T06:35:28.593+0000] {logging_mixin.py:188} INFO - [2026-05-08T06:35:28.592+0000] {dag.py:3096} INFO - Sync 1 DAGs
[2026-05-08T06:35:28.636+0000] {logging_mixin.py:188} INFO - [2026-05-08T06:35:28.636+0000] {dag.py:3954} INFO - Setting next_dagrun for dynamic_etl_framework to 2026-05-08 00:00:00+00:00, run_after=2026-05-09 00:00:00+00:00
[2026-05-08T06:35:28.708+0000] {processor.py:183} INFO - Processing /opt/airflow/dags/dynamic_etl_dag.py took 1.528 seconds
[2026-05-08T06:35:58.907+0000] {processor.py:161} INFO - Started process (PID=1629) to work on /opt/airflow/dags/dynamic_etl_dag.py
[2026-05-08T06:35:58.908+0000] {processor.py:830} INFO - Processing file /opt/airflow/dags/dynamic_etl_dag.py for tasks to queue
[2026-05-08T06:35:58.912+0000] {logging_mixin.py:188} INFO - [2026-05-08T06:35:58.911+0000] {dagbag.py:545} INFO - Filling up the DagBag from /opt/airflow/dags/dynamic_etl_dag.py
[2026-05-08T06:35:59.911+0000] {processor.py:840} INFO - DAG(s) 'dynamic_etl_framework' retrieved from /opt/airflow/dags/dynamic_etl_dag.py
[2026-05-08T06:36:00.126+0000] {logging_mixin.py:188} INFO - [2026-05-08T06:36:00.126+0000] {dag.py:3096} INFO - Sync 1 DAGs
[2026-05-08T06:36:00.210+0000] {logging_mixin.py:188} INFO - [2026-05-08T06:36:00.209+0000] {dag.py:3954} INFO - Setting next_dagrun for dynamic_etl_framework to 2026-05-08 00:00:00+00:00, run_after=2026-05-09 00:00:00+00:00
[2026-05-08T06:36:00.261+0000] {processor.py:183} INFO - Processing /opt/airflow/dags/dynamic_etl_dag.py took 1.361 seconds
[2026-05-08T06:36:30.419+0000] {processor.py:161} INFO - Started process (PID=1635) to work on /opt/airflow/dags/dynamic_etl_dag.py
[2026-05-08T06:36:30.422+0000] {processor.py:830} INFO - Processing file /opt/airflow/dags/dynamic_etl_dag.py for tasks to queue
[2026-05-08T06:36:30.425+0000] {logging_mixin.py:188} INFO - [2026-05-08T06:36:30.424+0000] {dagbag.py:545} INFO - Filling up the DagBag from /opt/airflow/dags/dynamic_etl_dag.py
[2026-05-08T06:36:31.570+0000] {processor.py:840} INFO - DAG(s) 'dynamic_etl_framework' retrieved from /opt/airflow/dags/dynamic_etl_dag.py
[2026-05-08T06:36:31.793+0000] {logging_mixin.py:188} INFO - [2026-05-08T06:36:31.792+0000] {dag.py:3096} INFO - Sync 1 DAGs
[2026-05-08T06:36:31.822+0000] {logging_mixin.py:188} INFO - [2026-05-08T06:36:31.822+0000] {dag.py:3954} INFO - Setting next_dagrun for dynamic_etl_framework to 2026-05-08 00:00:00+00:00, run_after=2026-05-09 00:00:00+00:00
[2026-05-08T06:36:31.871+0000] {processor.py:183} INFO - Processing /opt/airflow/dags/dynamic_etl_dag.py took 1.465 seconds
[2026-05-08T06:37:02.425+0000] {processor.py:161} INFO - Started process (PID=1641) to work on /opt/airflow/dags/dynamic_etl_dag.py
[2026-05-08T06:37:02.427+0000] {processor.py:830} INFO - Processing file /opt/airflow/dags/dynamic_etl_dag.py for tasks to queue
[2026-05-08T06:37:02.430+0000] {logging_mixin.py:188} INFO - [2026-05-08T06:37:02.429+0000] {dagbag.py:545} INFO - Filling up the DagBag from /opt/airflow/dags/dynamic_etl_dag.py
[2026-05-08T06:37:03.668+0000] {processor.py:840} INFO - DAG(s) 'dynamic_etl_framework' retrieved from /opt/airflow/dags/dynamic_etl_dag.py
[2026-05-08T06:37:03.870+0000] {logging_mixin.py:188} INFO - [2026-05-08T06:37:03.870+0000] {dag.py:3096} INFO - Sync 1 DAGs
[2026-05-08T06:37:03.899+0000] {logging_mixin.py:188} INFO - [2026-05-08T06:37:03.898+0000] {dag.py:3954} INFO - Setting next_dagrun for dynamic_etl_framework to 2026-05-08 00:00:00+00:00, run_after=2026-05-09 00:00:00+00:00
[2026-05-08T06:37:03.953+0000] {processor.py:183} INFO - Processing /opt/airflow/dags/dynamic_etl_dag.py took 1.535 seconds
[2026-05-08T06:37:34.656+0000] {processor.py:161} INFO - Started process (PID=1647) to work on /opt/airflow/dags/dynamic_etl_dag.py
[2026-05-08T06:37:34.658+0000] {processor.py:830} INFO - Processing file /opt/airflow/dags/dynamic_etl_dag.py for tasks to queue
[2026-05-08T06:37:34.662+0000] {logging_mixin.py:188} INFO - [2026-05-08T06:37:34.661+0000] {dagbag.py:545} INFO - Filling up the DagBag from /opt/airflow/dags/dynamic_etl_dag.py
[2026-05-08T06:37:35.795+0000] {processor.py:840} INFO - DAG(s) 'dynamic_etl_framework' retrieved from /opt/airflow/dags/dynamic_etl_dag.py
[2026-05-08T06:37:36.011+0000] {logging_mixin.py:188} INFO - [2026-05-08T06:37:36.010+0000] {dag.py:3096} INFO - Sync 1 DAGs
[2026-05-08T06:37:36.044+0000] {logging_mixin.py:188} INFO - [2026-05-08T06:37:36.044+0000] {dag.py:3954} INFO - Setting next_dagrun for dynamic_etl_framework to 2026-05-08 00:00:00+00:00, run_after=2026-05-09 00:00:00+00:00
[2026-05-08T06:37:36.087+0000] {processor.py:183} INFO - Processing /opt/airflow/dags/dynamic_etl_dag.py took 1.443 seconds
[2026-05-08T06:38:06.667+0000] {processor.py:161} INFO - Started process (PID=1653) to work on /opt/airflow/dags/dynamic_etl_dag.py
[2026-05-08T06:38:06.669+0000] {processor.py:830} INFO - Processing file /opt/airflow/dags/dynamic_etl_dag.py for tasks to queue
[2026-05-08T06:38:06.671+0000] {logging_mixin.py:188} INFO - [2026-05-08T06:38:06.671+0000] {dagbag.py:545} INFO - Filling up the DagBag from /opt/airflow/dags/dynamic_etl_dag.py
[2026-05-08T06:38:07.605+0000] {processor.py:840} INFO - DAG(s) 'dynamic_etl_framework' retrieved from /opt/airflow/dags/dynamic_etl_dag.py
[2026-05-08T06:38:07.844+0000] {logging_mixin.py:188} INFO - [2026-05-08T06:38:07.841+0000] {dag.py:3096} INFO - Sync 1 DAGs
[2026-05-08T06:38:07.886+0000] {logging_mixin.py:188} INFO - [2026-05-08T06:38:07.886+0000] {dag.py:3954} INFO - Setting next_dagrun for dynamic_etl_framework to 2026-05-08 00:00:00+00:00, run_after=2026-05-09 00:00:00+00:00
[2026-05-08T06:38:07.947+0000] {processor.py:183} INFO - Processing /opt/airflow/dags/dynamic_etl_dag.py took 1.286 seconds
[2026-05-08T06:38:38.286+0000] {processor.py:161} INFO - Started process (PID=1659) to work on /opt/airflow/dags/dynamic_etl_dag.py
[2026-05-08T06:38:38.288+0000] {processor.py:830} INFO - Processing file /opt/airflow/dags/dynamic_etl_dag.py for tasks to queue
[2026-05-08T06:38:38.294+0000] {logging_mixin.py:188} INFO - [2026-05-08T06:38:38.294+0000] {dagbag.py:545} INFO - Filling up the DagBag from /opt/airflow/dags/dynamic_etl_dag.py
[2026-05-08T06:38:39.332+0000] {processor.py:840} INFO - DAG(s) 'dynamic_etl_framework' retrieved from /opt/airflow/dags/dynamic_etl_dag.py
[2026-05-08T06:38:39.529+0000] {logging_mixin.py:188} INFO - [2026-05-08T06:38:39.528+0000] {dag.py:3096} INFO - Sync 1 DAGs
[2026-05-08T06:38:39.577+0000] {logging_mixin.py:188} INFO - [2026-05-08T06:38:39.576+0000] {dag.py:3954} INFO - Setting next_dagrun for dynamic_etl_framework to 2026-05-08 00:00:00+00:00, run_after=2026-05-09 00:00:00+00:00
[2026-05-08T06:38:39.637+0000] {processor.py:183} INFO - Processing /opt/airflow/dags/dynamic_etl_dag.py took 1.358 seconds
[2026-05-08T06:39:10.074+0000] {processor.py:161} INFO - Started process (PID=1665) to work on /opt/airflow/dags/dynamic_etl_dag.py
[2026-05-08T06:39:10.076+0000] {processor.py:830} INFO - Processing file /opt/airflow/dags/dynamic_etl_dag.py for tasks to queue
[2026-05-08T06:39:10.081+0000] {logging_mixin.py:188} INFO - [2026-05-08T06:39:10.080+0000] {dagbag.py:545} INFO - Filling up the DagBag from /opt/airflow/dags/dynamic_etl_dag.py
[2026-05-08T06:39:11.156+0000] {processor.py:840} INFO - DAG(s) 'dynamic_etl_framework' retrieved from /opt/airflow/dags/dynamic_etl_dag.py
[2026-05-08T06:39:11.371+0000] {logging_mixin.py:188} INFO - [2026-05-08T06:39:11.371+0000] {dag.py:3096} INFO - Sync 1 DAGs
[2026-05-08T06:39:11.398+0000] {logging_mixin.py:188} INFO - [2026-05-08T06:39:11.398+0000] {dag.py:3954} INFO - Setting next_dagrun for dynamic_etl_framework to 2026-05-08 00:00:00+00:00, run_after=2026-05-09 00:00:00+00:00
[2026-05-08T06:39:11.457+0000] {processor.py:183} INFO - Processing /opt/airflow/dags/dynamic_etl_dag.py took 1.393 seconds
[2026-05-08T06:39:41.895+0000] {processor.py:161} INFO - Started process (PID=1671) to work on /opt/airflow/dags/dynamic_etl_dag.py
[2026-05-08T06:39:41.898+0000] {processor.py:830} INFO - Processing file /opt/airflow/dags/dynamic_etl_dag.py for tasks to queue
[2026-05-08T06:39:41.902+0000] {logging_mixin.py:188} INFO - [2026-05-08T06:39:41.902+0000] {dagbag.py:545} INFO - Filling up the DagBag from /opt/airflow/dags/dynamic_etl_dag.py
[2026-05-08T06:39:42.831+0000] {processor.py:840} INFO - DAG(s) 'dynamic_etl_framework' retrieved from /opt/airflow/dags/dynamic_etl_dag.py
[2026-05-08T06:39:43.130+0000] {logging_mixin.py:188} INFO - [2026-05-08T06:39:43.129+0000] {dag.py:3096} INFO - Sync 1 DAGs
[2026-05-08T06:39:43.157+0000] {logging_mixin.py:188} INFO - [2026-05-08T06:39:43.157+0000] {dag.py:3954} INFO - Setting next_dagrun for dynamic_etl_framework to 2026-05-08 00:00:00+00:00, run_after=2026-05-09 00:00:00+00:00
[2026-05-08T06:39:43.202+0000] {processor.py:183} INFO - Processing /opt/airflow/dags/dynamic_etl_dag.py took 1.328 seconds
[2026-05-08T06:40:13.610+0000] {processor.py:161} INFO - Started process (PID=1677) to work on /opt/airflow/dags/dynamic_etl_dag.py
[2026-05-08T06:40:13.612+0000] {processor.py:830} INFO - Processing file /opt/airflow/dags/dynamic_etl_dag.py for tasks to queue
[2026-05-08T06:40:13.615+0000] {logging_mixin.py:188} INFO - [2026-05-08T06:40:13.614+0000] {dagbag.py:545} INFO - Filling up the DagBag from /opt/airflow/dags/dynamic_etl_dag.py
[2026-05-08T06:40:14.604+0000] {processor.py:840} INFO - DAG(s) 'dynamic_etl_framework' retrieved from /opt/airflow/dags/dynamic_etl_dag.py
[2026-05-08T06:40:14.807+0000] {logging_mixin.py:188} INFO - [2026-05-08T06:40:14.807+0000] {dag.py:3096} INFO - Sync 1 DAGs
[2026-05-08T06:40:14.834+0000] {logging_mixin.py:188} INFO - [2026-05-08T06:40:14.834+0000] {dag.py:3954} INFO - Setting next_dagrun for dynamic_etl_framework to 2026-05-08 00:00:00+00:00, run_after=2026-05-09 00:00:00+00:00
[2026-05-08T06:40:14.871+0000] {processor.py:183} INFO - Processing /opt/airflow/dags/dynamic_etl_dag.py took 1.272 seconds
[2026-05-08T06:40:45.278+0000] {processor.py:161} INFO - Started process (PID=1683) to work on /opt/airflow/dags/dynamic_etl_dag.py
[2026-05-08T06:40:45.280+0000] {processor.py:830} INFO - Processing file /opt/airflow/dags/dynamic_etl_dag.py for tasks to queue
[2026-05-08T06:40:45.283+0000] {logging_mixin.py:188} INFO - [2026-05-08T06:40:45.283+0000] {dagbag.py:545} INFO - Filling up the DagBag from /opt/airflow/dags/dynamic_etl_dag.py
[2026-05-08T06:40:46.263+0000] {processor.py:840} INFO - DAG(s) 'dynamic_etl_framework' retrieved from /opt/airflow/dags/dynamic_etl_dag.py
[2026-05-08T06:40:46.437+0000] {logging_mixin.py:188} INFO - [2026-05-08T06:40:46.436+0000] {dag.py:3096} INFO - Sync 1 DAGs
[2026-05-08T06:40:46.463+0000] {logging_mixin.py:188} INFO - [2026-05-08T06:40:46.463+0000] {dag.py:3954} INFO - Setting next_dagrun for dynamic_etl_framework to 2026-05-08 00:00:00+00:00, run_after=2026-05-09 00:00:00+00:00
[2026-05-08T06:40:46.504+0000] {processor.py:183} INFO - Processing /opt/airflow/dags/dynamic_etl_dag.py took 1.236 seconds
[2026-05-08T06:41:16.906+0000] {processor.py:161} INFO - Started process (PID=1689) to work on /opt/airflow/dags/dynamic_etl_dag.py
[2026-05-08T06:41:16.909+0000] {processor.py:830} INFO - Processing file /opt/airflow/dags/dynamic_etl_dag.py for tasks to queue
[2026-05-08T06:41:16.912+0000] {logging_mixin.py:188} INFO - [2026-05-08T06:41:16.912+0000] {dagbag.py:545} INFO - Filling up the DagBag from /opt/airflow/dags/dynamic_etl_dag.py
[2026-05-08T06:41:18.037+0000] {processor.py:840} INFO - DAG(s) 'dynamic_etl_framework' retrieved from /opt/airflow/dags/dynamic_etl_dag.py
[2026-05-08T06:41:18.236+0000] {logging_mixin.py:188} INFO - [2026-05-08T06:41:18.234+0000] {dag.py:3096} INFO - Sync 1 DAGs
[2026-05-08T06:41:18.271+0000] {logging_mixin.py:188} INFO - [2026-05-08T06:41:18.270+0000] {dag.py:3954} INFO - Setting next_dagrun for dynamic_etl_framework to 2026-05-08 00:00:00+00:00, run_after=2026-05-09 00:00:00+00:00
[2026-05-08T06:41:18.314+0000] {processor.py:183} INFO - Processing /opt/airflow/dags/dynamic_etl_dag.py took 1.419 seconds
[2026-05-08T06:41:48.642+0000] {processor.py:161} INFO - Started process (PID=1695) to work on /opt/airflow/dags/dynamic_etl_dag.py
[2026-05-08T06:41:48.643+0000] {processor.py:830} INFO - Processing file /opt/airflow/dags/dynamic_etl_dag.py for tasks to queue
[2026-05-08T06:41:48.646+0000] {logging_mixin.py:188} INFO - [2026-05-08T06:41:48.646+0000] {dagbag.py:545} INFO - Filling up the DagBag from /opt/airflow/dags/dynamic_etl_dag.py
[2026-05-08T06:41:49.688+0000] {processor.py:840} INFO - DAG(s) 'dynamic_etl_framework' retrieved from /opt/airflow/dags/dynamic_etl_dag.py
[2026-05-08T06:41:49.884+0000] {logging_mixin.py:188} INFO - [2026-05-08T06:41:49.883+0000] {dag.py:3096} INFO - Sync 1 DAGs
[2026-05-08T06:41:49.921+0000] {logging_mixin.py:188} INFO - [2026-05-08T06:41:49.921+0000] {dag.py:3954} INFO - Setting next_dagrun for dynamic_etl_framework to 2026-05-08 00:00:00+00:00, run_after=2026-05-09 00:00:00+00:00
[2026-05-08T06:41:49.977+0000] {processor.py:183} INFO - Processing /opt/airflow/dags/dynamic_etl_dag.py took 1.344 seconds
[2026-05-08T06:42:20.487+0000] {processor.py:161} INFO - Started process (PID=1701) to work on /opt/airflow/dags/dynamic_etl_dag.py
[2026-05-08T06:42:20.489+0000] {processor.py:830} INFO - Processing file /opt/airflow/dags/dynamic_etl_dag.py for tasks to queue
[2026-05-08T06:42:20.496+0000] {logging_mixin.py:188} INFO - [2026-05-08T06:42:20.495+0000] {dagbag.py:545} INFO - Filling up the DagBag from /opt/airflow/dags/dynamic_etl_dag.py
[2026-05-08T06:42:21.865+0000] {processor.py:840} INFO - DAG(s) 'dynamic_etl_framework' retrieved from /opt/airflow/dags/dynamic_etl_dag.py
[2026-05-08T06:42:22.149+0000] {logging_mixin.py:188} INFO - [2026-05-08T06:42:22.147+0000] {dag.py:3096} INFO - Sync 1 DAGs
[2026-05-08T06:42:22.202+0000] {logging_mixin.py:188} INFO - [2026-05-08T06:42:22.201+0000] {dag.py:3954} INFO - Setting next_dagrun for dynamic_etl_framework to 2026-05-08 00:00:00+00:00, run_after=2026-05-09 00:00:00+00:00
[2026-05-08T06:42:22.285+0000] {processor.py:183} INFO - Processing /opt/airflow/dags/dynamic_etl_dag.py took 1.811 seconds
[2026-05-08T06:42:52.841+0000] {processor.py:161} INFO - Started process (PID=1707) to work on /opt/airflow/dags/dynamic_etl_dag.py
[2026-05-08T06:42:52.843+0000] {processor.py:830} INFO - Processing file /opt/airflow/dags/dynamic_etl_dag.py for tasks to queue
[2026-05-08T06:42:52.845+0000] {logging_mixin.py:188} INFO - [2026-05-08T06:42:52.845+0000] {dagbag.py:545} INFO - Filling up the DagBag from /opt/airflow/dags/dynamic_etl_dag.py
[2026-05-08T06:42:53.794+0000] {processor.py:840} INFO - DAG(s) 'dynamic_etl_framework' retrieved from /opt/airflow/dags/dynamic_etl_dag.py
[2026-05-08T06:42:54.025+0000] {logging_mixin.py:188} INFO - [2026-05-08T06:42:54.025+0000] {dag.py:3096} INFO - Sync 1 DAGs
[2026-05-08T06:42:54.057+0000] {logging_mixin.py:188} INFO - [2026-05-08T06:42:54.057+0000] {dag.py:3954} INFO - Setting next_dagrun for dynamic_etl_framework to 2026-05-08 00:00:00+00:00, run_after=2026-05-09 00:00:00+00:00
[2026-05-08T06:42:54.106+0000] {processor.py:183} INFO - Processing /opt/airflow/dags/dynamic_etl_dag.py took 1.271 seconds
[2026-05-08T06:43:24.635+0000] {processor.py:161} INFO - Started process (PID=1713) to work on /opt/airflow/dags/dynamic_etl_dag.py
[2026-05-08T06:43:24.637+0000] {processor.py:830} INFO - Processing file /opt/airflow/dags/dynamic_etl_dag.py for tasks to queue
[2026-05-08T06:43:24.640+0000] {logging_mixin.py:188} INFO - [2026-05-08T06:43:24.640+0000] {dagbag.py:545} INFO - Filling up the DagBag from /opt/airflow/dags/dynamic_etl_dag.py
[2026-05-08T06:43:25.696+0000] {processor.py:840} INFO - DAG(s) 'dynamic_etl_framework' retrieved from /opt/airflow/dags/dynamic_etl_dag.py
[2026-05-08T06:43:25.904+0000] {logging_mixin.py:188} INFO - [2026-05-08T06:43:25.903+0000] {dag.py:3096} INFO - Sync 1 DAGs
[2026-05-08T06:43:25.933+0000] {logging_mixin.py:188} INFO - [2026-05-08T06:43:25.933+0000] {dag.py:3954} INFO - Setting next_dagrun for dynamic_etl_framework to 2026-05-08 00:00:00+00:00, run_after=2026-05-09 00:00:00+00:00
[2026-05-08T06:43:25.972+0000] {processor.py:183} INFO - Processing /opt/airflow/dags/dynamic_etl_dag.py took 1.344 seconds
[2026-05-08T06:43:56.533+0000] {processor.py:161} INFO - Started process (PID=1719) to work on /opt/airflow/dags/dynamic_etl_dag.py
[2026-05-08T06:43:56.534+0000] {processor.py:830} INFO - Processing file /opt/airflow/dags/dynamic_etl_dag.py for tasks to queue
[2026-05-08T06:43:56.537+0000] {logging_mixin.py:188} INFO - [2026-05-08T06:43:56.537+0000] {dagbag.py:545} INFO - Filling up the DagBag from /opt/airflow/dags/dynamic_etl_dag.py
[2026-05-08T06:43:57.542+0000] {processor.py:840} INFO - DAG(s) 'dynamic_etl_framework' retrieved from /opt/airflow/dags/dynamic_etl_dag.py
[2026-05-08T06:43:57.727+0000] {logging_mixin.py:188} INFO - [2026-05-08T06:43:57.726+0000] {dag.py:3096} INFO - Sync 1 DAGs
[2026-05-08T06:43:57.760+0000] {logging_mixin.py:188} INFO - [2026-05-08T06:43:57.759+0000] {dag.py:3954} INFO - Setting next_dagrun for dynamic_etl_framework to 2026-05-08 00:00:00+00:00, run_after=2026-05-09 00:00:00+00:00
[2026-05-08T06:43:57.818+0000] {processor.py:183} INFO - Processing /opt/airflow/dags/dynamic_etl_dag.py took 1.291 seconds
[2026-05-08T06:44:28.025+0000] {processor.py:161} INFO - Started process (PID=1725) to work on /opt/airflow/dags/dynamic_etl_dag.py
[2026-05-08T06:44:28.027+0000] {processor.py:830} INFO - Processing file /opt/airflow/dags/dynamic_etl_dag.py for tasks to queue
[2026-05-08T06:44:28.030+0000] {logging_mixin.py:188} INFO - [2026-05-08T06:44:28.030+0000] {dagbag.py:545} INFO - Filling up the DagBag from /opt/airflow/dags/dynamic_etl_dag.py
[2026-05-08T06:44:29.180+0000] {processor.py:840} INFO - DAG(s) 'dynamic_etl_framework' retrieved from /opt/airflow/dags/dynamic_etl_dag.py
[2026-05-08T06:44:29.396+0000] {logging_mixin.py:188} INFO - [2026-05-08T06:44:29.395+0000] {dag.py:3096} INFO - Sync 1 DAGs
[2026-05-08T06:44:29.428+0000] {logging_mixin.py:188} INFO - [2026-05-08T06:44:29.427+0000] {dag.py:3954} INFO - Setting next_dagrun for dynamic_etl_framework to 2026-05-08 00:00:00+00:00, run_after=2026-05-09 00:00:00+00:00
[2026-05-08T06:44:29.478+0000] {processor.py:183} INFO - Processing /opt/airflow/dags/dynamic_etl_dag.py took 1.460 seconds
[2026-05-08T06:44:59.892+0000] {processor.py:161} INFO - Started process (PID=1731) to work on /opt/airflow/dags/dynamic_etl_dag.py
[2026-05-08T06:44:59.894+0000] {processor.py:830} INFO - Processing file /opt/airflow/dags/dynamic_etl_dag.py for tasks to queue
[2026-05-08T06:44:59.898+0000] {logging_mixin.py:188} INFO - [2026-05-08T06:44:59.898+0000] {dagbag.py:545} INFO - Filling up the DagBag from /opt/airflow/dags/dynamic_etl_dag.py
[2026-05-08T06:45:00.808+0000] {processor.py:840} INFO - DAG(s) 'dynamic_etl_framework' retrieved from /opt/airflow/dags/dynamic_etl_dag.py
[2026-05-08T06:45:00.991+0000] {logging_mixin.py:188} INFO - [2026-05-08T06:45:00.990+0000] {dag.py:3096} INFO - Sync 1 DAGs
[2026-05-08T06:45:01.019+0000] {logging_mixin.py:188} INFO - [2026-05-08T06:45:01.019+0000] {dag.py:3954} INFO - Setting next_dagrun for dynamic_etl_framework to 2026-05-08 00:00:00+00:00, run_after=2026-05-09 00:00:00+00:00
[2026-05-08T06:45:01.057+0000] {processor.py:183} INFO - Processing /opt/airflow/dags/dynamic_etl_dag.py took 1.174 seconds
[2026-05-08T06:45:31.508+0000] {processor.py:161} INFO - Started process (PID=1737) to work on /opt/airflow/dags/dynamic_etl_dag.py
[2026-05-08T06:45:31.510+0000] {processor.py:830} INFO - Processing file /opt/airflow/dags/dynamic_etl_dag.py for tasks to queue
[2026-05-08T06:45:31.513+0000] {logging_mixin.py:188} INFO - [2026-05-08T06:45:31.513+0000] {dagbag.py:545} INFO - Filling up the DagBag from /opt/airflow/dags/dynamic_etl_dag.py
[2026-05-08T06:45:32.622+0000] {processor.py:840} INFO - DAG(s) 'dynamic_etl_framework' retrieved from /opt/airflow/dags/dynamic_etl_dag.py
[2026-05-08T06:45:32.838+0000] {logging_mixin.py:188} INFO - [2026-05-08T06:45:32.837+0000] {dag.py:3096} INFO - Sync 1 DAGs
[2026-05-08T06:45:32.865+0000] {logging_mixin.py:188} INFO - [2026-05-08T06:45:32.865+0000] {dag.py:3954} INFO - Setting next_dagrun for dynamic_etl_framework to 2026-05-08 00:00:00+00:00, run_after=2026-05-09 00:00:00+00:00
[2026-05-08T06:45:32.916+0000] {processor.py:183} INFO - Processing /opt/airflow/dags/dynamic_etl_dag.py took 1.417 seconds
[2026-05-08T06:46:03.171+0000] {processor.py:161} INFO - Started process (PID=1743) to work on /opt/airflow/dags/dynamic_etl_dag.py
[2026-05-08T06:46:03.173+0000] {processor.py:830} INFO - Processing file /opt/airflow/dags/dynamic_etl_dag.py for tasks to queue
[2026-05-08T06:46:03.176+0000] {logging_mixin.py:188} INFO - [2026-05-08T06:46:03.175+0000] {dagbag.py:545} INFO - Filling up the DagBag from /opt/airflow/dags/dynamic_etl_dag.py
[2026-05-08T06:46:04.091+0000] {processor.py:840} INFO - DAG(s) 'dynamic_etl_framework' retrieved from /opt/airflow/dags/dynamic_etl_dag.py
[2026-05-08T06:46:04.366+0000] {logging_mixin.py:188} INFO - [2026-05-08T06:46:04.365+0000] {dag.py:3096} INFO - Sync 1 DAGs
[2026-05-08T06:46:04.398+0000] {logging_mixin.py:188} INFO - [2026-05-08T06:46:04.398+0000] {dag.py:3954} INFO - Setting next_dagrun for dynamic_etl_framework to 2026-05-08 00:00:00+00:00, run_after=2026-05-09 00:00:00+00:00
[2026-05-08T06:46:04.447+0000] {processor.py:183} INFO - Processing /opt/airflow/dags/dynamic_etl_dag.py took 1.284 seconds
[2026-05-08T06:46:34.648+0000] {processor.py:161} INFO - Started process (PID=1749) to work on /opt/airflow/dags/dynamic_etl_dag.py
[2026-05-08T06:46:34.650+0000] {processor.py:830} INFO - Processing file /opt/airflow/dags/dynamic_etl_dag.py for tasks to queue
[2026-05-08T06:46:34.653+0000] {logging_mixin.py:188} INFO - [2026-05-08T06:46:34.652+0000] {dagbag.py:545} INFO - Filling up the DagBag from /opt/airflow/dags/dynamic_etl_dag.py
[2026-05-08T06:46:35.616+0000] {processor.py:840} INFO - DAG(s) 'dynamic_etl_framework' retrieved from /opt/airflow/dags/dynamic_etl_dag.py
[2026-05-08T06:46:35.816+0000] {logging_mixin.py:188} INFO - [2026-05-08T06:46:35.816+0000] {dag.py:3096} INFO - Sync 1 DAGs
[2026-05-08T06:46:35.848+0000] {logging_mixin.py:188} INFO - [2026-05-08T06:46:35.848+0000] {dag.py:3954} INFO - Setting next_dagrun for dynamic_etl_framework to 2026-05-08 00:00:00+00:00, run_after=2026-05-09 00:00:00+00:00
[2026-05-08T06:46:35.885+0000] {processor.py:183} INFO - Processing /opt/airflow/dags/dynamic_etl_dag.py took 1.247 seconds
[2026-05-08T06:47:06.611+0000] {processor.py:161} INFO - Started process (PID=1755) to work on /opt/airflow/dags/dynamic_etl_dag.py
[2026-05-08T06:47:06.614+0000] {processor.py:830} INFO - Processing file /opt/airflow/dags/dynamic_etl_dag.py for tasks to queue
[2026-05-08T06:47:06.620+0000] {logging_mixin.py:188} INFO - [2026-05-08T06:47:06.618+0000] {dagbag.py:545} INFO - Filling up the DagBag from /opt/airflow/dags/dynamic_etl_dag.py
[2026-05-08T06:47:07.658+0000] {processor.py:840} INFO - DAG(s) 'dynamic_etl_framework' retrieved from /opt/airflow/dags/dynamic_etl_dag.py
[2026-05-08T06:47:07.868+0000] {logging_mixin.py:188} INFO - [2026-05-08T06:47:07.868+0000] {dag.py:3096} INFO - Sync 1 DAGs
[2026-05-08T06:47:07.894+0000] {logging_mixin.py:188} INFO - [2026-05-08T06:47:07.894+0000] {dag.py:3954} INFO - Setting next_dagrun for dynamic_etl_framework to 2026-05-08 00:00:00+00:00, run_after=2026-05-09 00:00:00+00:00
[2026-05-08T06:47:07.933+0000] {processor.py:183} INFO - Processing /opt/airflow/dags/dynamic_etl_dag.py took 1.338 seconds
[2026-05-08T06:47:38.257+0000] {processor.py:161} INFO - Started process (PID=1761) to work on /opt/airflow/dags/dynamic_etl_dag.py
[2026-05-08T06:47:38.259+0000] {processor.py:830} INFO - Processing file /opt/airflow/dags/dynamic_etl_dag.py for tasks to queue
[2026-05-08T06:47:38.262+0000] {logging_mixin.py:188} INFO - [2026-05-08T06:47:38.261+0000] {dagbag.py:545} INFO - Filling up the DagBag from /opt/airflow/dags/dynamic_etl_dag.py
[2026-05-08T06:47:39.297+0000] {processor.py:840} INFO - DAG(s) 'dynamic_etl_framework' retrieved from /opt/airflow/dags/dynamic_etl_dag.py
[2026-05-08T06:47:39.515+0000] {logging_mixin.py:188} INFO - [2026-05-08T06:47:39.514+0000] {dag.py:3096} INFO - Sync 1 DAGs
[2026-05-08T06:47:39.549+0000] {logging_mixin.py:188} INFO - [2026-05-08T06:47:39.549+0000] {dag.py:3954} INFO - Setting next_dagrun for dynamic_etl_framework to 2026-05-08 00:00:00+00:00, run_after=2026-05-09 00:00:00+00:00
[2026-05-08T06:47:39.609+0000] {processor.py:183} INFO - Processing /opt/airflow/dags/dynamic_etl_dag.py took 1.358 seconds
[2026-05-08T06:48:10.317+0000] {processor.py:161} INFO - Started process (PID=1767) to work on /opt/airflow/dags/dynamic_etl_dag.py
[2026-05-08T06:48:10.321+0000] {processor.py:830} INFO - Processing file /opt/airflow/dags/dynamic_etl_dag.py for tasks to queue
[2026-05-08T06:48:10.325+0000] {logging_mixin.py:188} INFO - [2026-05-08T06:48:10.325+0000] {dagbag.py:545} INFO - Filling up the DagBag from /opt/airflow/dags/dynamic_etl_dag.py
[2026-05-08T06:48:11.579+0000] {processor.py:840} INFO - DAG(s) 'dynamic_etl_framework' retrieved from /opt/airflow/dags/dynamic_etl_dag.py
[2026-05-08T06:48:11.930+0000] {logging_mixin.py:188} INFO - [2026-05-08T06:48:11.929+0000] {dag.py:3096} INFO - Sync 1 DAGs
[2026-05-08T06:48:11.964+0000] {logging_mixin.py:188} INFO - [2026-05-08T06:48:11.964+0000] {dag.py:3954} INFO - Setting next_dagrun for dynamic_etl_framework to 2026-05-08 00:00:00+00:00, run_after=2026-05-09 00:00:00+00:00
[2026-05-08T06:48:12.015+0000] {processor.py:183} INFO - Processing /opt/airflow/dags/dynamic_etl_dag.py took 1.708 seconds
[2026-05-08T06:48:42.904+0000] {processor.py:161} INFO - Started process (PID=1773) to work on /opt/airflow/dags/dynamic_etl_dag.py
[2026-05-08T06:48:42.906+0000] {processor.py:830} INFO - Processing file /opt/airflow/dags/dynamic_etl_dag.py for tasks to queue
[2026-05-08T06:48:42.910+0000] {logging_mixin.py:188} INFO - [2026-05-08T06:48:42.909+0000] {dagbag.py:545} INFO - Filling up the DagBag from /opt/airflow/dags/dynamic_etl_dag.py
[2026-05-08T06:48:44.036+0000] {processor.py:840} INFO - DAG(s) 'dynamic_etl_framework' retrieved from /opt/airflow/dags/dynamic_etl_dag.py
[2026-05-08T06:48:44.230+0000] {logging_mixin.py:188} INFO - [2026-05-08T06:48:44.230+0000] {dag.py:3096} INFO - Sync 1 DAGs
[2026-05-08T06:48:44.255+0000] {logging_mixin.py:188} INFO - [2026-05-08T06:48:44.255+0000] {dag.py:3954} INFO - Setting next_dagrun for dynamic_etl_framework to 2026-05-08 00:00:00+00:00, run_after=2026-05-09 00:00:00+00:00
[2026-05-08T06:48:44.292+0000] {processor.py:183} INFO - Processing /opt/airflow/dags/dynamic_etl_dag.py took 1.400 seconds
[2026-05-08T06:49:14.506+0000] {processor.py:161} INFO - Started process (PID=1779) to work on /opt/airflow/dags/dynamic_etl_dag.py
[2026-05-08T06:49:14.508+0000] {processor.py:830} INFO - Processing file /opt/airflow/dags/dynamic_etl_dag.py for tasks to queue
[2026-05-08T06:49:14.511+0000] {logging_mixin.py:188} INFO - [2026-05-08T06:49:14.510+0000] {dagbag.py:545} INFO - Filling up the DagBag from /opt/airflow/dags/dynamic_etl_dag.py
[2026-05-08T06:49:15.580+0000] {processor.py:840} INFO - DAG(s) 'dynamic_etl_framework' retrieved from /opt/airflow/dags/dynamic_etl_dag.py
[2026-05-08T06:49:15.783+0000] {logging_mixin.py:188} INFO - [2026-05-08T06:49:15.782+0000] {dag.py:3096} INFO - Sync 1 DAGs
[2026-05-08T06:49:15.811+0000] {logging_mixin.py:188} INFO - [2026-05-08T06:49:15.811+0000] {dag.py:3954} INFO - Setting next_dagrun for dynamic_etl_framework to 2026-05-08 00:00:00+00:00, run_after=2026-05-09 00:00:00+00:00
[2026-05-08T06:49:15.848+0000] {processor.py:183} INFO - Processing /opt/airflow/dags/dynamic_etl_dag.py took 1.350 seconds
[2026-05-08T06:49:46.641+0000] {processor.py:161} INFO - Started process (PID=1785) to work on /opt/airflow/dags/dynamic_etl_dag.py
[2026-05-08T06:49:46.643+0000] {processor.py:830} INFO - Processing file /opt/airflow/dags/dynamic_etl_dag.py for tasks to queue
[2026-05-08T06:49:46.645+0000] {logging_mixin.py:188} INFO - [2026-05-08T06:49:46.645+0000] {dagbag.py:545} INFO - Filling up the DagBag from /opt/airflow/dags/dynamic_etl_dag.py
[2026-05-08T06:49:47.663+0000] {processor.py:840} INFO - DAG(s) 'dynamic_etl_framework' retrieved from /opt/airflow/dags/dynamic_etl_dag.py
[2026-05-08T06:49:47.866+0000] {logging_mixin.py:188} INFO - [2026-05-08T06:49:47.866+0000] {dag.py:3096} INFO - Sync 1 DAGs
[2026-05-08T06:49:47.894+0000] {logging_mixin.py:188} INFO - [2026-05-08T06:49:47.894+0000] {dag.py:3954} INFO - Setting next_dagrun for dynamic_etl_framework to 2026-05-08 00:00:00+00:00, run_after=2026-05-09 00:00:00+00:00
[2026-05-08T06:49:47.932+0000] {processor.py:183} INFO - Processing /opt/airflow/dags/dynamic_etl_dag.py took 1.297 seconds
[2026-05-08T06:50:18.203+0000] {processor.py:161} INFO - Started process (PID=1791) to work on /opt/airflow/dags/dynamic_etl_dag.py
[2026-05-08T06:50:18.205+0000] {processor.py:830} INFO - Processing file /opt/airflow/dags/dynamic_etl_dag.py for tasks to queue
[2026-05-08T06:50:18.208+0000] {logging_mixin.py:188} INFO - [2026-05-08T06:50:18.207+0000] {dagbag.py:545} INFO - Filling up the DagBag from /opt/airflow/dags/dynamic_etl_dag.py
[2026-05-08T06:50:19.241+0000] {processor.py:840} INFO - DAG(s) 'dynamic_etl_framework' retrieved from /opt/airflow/dags/dynamic_etl_dag.py
[2026-05-08T06:50:19.455+0000] {logging_mixin.py:188} INFO - [2026-05-08T06:50:19.454+0000] {dag.py:3096} INFO - Sync 1 DAGs
[2026-05-08T06:50:19.486+0000] {logging_mixin.py:188} INFO - [2026-05-08T06:50:19.485+0000] {dag.py:3954} INFO - Setting next_dagrun for dynamic_etl_framework to 2026-05-08 00:00:00+00:00, run_after=2026-05-09 00:00:00+00:00
[2026-05-08T06:50:19.549+0000] {processor.py:183} INFO - Processing /opt/airflow/dags/dynamic_etl_dag.py took 1.353 seconds
[2026-05-08T06:50:49.779+0000] {processor.py:161} INFO - Started process (PID=1797) to work on /opt/airflow/dags/dynamic_etl_dag.py
[2026-05-08T06:50:49.808+0000] {processor.py:830} INFO - Processing file /opt/airflow/dags/dynamic_etl_dag.py for tasks to queue
[2026-05-08T06:50:49.812+0000] {logging_mixin.py:188} INFO - [2026-05-08T06:50:49.811+0000] {dagbag.py:545} INFO - Filling up the DagBag from /opt/airflow/dags/dynamic_etl_dag.py
[2026-05-08T06:57:41.746+0000] {processor.py:161} INFO - Started process (PID=1801) to work on /opt/airflow/dags/dynamic_etl_dag.py
[2026-05-08T06:57:41.747+0000] {processor.py:830} INFO - Processing file /opt/airflow/dags/dynamic_etl_dag.py for tasks to queue
[2026-05-08T06:57:41.750+0000] {logging_mixin.py:188} INFO - [2026-05-08T06:57:41.749+0000] {dagbag.py:545} INFO - Filling up the DagBag from /opt/airflow/dags/dynamic_etl_dag.py
[2026-05-08T06:57:42.755+0000] {processor.py:840} INFO - DAG(s) 'dynamic_etl_framework' retrieved from /opt/airflow/dags/dynamic_etl_dag.py
[2026-05-08T06:57:42.952+0000] {logging_mixin.py:188} INFO - [2026-05-08T06:57:42.951+0000] {dag.py:3096} INFO - Sync 1 DAGs
[2026-05-08T06:57:42.977+0000] {logging_mixin.py:188} INFO - [2026-05-08T06:57:42.977+0000] {dag.py:3954} INFO - Setting next_dagrun for dynamic_etl_framework to 2026-05-08 00:00:00+00:00, run_after=2026-05-09 00:00:00+00:00
[2026-05-08T06:57:43.033+0000] {processor.py:183} INFO - Processing /opt/airflow/dags/dynamic_etl_dag.py took 1.295 seconds
[2026-05-08T06:58:13.642+0000] {processor.py:161} INFO - Started process (PID=1807) to work on /opt/airflow/dags/dynamic_etl_dag.py
[2026-05-08T06:58:13.647+0000] {processor.py:830} INFO - Processing file /opt/airflow/dags/dynamic_etl_dag.py for tasks to queue
[2026-05-08T06:58:13.657+0000] {logging_mixin.py:188} INFO - [2026-05-08T06:58:13.655+0000] {dagbag.py:545} INFO - Filling up the DagBag from /opt/airflow/dags/dynamic_etl_dag.py
[2026-05-08T06:58:14.837+0000] {processor.py:840} INFO - DAG(s) 'dynamic_etl_framework' retrieved from /opt/airflow/dags/dynamic_etl_dag.py
[2026-05-08T06:58:15.042+0000] {logging_mixin.py:188} INFO - [2026-05-08T06:58:15.041+0000] {dag.py:3096} INFO - Sync 1 DAGs
[2026-05-08T06:58:15.072+0000] {logging_mixin.py:188} INFO - [2026-05-08T06:58:15.072+0000] {dag.py:3954} INFO - Setting next_dagrun for dynamic_etl_framework to 2026-05-08 00:00:00+00:00, run_after=2026-05-09 00:00:00+00:00
[2026-05-08T06:58:15.122+0000] {processor.py:183} INFO - Processing /opt/airflow/dags/dynamic_etl_dag.py took 1.503 seconds
[2026-05-08T06:58:45.269+0000] {processor.py:161} INFO - Started process (PID=1813) to work on /opt/airflow/dags/dynamic_etl_dag.py
[2026-05-08T06:58:45.271+0000] {processor.py:830} INFO - Processing file /opt/airflow/dags/dynamic_etl_dag.py for tasks to queue
[2026-05-08T06:58:45.274+0000] {logging_mixin.py:188} INFO - [2026-05-08T06:58:45.274+0000] {dagbag.py:545} INFO - Filling up the DagBag from /opt/airflow/dags/dynamic_etl_dag.py
[2026-05-08T06:58:46.812+0000] {processor.py:840} INFO - DAG(s) 'dynamic_etl_framework' retrieved from /opt/airflow/dags/dynamic_etl_dag.py
[2026-05-08T06:58:47.246+0000] {logging_mixin.py:188} INFO - [2026-05-08T06:58:47.245+0000] {dag.py:3096} INFO - Sync 1 DAGs
[2026-05-08T06:58:47.299+0000] {logging_mixin.py:188} INFO - [2026-05-08T06:58:47.298+0000] {dag.py:3954} INFO - Setting next_dagrun for dynamic_etl_framework to 2026-05-08 00:00:00+00:00, run_after=2026-05-09 00:00:00+00:00
[2026-05-08T06:58:47.363+0000] {processor.py:183} INFO - Processing /opt/airflow/dags/dynamic_etl_dag.py took 2.102 seconds
[2026-05-08T06:59:17.923+0000] {processor.py:161} INFO - Started process (PID=1819) to work on /opt/airflow/dags/dynamic_etl_dag.py
[2026-05-08T06:59:17.925+0000] {processor.py:830} INFO - Processing file /opt/airflow/dags/dynamic_etl_dag.py for tasks to queue
[2026-05-08T06:59:17.929+0000] {logging_mixin.py:188} INFO - [2026-05-08T06:59:17.928+0000] {dagbag.py:545} INFO - Filling up the DagBag from /opt/airflow/dags/dynamic_etl_dag.py
[2026-05-08T06:59:18.964+0000] {processor.py:840} INFO - DAG(s) 'dynamic_etl_framework' retrieved from /opt/airflow/dags/dynamic_etl_dag.py
[2026-05-08T06:59:19.159+0000] {logging_mixin.py:188} INFO - [2026-05-08T06:59:19.158+0000] {dag.py:3096} INFO - Sync 1 DAGs
[2026-05-08T06:59:19.188+0000] {logging_mixin.py:188} INFO - [2026-05-08T06:59:19.188+0000] {dag.py:3954} INFO - Setting next_dagrun for dynamic_etl_framework to 2026-05-08 00:00:00+00:00, run_after=2026-05-09 00:00:00+00:00
[2026-05-08T06:59:19.228+0000] {processor.py:183} INFO - Processing /opt/airflow/dags/dynamic_etl_dag.py took 1.313 seconds
[2026-05-08T06:59:49.444+0000] {processor.py:161} INFO - Started process (PID=1825) to work on /opt/airflow/dags/dynamic_etl_dag.py
[2026-05-08T06:59:49.447+0000] {processor.py:830} INFO - Processing file /opt/airflow/dags/dynamic_etl_dag.py for tasks to queue
[2026-05-08T06:59:49.451+0000] {logging_mixin.py:188} INFO - [2026-05-08T06:59:49.451+0000] {dagbag.py:545} INFO - Filling up the DagBag from /opt/airflow/dags/dynamic_etl_dag.py
[2026-05-08T06:59:50.758+0000] {processor.py:840} INFO - DAG(s) 'dynamic_etl_framework' retrieved from /opt/airflow/dags/dynamic_etl_dag.py
[2026-05-08T06:59:50.954+0000] {logging_mixin.py:188} INFO - [2026-05-08T06:59:50.952+0000] {dag.py:3096} INFO - Sync 1 DAGs
[2026-05-08T06:59:50.994+0000] {logging_mixin.py:188} INFO - [2026-05-08T06:59:50.994+0000] {dag.py:3954} INFO - Setting next_dagrun for dynamic_etl_framework to 2026-05-08 00:00:00+00:00, run_after=2026-05-09 00:00:00+00:00
[2026-05-08T06:59:51.055+0000] {processor.py:183} INFO - Processing /opt/airflow/dags/dynamic_etl_dag.py took 1.623 seconds
[2026-05-08T07:00:21.576+0000] {processor.py:161} INFO - Started process (PID=1831) to work on /opt/airflow/dags/dynamic_etl_dag.py
[2026-05-08T07:00:21.578+0000] {processor.py:830} INFO - Processing file /opt/airflow/dags/dynamic_etl_dag.py for tasks to queue
[2026-05-08T07:00:21.580+0000] {logging_mixin.py:188} INFO - [2026-05-08T07:00:21.580+0000] {dagbag.py:545} INFO - Filling up the DagBag from /opt/airflow/dags/dynamic_etl_dag.py
[2026-05-08T07:00:22.663+0000] {processor.py:840} INFO - DAG(s) 'dynamic_etl_framework' retrieved from /opt/airflow/dags/dynamic_etl_dag.py
[2026-05-08T07:00:22.856+0000] {logging_mixin.py:188} INFO - [2026-05-08T07:00:22.855+0000] {dag.py:3096} INFO - Sync 1 DAGs
[2026-05-08T07:00:22.886+0000] {logging_mixin.py:188} INFO - [2026-05-08T07:00:22.885+0000] {dag.py:3954} INFO - Setting next_dagrun for dynamic_etl_framework to 2026-05-08 00:00:00+00:00, run_after=2026-05-09 00:00:00+00:00
[2026-05-08T07:00:22.929+0000] {processor.py:183} INFO - Processing /opt/airflow/dags/dynamic_etl_dag.py took 1.358 seconds
[2026-05-08T07:00:53.148+0000] {processor.py:161} INFO - Started process (PID=1837) to work on /opt/airflow/dags/dynamic_etl_dag.py
[2026-05-08T07:00:53.151+0000] {processor.py:830} INFO - Processing file /opt/airflow/dags/dynamic_etl_dag.py for tasks to queue
[2026-05-08T07:00:53.155+0000] {logging_mixin.py:188} INFO - [2026-05-08T07:00:53.155+0000] {dagbag.py:545} INFO - Filling up the DagBag from /opt/airflow/dags/dynamic_etl_dag.py
[2026-05-08T07:00:54.173+0000] {processor.py:840} INFO - DAG(s) 'dynamic_etl_framework' retrieved from /opt/airflow/dags/dynamic_etl_dag.py
[2026-05-08T07:00:54.384+0000] {logging_mixin.py:188} INFO - [2026-05-08T07:00:54.384+0000] {dag.py:3096} INFO - Sync 1 DAGs
[2026-05-08T07:00:54.414+0000] {logging_mixin.py:188} INFO - [2026-05-08T07:00:54.414+0000] {dag.py:3954} INFO - Setting next_dagrun for dynamic_etl_framework to 2026-05-08 00:00:00+00:00, run_after=2026-05-09 00:00:00+00:00
[2026-05-08T07:00:54.460+0000] {processor.py:183} INFO - Processing /opt/airflow/dags/dynamic_etl_dag.py took 1.321 seconds
[2026-05-08T07:01:24.661+0000] {processor.py:161} INFO - Started process (PID=1843) to work on /opt/airflow/dags/dynamic_etl_dag.py
[2026-05-08T07:01:24.663+0000] {processor.py:830} INFO - Processing file /opt/airflow/dags/dynamic_etl_dag.py for tasks to queue
[2026-05-08T07:01:24.666+0000] {logging_mixin.py:188} INFO - [2026-05-08T07:01:24.666+0000] {dagbag.py:545} INFO - Filling up the DagBag from /opt/airflow/dags/dynamic_etl_dag.py
[2026-05-08T07:01:25.771+0000] {processor.py:840} INFO - DAG(s) 'dynamic_etl_framework' retrieved from /opt/airflow/dags/dynamic_etl_dag.py
[2026-05-08T07:01:25.969+0000] {logging_mixin.py:188} INFO - [2026-05-08T07:01:25.969+0000] {dag.py:3096} INFO - Sync 1 DAGs
[2026-05-08T07:01:25.995+0000] {logging_mixin.py:188} INFO - [2026-05-08T07:01:25.995+0000] {dag.py:3954} INFO - Setting next_dagrun for dynamic_etl_framework to 2026-05-08 00:00:00+00:00, run_after=2026-05-09 00:00:00+00:00
[2026-05-08T07:01:26.046+0000] {processor.py:183} INFO - Processing /opt/airflow/dags/dynamic_etl_dag.py took 1.394 seconds
[2026-05-08T07:01:56.672+0000] {processor.py:161} INFO - Started process (PID=1849) to work on /opt/airflow/dags/dynamic_etl_dag.py
[2026-05-08T07:01:56.675+0000] {processor.py:830} INFO - Processing file /opt/airflow/dags/dynamic_etl_dag.py for tasks to queue
[2026-05-08T07:01:56.678+0000] {logging_mixin.py:188} INFO - [2026-05-08T07:01:56.677+0000] {dagbag.py:545} INFO - Filling up the DagBag from /opt/airflow/dags/dynamic_etl_dag.py
[2026-05-08T07:01:57.854+0000] {processor.py:840} INFO - DAG(s) 'dynamic_etl_framework' retrieved from /opt/airflow/dags/dynamic_etl_dag.py
[2026-05-08T07:01:58.050+0000] {logging_mixin.py:188} INFO - [2026-05-08T07:01:58.049+0000] {dag.py:3096} INFO - Sync 1 DAGs
[2026-05-08T07:01:58.092+0000] {logging_mixin.py:188} INFO - [2026-05-08T07:01:58.091+0000] {dag.py:3954} INFO - Setting next_dagrun for dynamic_etl_framework to 2026-05-08 00:00:00+00:00, run_after=2026-05-09 00:00:00+00:00
[2026-05-08T07:01:58.149+0000] {processor.py:183} INFO - Processing /opt/airflow/dags/dynamic_etl_dag.py took 1.490 seconds
[2026-05-08T07:02:28.857+0000] {processor.py:161} INFO - Started process (PID=1855) to work on /opt/airflow/dags/dynamic_etl_dag.py
[2026-05-08T07:02:28.860+0000] {processor.py:830} INFO - Processing file /opt/airflow/dags/dynamic_etl_dag.py for tasks to queue
[2026-05-08T07:02:28.868+0000] {logging_mixin.py:188} INFO - [2026-05-08T07:02:28.868+0000] {dagbag.py:545} INFO - Filling up the DagBag from /opt/airflow/dags/dynamic_etl_dag.py
[2026-05-08T07:02:30.057+0000] {processor.py:840} INFO - DAG(s) 'dynamic_etl_framework' retrieved from /opt/airflow/dags/dynamic_etl_dag.py
[2026-05-08T07:02:30.258+0000] {logging_mixin.py:188} INFO - [2026-05-08T07:02:30.257+0000] {dag.py:3096} INFO - Sync 1 DAGs
[2026-05-08T07:02:30.289+0000] {logging_mixin.py:188} INFO - [2026-05-08T07:02:30.289+0000] {dag.py:3954} INFO - Setting next_dagrun for dynamic_etl_framework to 2026-05-08 00:00:00+00:00, run_after=2026-05-09 00:00:00+00:00
[2026-05-08T07:02:30.336+0000] {processor.py:183} INFO - Processing /opt/airflow/dags/dynamic_etl_dag.py took 1.488 seconds
[2026-05-08T07:03:00.745+0000] {processor.py:161} INFO - Started process (PID=1861) to work on /opt/airflow/dags/dynamic_etl_dag.py
[2026-05-08T07:03:00.749+0000] {processor.py:830} INFO - Processing file /opt/airflow/dags/dynamic_etl_dag.py for tasks to queue
[2026-05-08T07:03:00.755+0000] {logging_mixin.py:188} INFO - [2026-05-08T07:03:00.754+0000] {dagbag.py:545} INFO - Filling up the DagBag from /opt/airflow/dags/dynamic_etl_dag.py
[2026-05-08T07:03:01.993+0000] {processor.py:840} INFO - DAG(s) 'dynamic_etl_framework' retrieved from /opt/airflow/dags/dynamic_etl_dag.py
[2026-05-08T07:03:02.227+0000] {logging_mixin.py:188} INFO - [2026-05-08T07:03:02.225+0000] {dag.py:3096} INFO - Sync 1 DAGs
[2026-05-08T07:03:02.253+0000] {logging_mixin.py:188} INFO - [2026-05-08T07:03:02.253+0000] {dag.py:3954} INFO - Setting next_dagrun for dynamic_etl_framework to 2026-05-08 00:00:00+00:00, run_after=2026-05-09 00:00:00+00:00
[2026-05-08T07:03:02.299+0000] {processor.py:183} INFO - Processing /opt/airflow/dags/dynamic_etl_dag.py took 1.574 seconds
[2026-05-08T07:03:32.496+0000] {processor.py:161} INFO - Started process (PID=1867) to work on /opt/airflow/dags/dynamic_etl_dag.py
[2026-05-08T07:03:32.498+0000] {processor.py:830} INFO - Processing file /opt/airflow/dags/dynamic_etl_dag.py for tasks to queue
[2026-05-08T07:03:32.501+0000] {logging_mixin.py:188} INFO - [2026-05-08T07:03:32.500+0000] {dagbag.py:545} INFO - Filling up the DagBag from /opt/airflow/dags/dynamic_etl_dag.py
[2026-05-08T07:03:33.703+0000] {processor.py:840} INFO - DAG(s) 'dynamic_etl_framework' retrieved from /opt/airflow/dags/dynamic_etl_dag.py
[2026-05-08T07:03:33.903+0000] {logging_mixin.py:188} INFO - [2026-05-08T07:03:33.903+0000] {dag.py:3096} INFO - Sync 1 DAGs
[2026-05-08T07:03:33.932+0000] {logging_mixin.py:188} INFO - [2026-05-08T07:03:33.931+0000] {dag.py:3954} INFO - Setting next_dagrun for dynamic_etl_framework to 2026-05-08 00:00:00+00:00, run_after=2026-05-09 00:00:00+00:00
[2026-05-08T07:03:33.978+0000] {processor.py:183} INFO - Processing /opt/airflow/dags/dynamic_etl_dag.py took 1.492 seconds
[2026-05-08T07:04:04.333+0000] {processor.py:161} INFO - Started process (PID=1873) to work on /opt/airflow/dags/dynamic_etl_dag.py
[2026-05-08T07:04:04.335+0000] {processor.py:830} INFO - Processing file /opt/airflow/dags/dynamic_etl_dag.py for tasks to queue
[2026-05-08T07:04:04.337+0000] {logging_mixin.py:188} INFO - [2026-05-08T07:04:04.336+0000] {dagbag.py:545} INFO - Filling up the DagBag from /opt/airflow/dags/dynamic_etl_dag.py
[2026-05-08T07:04:05.260+0000] {processor.py:840} INFO - DAG(s) 'dynamic_etl_framework' retrieved from /opt/airflow/dags/dynamic_etl_dag.py
[2026-05-08T07:04:05.452+0000] {logging_mixin.py:188} INFO - [2026-05-08T07:04:05.452+0000] {dag.py:3096} INFO - Sync 1 DAGs
[2026-05-08T07:04:05.479+0000] {logging_mixin.py:188} INFO - [2026-05-08T07:04:05.479+0000] {dag.py:3954} INFO - Setting next_dagrun for dynamic_etl_framework to 2026-05-08 00:00:00+00:00, run_after=2026-05-09 00:00:00+00:00
[2026-05-08T07:04:05.521+0000] {processor.py:183} INFO - Processing /opt/airflow/dags/dynamic_etl_dag.py took 1.195 seconds
[2026-05-08T07:04:35.958+0000] {processor.py:161} INFO - Started process (PID=1879) to work on /opt/airflow/dags/dynamic_etl_dag.py
[2026-05-08T07:04:35.961+0000] {processor.py:830} INFO - Processing file /opt/airflow/dags/dynamic_etl_dag.py for tasks to queue
[2026-05-08T07:04:35.964+0000] {logging_mixin.py:188} INFO - [2026-05-08T07:04:35.964+0000] {dagbag.py:545} INFO - Filling up the DagBag from /opt/airflow/dags/dynamic_etl_dag.py
[2026-05-08T07:04:36.993+0000] {processor.py:840} INFO - DAG(s) 'dynamic_etl_framework' retrieved from /opt/airflow/dags/dynamic_etl_dag.py
[2026-05-08T07:04:37.206+0000] {logging_mixin.py:188} INFO - [2026-05-08T07:04:37.206+0000] {dag.py:3096} INFO - Sync 1 DAGs
[2026-05-08T07:04:37.232+0000] {logging_mixin.py:188} INFO - [2026-05-08T07:04:37.232+0000] {dag.py:3954} INFO - Setting next_dagrun for dynamic_etl_framework to 2026-05-08 00:00:00+00:00, run_after=2026-05-09 00:00:00+00:00
[2026-05-08T07:04:37.278+0000] {processor.py:183} INFO - Processing /opt/airflow/dags/dynamic_etl_dag.py took 1.331 seconds
[2026-05-08T07:05:07.924+0000] {processor.py:161} INFO - Started process (PID=1885) to work on /opt/airflow/dags/dynamic_etl_dag.py
[2026-05-08T07:05:07.928+0000] {processor.py:830} INFO - Processing file /opt/airflow/dags/dynamic_etl_dag.py for tasks to queue
[2026-05-08T07:05:07.935+0000] {logging_mixin.py:188} INFO - [2026-05-08T07:05:07.933+0000] {dagbag.py:545} INFO - Filling up the DagBag from /opt/airflow/dags/dynamic_etl_dag.py
[2026-05-08T07:05:08.933+0000] {processor.py:840} INFO - DAG(s) 'dynamic_etl_framework' retrieved from /opt/airflow/dags/dynamic_etl_dag.py
[2026-05-08T07:05:09.110+0000] {logging_mixin.py:188} INFO - [2026-05-08T07:05:09.110+0000] {dag.py:3096} INFO - Sync 1 DAGs
[2026-05-08T07:05:09.174+0000] {logging_mixin.py:188} INFO - [2026-05-08T07:05:09.173+0000] {dag.py:3954} INFO - Setting next_dagrun for dynamic_etl_framework to 2026-05-08 00:00:00+00:00, run_after=2026-05-09 00:00:00+00:00
[2026-05-08T07:05:09.241+0000] {processor.py:183} INFO - Processing /opt/airflow/dags/dynamic_etl_dag.py took 1.333 seconds
[2026-05-08T07:05:39.670+0000] {processor.py:161} INFO - Started process (PID=1891) to work on /opt/airflow/dags/dynamic_etl_dag.py
[2026-05-08T07:05:39.672+0000] {processor.py:830} INFO - Processing file /opt/airflow/dags/dynamic_etl_dag.py for tasks to queue
[2026-05-08T07:05:39.675+0000] {logging_mixin.py:188} INFO - [2026-05-08T07:05:39.675+0000] {dagbag.py:545} INFO - Filling up the DagBag from /opt/airflow/dags/dynamic_etl_dag.py
[2026-05-08T07:05:40.832+0000] {processor.py:840} INFO - DAG(s) 'dynamic_etl_framework' retrieved from /opt/airflow/dags/dynamic_etl_dag.py
[2026-05-08T07:05:41.048+0000] {logging_mixin.py:188} INFO - [2026-05-08T07:05:41.047+0000] {dag.py:3096} INFO - Sync 1 DAGs
[2026-05-08T07:05:41.075+0000] {logging_mixin.py:188} INFO - [2026-05-08T07:05:41.075+0000] {dag.py:3954} INFO - Setting next_dagrun for dynamic_etl_framework to 2026-05-08 00:00:00+00:00, run_after=2026-05-09 00:00:00+00:00
[2026-05-08T07:05:41.149+0000] {processor.py:183} INFO - Processing /opt/airflow/dags/dynamic_etl_dag.py took 1.487 seconds
[2026-05-08T07:06:11.946+0000] {processor.py:161} INFO - Started process (PID=1897) to work on /opt/airflow/dags/dynamic_etl_dag.py
[2026-05-08T07:06:11.947+0000] {processor.py:830} INFO - Processing file /opt/airflow/dags/dynamic_etl_dag.py for tasks to queue
[2026-05-08T07:06:11.950+0000] {logging_mixin.py:188} INFO - [2026-05-08T07:06:11.949+0000] {dagbag.py:545} INFO - Filling up the DagBag from /opt/airflow/dags/dynamic_etl_dag.py
[2026-05-08T07:06:13.130+0000] {processor.py:840} INFO - DAG(s) 'dynamic_etl_framework' retrieved from /opt/airflow/dags/dynamic_etl_dag.py
[2026-05-08T07:06:13.414+0000] {logging_mixin.py:188} INFO - [2026-05-08T07:06:13.413+0000] {dag.py:3096} INFO - Sync 1 DAGs
[2026-05-08T07:06:13.478+0000] {logging_mixin.py:188} INFO - [2026-05-08T07:06:13.478+0000] {dag.py:3954} INFO - Setting next_dagrun for dynamic_etl_framework to 2026-05-08 00:00:00+00:00, run_after=2026-05-09 00:00:00+00:00
[2026-05-08T07:06:13.539+0000] {processor.py:183} INFO - Processing /opt/airflow/dags/dynamic_etl_dag.py took 1.600 seconds
[2026-05-08T07:06:43.783+0000] {processor.py:161} INFO - Started process (PID=1903) to work on /opt/airflow/dags/dynamic_etl_dag.py
[2026-05-08T07:06:43.785+0000] {processor.py:830} INFO - Processing file /opt/airflow/dags/dynamic_etl_dag.py for tasks to queue
[2026-05-08T07:06:43.788+0000] {logging_mixin.py:188} INFO - [2026-05-08T07:06:43.788+0000] {dagbag.py:545} INFO - Filling up the DagBag from /opt/airflow/dags/dynamic_etl_dag.py
[2026-05-08T07:06:44.859+0000] {processor.py:840} INFO - DAG(s) 'dynamic_etl_framework' retrieved from /opt/airflow/dags/dynamic_etl_dag.py
[2026-05-08T07:06:45.042+0000] {logging_mixin.py:188} INFO - [2026-05-08T07:06:45.041+0000] {dag.py:3096} INFO - Sync 1 DAGs
[2026-05-08T07:06:45.068+0000] {logging_mixin.py:188} INFO - [2026-05-08T07:06:45.068+0000] {dag.py:3954} INFO - Setting next_dagrun for dynamic_etl_framework to 2026-05-08 00:00:00+00:00, run_after=2026-05-09 00:00:00+00:00
[2026-05-08T07:06:45.114+0000] {processor.py:183} INFO - Processing /opt/airflow/dags/dynamic_etl_dag.py took 1.338 seconds
[2026-05-08T07:07:15.453+0000] {processor.py:161} INFO - Started process (PID=1909) to work on /opt/airflow/dags/dynamic_etl_dag.py
[2026-05-08T07:07:15.454+0000] {processor.py:830} INFO - Processing file /opt/airflow/dags/dynamic_etl_dag.py for tasks to queue
[2026-05-08T07:07:15.457+0000] {logging_mixin.py:188} INFO - [2026-05-08T07:07:15.457+0000] {dagbag.py:545} INFO - Filling up the DagBag from /opt/airflow/dags/dynamic_etl_dag.py
[2026-05-08T07:07:16.518+0000] {processor.py:840} INFO - DAG(s) 'dynamic_etl_framework' retrieved from /opt/airflow/dags/dynamic_etl_dag.py
[2026-05-08T07:07:16.738+0000] {logging_mixin.py:188} INFO - [2026-05-08T07:07:16.738+0000] {dag.py:3096} INFO - Sync 1 DAGs
[2026-05-08T07:07:16.764+0000] {logging_mixin.py:188} INFO - [2026-05-08T07:07:16.764+0000] {dag.py:3954} INFO - Setting next_dagrun for dynamic_etl_framework to 2026-05-08 00:00:00+00:00, run_after=2026-05-09 00:00:00+00:00
[2026-05-08T07:07:16.816+0000] {processor.py:183} INFO - Processing /opt/airflow/dags/dynamic_etl_dag.py took 1.371 seconds
[2026-05-08T07:07:47.204+0000] {processor.py:161} INFO - Started process (PID=1915) to work on /opt/airflow/dags/dynamic_etl_dag.py
[2026-05-08T07:07:47.206+0000] {processor.py:830} INFO - Processing file /opt/airflow/dags/dynamic_etl_dag.py for tasks to queue
[2026-05-08T07:07:47.210+0000] {logging_mixin.py:188} INFO - [2026-05-08T07:07:47.210+0000] {dagbag.py:545} INFO - Filling up the DagBag from /opt/airflow/dags/dynamic_etl_dag.py
[2026-05-08T07:07:48.284+0000] {processor.py:840} INFO - DAG(s) 'dynamic_etl_framework' retrieved from /opt/airflow/dags/dynamic_etl_dag.py
[2026-05-08T07:07:48.523+0000] {logging_mixin.py:188} INFO - [2026-05-08T07:07:48.522+0000] {dag.py:3096} INFO - Sync 1 DAGs
[2026-05-08T07:07:48.549+0000] {logging_mixin.py:188} INFO - [2026-05-08T07:07:48.549+0000] {dag.py:3954} INFO - Setting next_dagrun for dynamic_etl_framework to 2026-05-08 00:00:00+00:00, run_after=2026-05-09 00:00:00+00:00
[2026-05-08T07:07:48.595+0000] {processor.py:183} INFO - Processing /opt/airflow/dags/dynamic_etl_dag.py took 1.401 seconds
[2026-05-08T07:08:19.127+0000] {processor.py:161} INFO - Started process (PID=1921) to work on /opt/airflow/dags/dynamic_etl_dag.py
[2026-05-08T07:08:19.129+0000] {processor.py:830} INFO - Processing file /opt/airflow/dags/dynamic_etl_dag.py for tasks to queue
[2026-05-08T07:08:19.131+0000] {logging_mixin.py:188} INFO - [2026-05-08T07:08:19.131+0000] {dagbag.py:545} INFO - Filling up the DagBag from /opt/airflow/dags/dynamic_etl_dag.py
[2026-05-08T07:08:20.103+0000] {processor.py:840} INFO - DAG(s) 'dynamic_etl_framework' retrieved from /opt/airflow/dags/dynamic_etl_dag.py
[2026-05-08T07:08:20.318+0000] {logging_mixin.py:188} INFO - [2026-05-08T07:08:20.317+0000] {dag.py:3096} INFO - Sync 1 DAGs
[2026-05-08T07:08:20.348+0000] {logging_mixin.py:188} INFO - [2026-05-08T07:08:20.348+0000] {dag.py:3954} INFO - Setting next_dagrun for dynamic_etl_framework to 2026-05-08 00:00:00+00:00, run_after=2026-05-09 00:00:00+00:00
[2026-05-08T07:08:20.409+0000] {processor.py:183} INFO - Processing /opt/airflow/dags/dynamic_etl_dag.py took 1.292 seconds
[2026-05-08T07:08:50.728+0000] {processor.py:161} INFO - Started process (PID=1927) to work on /opt/airflow/dags/dynamic_etl_dag.py
[2026-05-08T07:08:50.731+0000] {processor.py:830} INFO - Processing file /opt/airflow/dags/dynamic_etl_dag.py for tasks to queue
[2026-05-08T07:08:50.736+0000] {logging_mixin.py:188} INFO - [2026-05-08T07:08:50.735+0000] {dagbag.py:545} INFO - Filling up the DagBag from /opt/airflow/dags/dynamic_etl_dag.py
[2026-05-08T07:08:51.996+0000] {processor.py:840} INFO - DAG(s) 'dynamic_etl_framework' retrieved from /opt/airflow/dags/dynamic_etl_dag.py
[2026-05-08T07:08:52.229+0000] {logging_mixin.py:188} INFO - [2026-05-08T07:08:52.228+0000] {dag.py:3096} INFO - Sync 1 DAGs
[2026-05-08T07:08:52.271+0000] {logging_mixin.py:188} INFO - [2026-05-08T07:08:52.271+0000] {dag.py:3954} INFO - Setting next_dagrun for dynamic_etl_framework to 2026-05-08 00:00:00+00:00, run_after=2026-05-09 00:00:00+00:00
[2026-05-08T07:08:52.332+0000] {processor.py:183} INFO - Processing /opt/airflow/dags/dynamic_etl_dag.py took 1.618 seconds
[2026-05-08T07:09:22.755+0000] {processor.py:161} INFO - Started process (PID=1933) to work on /opt/airflow/dags/dynamic_etl_dag.py
[2026-05-08T07:09:22.757+0000] {processor.py:830} INFO - Processing file /opt/airflow/dags/dynamic_etl_dag.py for tasks to queue
[2026-05-08T07:09:22.759+0000] {logging_mixin.py:188} INFO - [2026-05-08T07:09:22.758+0000] {dagbag.py:545} INFO - Filling up the DagBag from /opt/airflow/dags/dynamic_etl_dag.py
[2026-05-08T07:09:23.783+0000] {processor.py:840} INFO - DAG(s) 'dynamic_etl_framework' retrieved from /opt/airflow/dags/dynamic_etl_dag.py
[2026-05-08T07:09:23.995+0000] {logging_mixin.py:188} INFO - [2026-05-08T07:09:23.995+0000] {dag.py:3096} INFO - Sync 1 DAGs
[2026-05-08T07:09:24.022+0000] {logging_mixin.py:188} INFO - [2026-05-08T07:09:24.022+0000] {dag.py:3954} INFO - Setting next_dagrun for dynamic_etl_framework to 2026-05-08 00:00:00+00:00, run_after=2026-05-09 00:00:00+00:00
[2026-05-08T07:09:24.061+0000] {processor.py:183} INFO - Processing /opt/airflow/dags/dynamic_etl_dag.py took 1.313 seconds
[2026-05-08T07:09:54.515+0000] {processor.py:161} INFO - Started process (PID=1939) to work on /opt/airflow/dags/dynamic_etl_dag.py
[2026-05-08T07:09:54.517+0000] {processor.py:830} INFO - Processing file /opt/airflow/dags/dynamic_etl_dag.py for tasks to queue
[2026-05-08T07:09:54.520+0000] {logging_mixin.py:188} INFO - [2026-05-08T07:09:54.520+0000] {dagbag.py:545} INFO - Filling up the DagBag from /opt/airflow/dags/dynamic_etl_dag.py
[2026-05-08T07:09:55.624+0000] {processor.py:840} INFO - DAG(s) 'dynamic_etl_framework' retrieved from /opt/airflow/dags/dynamic_etl_dag.py
[2026-05-08T07:09:55.847+0000] {logging_mixin.py:188} INFO - [2026-05-08T07:09:55.847+0000] {dag.py:3096} INFO - Sync 1 DAGs
[2026-05-08T07:09:55.877+0000] {logging_mixin.py:188} INFO - [2026-05-08T07:09:55.876+0000] {dag.py:3954} INFO - Setting next_dagrun for dynamic_etl_framework to 2026-05-08 00:00:00+00:00, run_after=2026-05-09 00:00:00+00:00
[2026-05-08T07:09:55.935+0000] {processor.py:183} INFO - Processing /opt/airflow/dags/dynamic_etl_dag.py took 1.433 seconds
[2026-05-08T07:10:26.322+0000] {processor.py:161} INFO - Started process (PID=1945) to work on /opt/airflow/dags/dynamic_etl_dag.py
[2026-05-08T07:10:26.324+0000] {processor.py:830} INFO - Processing file /opt/airflow/dags/dynamic_etl_dag.py for tasks to queue
[2026-05-08T07:10:26.327+0000] {logging_mixin.py:188} INFO - [2026-05-08T07:10:26.326+0000] {dagbag.py:545} INFO - Filling up the DagBag from /opt/airflow/dags/dynamic_etl_dag.py
[2026-05-08T07:10:27.408+0000] {processor.py:840} INFO - DAG(s) 'dynamic_etl_framework' retrieved from /opt/airflow/dags/dynamic_etl_dag.py
[2026-05-08T07:10:27.603+0000] {logging_mixin.py:188} INFO - [2026-05-08T07:10:27.602+0000] {dag.py:3096} INFO - Sync 1 DAGs
[2026-05-08T07:10:27.641+0000] {logging_mixin.py:188} INFO - [2026-05-08T07:10:27.641+0000] {dag.py:3954} INFO - Setting next_dagrun for dynamic_etl_framework to 2026-05-08 00:00:00+00:00, run_after=2026-05-09 00:00:00+00:00
[2026-05-08T07:10:27.686+0000] {processor.py:183} INFO - Processing /opt/airflow/dags/dynamic_etl_dag.py took 1.373 seconds
[2026-05-08T07:10:58.195+0000] {processor.py:161} INFO - Started process (PID=1951) to work on /opt/airflow/dags/dynamic_etl_dag.py
[2026-05-08T07:10:58.197+0000] {processor.py:830} INFO - Processing file /opt/airflow/dags/dynamic_etl_dag.py for tasks to queue
[2026-05-08T07:10:58.201+0000] {logging_mixin.py:188} INFO - [2026-05-08T07:10:58.201+0000] {dagbag.py:545} INFO - Filling up the DagBag from /opt/airflow/dags/dynamic_etl_dag.py
[2026-05-08T07:10:59.352+0000] {processor.py:840} INFO - DAG(s) 'dynamic_etl_framework' retrieved from /opt/airflow/dags/dynamic_etl_dag.py
[2026-05-08T07:10:59.587+0000] {logging_mixin.py:188} INFO - [2026-05-08T07:10:59.586+0000] {dag.py:3096} INFO - Sync 1 DAGs
[2026-05-08T07:10:59.613+0000] {logging_mixin.py:188} INFO - [2026-05-08T07:10:59.612+0000] {dag.py:3954} INFO - Setting next_dagrun for dynamic_etl_framework to 2026-05-08 00:00:00+00:00, run_after=2026-05-09 00:00:00+00:00
[2026-05-08T07:10:59.656+0000] {processor.py:183} INFO - Processing /opt/airflow/dags/dynamic_etl_dag.py took 1.479 seconds
[2026-05-08T07:11:29.792+0000] {processor.py:161} INFO - Started process (PID=1957) to work on /opt/airflow/dags/dynamic_etl_dag.py
[2026-05-08T07:11:29.794+0000] {processor.py:830} INFO - Processing file /opt/airflow/dags/dynamic_etl_dag.py for tasks to queue
[2026-05-08T07:11:29.796+0000] {logging_mixin.py:188} INFO - [2026-05-08T07:11:29.796+0000] {dagbag.py:545} INFO - Filling up the DagBag from /opt/airflow/dags/dynamic_etl_dag.py
[2026-05-08T07:11:30.824+0000] {processor.py:840} INFO - DAG(s) 'dynamic_etl_framework' retrieved from /opt/airflow/dags/dynamic_etl_dag.py
[2026-05-08T07:11:31.039+0000] {logging_mixin.py:188} INFO - [2026-05-08T07:11:31.038+0000] {dag.py:3096} INFO - Sync 1 DAGs
[2026-05-08T07:11:31.071+0000] {logging_mixin.py:188} INFO - [2026-05-08T07:11:31.070+0000] {dag.py:3954} INFO - Setting next_dagrun for dynamic_etl_framework to 2026-05-08 00:00:00+00:00, run_after=2026-05-09 00:00:00+00:00
[2026-05-08T07:11:31.113+0000] {processor.py:183} INFO - Processing /opt/airflow/dags/dynamic_etl_dag.py took 1.327 seconds
[2026-05-08T07:12:01.325+0000] {processor.py:161} INFO - Started process (PID=1963) to work on /opt/airflow/dags/dynamic_etl_dag.py
[2026-05-08T07:12:01.327+0000] {processor.py:830} INFO - Processing file /opt/airflow/dags/dynamic_etl_dag.py for tasks to queue
[2026-05-08T07:12:01.331+0000] {logging_mixin.py:188} INFO - [2026-05-08T07:12:01.330+0000] {dagbag.py:545} INFO - Filling up the DagBag from /opt/airflow/dags/dynamic_etl_dag.py
[2026-05-08T07:12:02.542+0000] {processor.py:840} INFO - DAG(s) 'dynamic_etl_framework' retrieved from /opt/airflow/dags/dynamic_etl_dag.py
[2026-05-08T07:12:02.795+0000] {logging_mixin.py:188} INFO - [2026-05-08T07:12:02.794+0000] {dag.py:3096} INFO - Sync 1 DAGs
[2026-05-08T07:12:02.831+0000] {logging_mixin.py:188} INFO - [2026-05-08T07:12:02.831+0000] {dag.py:3954} INFO - Setting next_dagrun for dynamic_etl_framework to 2026-05-08 00:00:00+00:00, run_after=2026-05-09 00:00:00+00:00
[2026-05-08T07:12:02.873+0000] {processor.py:183} INFO - Processing /opt/airflow/dags/dynamic_etl_dag.py took 1.559 seconds
[2026-05-08T07:12:33.550+0000] {processor.py:161} INFO - Started process (PID=1969) to work on /opt/airflow/dags/dynamic_etl_dag.py
[2026-05-08T07:12:33.551+0000] {processor.py:830} INFO - Processing file /opt/airflow/dags/dynamic_etl_dag.py for tasks to queue
[2026-05-08T07:12:33.553+0000] {logging_mixin.py:188} INFO - [2026-05-08T07:12:33.553+0000] {dagbag.py:545} INFO - Filling up the DagBag from /opt/airflow/dags/dynamic_etl_dag.py
[2026-05-08T07:12:34.536+0000] {processor.py:840} INFO - DAG(s) 'dynamic_etl_framework' retrieved from /opt/airflow/dags/dynamic_etl_dag.py
[2026-05-08T07:12:34.836+0000] {logging_mixin.py:188} INFO - [2026-05-08T07:12:34.836+0000] {dag.py:3096} INFO - Sync 1 DAGs
[2026-05-08T07:12:34.868+0000] {logging_mixin.py:188} INFO - [2026-05-08T07:12:34.868+0000] {dag.py:3954} INFO - Setting next_dagrun for dynamic_etl_framework to 2026-05-08 00:00:00+00:00, run_after=2026-05-09 00:00:00+00:00
[2026-05-08T07:12:34.930+0000] {processor.py:183} INFO - Processing /opt/airflow/dags/dynamic_etl_dag.py took 1.388 seconds
[2026-05-08T07:13:05.127+0000] {processor.py:161} INFO - Started process (PID=1975) to work on /opt/airflow/dags/dynamic_etl_dag.py
[2026-05-08T07:13:05.155+0000] {processor.py:830} INFO - Processing file /opt/airflow/dags/dynamic_etl_dag.py for tasks to queue
[2026-05-08T07:13:05.194+0000] {logging_mixin.py:188} INFO - [2026-05-08T07:13:05.193+0000] {dagbag.py:545} INFO - Filling up the DagBag from /opt/airflow/dags/dynamic_etl_dag.py
[2026-05-08T07:13:06.379+0000] {processor.py:840} INFO - DAG(s) 'dynamic_etl_framework' retrieved from /opt/airflow/dags/dynamic_etl_dag.py
[2026-05-08T07:13:06.565+0000] {logging_mixin.py:188} INFO - [2026-05-08T07:13:06.565+0000] {dag.py:3096} INFO - Sync 1 DAGs
[2026-05-08T07:13:06.589+0000] {logging_mixin.py:188} INFO - [2026-05-08T07:13:06.589+0000] {dag.py:3954} INFO - Setting next_dagrun for dynamic_etl_framework to 2026-05-08 00:00:00+00:00, run_after=2026-05-09 00:00:00+00:00
[2026-05-08T07:13:06.640+0000] {processor.py:183} INFO - Processing /opt/airflow/dags/dynamic_etl_dag.py took 1.529 seconds
[2026-05-08T07:13:37.276+0000] {processor.py:161} INFO - Started process (PID=1981) to work on /opt/airflow/dags/dynamic_etl_dag.py
[2026-05-08T07:13:37.278+0000] {processor.py:830} INFO - Processing file /opt/airflow/dags/dynamic_etl_dag.py for tasks to queue
[2026-05-08T07:13:37.281+0000] {logging_mixin.py:188} INFO - [2026-05-08T07:13:37.280+0000] {dagbag.py:545} INFO - Filling up the DagBag from /opt/airflow/dags/dynamic_etl_dag.py
[2026-05-08T07:13:38.351+0000] {processor.py:840} INFO - DAG(s) 'dynamic_etl_framework' retrieved from /opt/airflow/dags/dynamic_etl_dag.py
[2026-05-08T07:13:38.586+0000] {logging_mixin.py:188} INFO - [2026-05-08T07:13:38.585+0000] {dag.py:3096} INFO - Sync 1 DAGs
[2026-05-08T07:13:38.625+0000] {logging_mixin.py:188} INFO - [2026-05-08T07:13:38.625+0000] {dag.py:3954} INFO - Setting next_dagrun for dynamic_etl_framework to 2026-05-08 00:00:00+00:00, run_after=2026-05-09 00:00:00+00:00
[2026-05-08T07:13:38.679+0000] {processor.py:183} INFO - Processing /opt/airflow/dags/dynamic_etl_dag.py took 1.408 seconds
[2026-05-08T07:14:08.824+0000] {processor.py:161} INFO - Started process (PID=1987) to work on /opt/airflow/dags/dynamic_etl_dag.py
[2026-05-08T07:14:08.826+0000] {processor.py:830} INFO - Processing file /opt/airflow/dags/dynamic_etl_dag.py for tasks to queue
[2026-05-08T07:14:08.829+0000] {logging_mixin.py:188} INFO - [2026-05-08T07:14:08.828+0000] {dagbag.py:545} INFO - Filling up the DagBag from /opt/airflow/dags/dynamic_etl_dag.py
[2026-05-08T07:14:09.846+0000] {processor.py:840} INFO - DAG(s) 'dynamic_etl_framework' retrieved from /opt/airflow/dags/dynamic_etl_dag.py
[2026-05-08T07:14:10.062+0000] {logging_mixin.py:188} INFO - [2026-05-08T07:14:10.062+0000] {dag.py:3096} INFO - Sync 1 DAGs
[2026-05-08T07:14:10.089+0000] {logging_mixin.py:188} INFO - [2026-05-08T07:14:10.089+0000] {dag.py:3954} INFO - Setting next_dagrun for dynamic_etl_framework to 2026-05-08 00:00:00+00:00, run_after=2026-05-09 00:00:00+00:00
[2026-05-08T07:14:10.132+0000] {processor.py:183} INFO - Processing /opt/airflow/dags/dynamic_etl_dag.py took 1.314 seconds
[2026-05-08T07:14:40.456+0000] {processor.py:161} INFO - Started process (PID=1993) to work on /opt/airflow/dags/dynamic_etl_dag.py
[2026-05-08T07:14:40.459+0000] {processor.py:830} INFO - Processing file /opt/airflow/dags/dynamic_etl_dag.py for tasks to queue
[2026-05-08T07:14:40.464+0000] {logging_mixin.py:188} INFO - [2026-05-08T07:14:40.463+0000] {dagbag.py:545} INFO - Filling up the DagBag from /opt/airflow/dags/dynamic_etl_dag.py
[2026-05-08T07:14:41.690+0000] {processor.py:840} INFO - DAG(s) 'dynamic_etl_framework' retrieved from /opt/airflow/dags/dynamic_etl_dag.py
[2026-05-08T07:14:41.978+0000] {logging_mixin.py:188} INFO - [2026-05-08T07:14:41.977+0000] {dag.py:3096} INFO - Sync 1 DAGs
[2026-05-08T07:14:42.111+0000] {logging_mixin.py:188} INFO - [2026-05-08T07:14:42.111+0000] {dag.py:3954} INFO - Setting next_dagrun for dynamic_etl_framework to 2026-05-08 00:00:00+00:00, run_after=2026-05-09 00:00:00+00:00
[2026-05-08T07:14:42.172+0000] {processor.py:183} INFO - Processing /opt/airflow/dags/dynamic_etl_dag.py took 1.729 seconds
[2026-05-08T07:15:12.699+0000] {processor.py:161} INFO - Started process (PID=1999) to work on /opt/airflow/dags/dynamic_etl_dag.py
[2026-05-08T07:15:12.701+0000] {processor.py:830} INFO - Processing file /opt/airflow/dags/dynamic_etl_dag.py for tasks to queue
[2026-05-08T07:15:12.704+0000] {logging_mixin.py:188} INFO - [2026-05-08T07:15:12.704+0000] {dagbag.py:545} INFO - Filling up the DagBag from /opt/airflow/dags/dynamic_etl_dag.py
[2026-05-08T07:15:13.826+0000] {processor.py:840} INFO - DAG(s) 'dynamic_etl_framework' retrieved from /opt/airflow/dags/dynamic_etl_dag.py
[2026-05-08T07:15:14.075+0000] {logging_mixin.py:188} INFO - [2026-05-08T07:15:14.073+0000] {dag.py:3096} INFO - Sync 1 DAGs
[2026-05-08T07:15:14.107+0000] {logging_mixin.py:188} INFO - [2026-05-08T07:15:14.106+0000] {dag.py:3954} INFO - Setting next_dagrun for dynamic_etl_framework to 2026-05-08 00:00:00+00:00, run_after=2026-05-09 00:00:00+00:00
[2026-05-08T07:15:14.202+0000] {processor.py:183} INFO - Processing /opt/airflow/dags/dynamic_etl_dag.py took 1.512 seconds
[2026-05-08T07:15:44.739+0000] {processor.py:161} INFO - Started process (PID=2005) to work on /opt/airflow/dags/dynamic_etl_dag.py
[2026-05-08T07:15:44.743+0000] {processor.py:830} INFO - Processing file /opt/airflow/dags/dynamic_etl_dag.py for tasks to queue
[2026-05-08T07:15:44.748+0000] {logging_mixin.py:188} INFO - [2026-05-08T07:15:44.748+0000] {dagbag.py:545} INFO - Filling up the DagBag from /opt/airflow/dags/dynamic_etl_dag.py
[2026-05-08T07:15:45.960+0000] {processor.py:840} INFO - DAG(s) 'dynamic_etl_framework' retrieved from /opt/airflow/dags/dynamic_etl_dag.py
[2026-05-08T07:15:46.216+0000] {logging_mixin.py:188} INFO - [2026-05-08T07:15:46.215+0000] {dag.py:3096} INFO - Sync 1 DAGs
[2026-05-08T07:15:46.262+0000] {logging_mixin.py:188} INFO - [2026-05-08T07:15:46.261+0000] {dag.py:3954} INFO - Setting next_dagrun for dynamic_etl_framework to 2026-05-08 00:00:00+00:00, run_after=2026-05-09 00:00:00+00:00
[2026-05-08T07:15:46.321+0000] {processor.py:183} INFO - Processing /opt/airflow/dags/dynamic_etl_dag.py took 1.593 seconds
[2026-05-08T07:16:16.885+0000] {processor.py:161} INFO - Started process (PID=2011) to work on /opt/airflow/dags/dynamic_etl_dag.py
[2026-05-08T07:16:16.886+0000] {processor.py:830} INFO - Processing file /opt/airflow/dags/dynamic_etl_dag.py for tasks to queue
[2026-05-08T07:16:16.889+0000] {logging_mixin.py:188} INFO - [2026-05-08T07:16:16.889+0000] {dagbag.py:545} INFO - Filling up the DagBag from /opt/airflow/dags/dynamic_etl_dag.py
[2026-05-08T07:16:17.922+0000] {processor.py:840} INFO - DAG(s) 'dynamic_etl_framework' retrieved from /opt/airflow/dags/dynamic_etl_dag.py
[2026-05-08T07:16:18.107+0000] {logging_mixin.py:188} INFO - [2026-05-08T07:16:18.106+0000] {dag.py:3096} INFO - Sync 1 DAGs
[2026-05-08T07:16:18.133+0000] {logging_mixin.py:188} INFO - [2026-05-08T07:16:18.132+0000] {dag.py:3954} INFO - Setting next_dagrun for dynamic_etl_framework to 2026-05-08 00:00:00+00:00, run_after=2026-05-09 00:00:00+00:00
[2026-05-08T07:16:18.213+0000] {processor.py:183} INFO - Processing /opt/airflow/dags/dynamic_etl_dag.py took 1.336 seconds
[2026-05-08T07:16:48.596+0000] {processor.py:161} INFO - Started process (PID=2017) to work on /opt/airflow/dags/dynamic_etl_dag.py
[2026-05-08T07:16:48.598+0000] {processor.py:830} INFO - Processing file /opt/airflow/dags/dynamic_etl_dag.py for tasks to queue
[2026-05-08T07:16:48.603+0000] {logging_mixin.py:188} INFO - [2026-05-08T07:16:48.602+0000] {dagbag.py:545} INFO - Filling up the DagBag from /opt/airflow/dags/dynamic_etl_dag.py
[2026-05-08T07:16:49.709+0000] {processor.py:840} INFO - DAG(s) 'dynamic_etl_framework' retrieved from /opt/airflow/dags/dynamic_etl_dag.py
[2026-05-08T07:16:49.924+0000] {logging_mixin.py:188} INFO - [2026-05-08T07:16:49.924+0000] {dag.py:3096} INFO - Sync 1 DAGs
[2026-05-08T07:16:49.954+0000] {logging_mixin.py:188} INFO - [2026-05-08T07:16:49.954+0000] {dag.py:3954} INFO - Setting next_dagrun for dynamic_etl_framework to 2026-05-08 00:00:00+00:00, run_after=2026-05-09 00:00:00+00:00
[2026-05-08T07:16:50.019+0000] {processor.py:183} INFO - Processing /opt/airflow/dags/dynamic_etl_dag.py took 1.437 seconds
[2026-05-08T07:17:20.971+0000] {processor.py:161} INFO - Started process (PID=2023) to work on /opt/airflow/dags/dynamic_etl_dag.py
[2026-05-08T07:17:20.974+0000] {processor.py:830} INFO - Processing file /opt/airflow/dags/dynamic_etl_dag.py for tasks to queue
[2026-05-08T07:17:20.980+0000] {logging_mixin.py:188} INFO - [2026-05-08T07:17:20.979+0000] {dagbag.py:545} INFO - Filling up the DagBag from /opt/airflow/dags/dynamic_etl_dag.py
[2026-05-08T07:17:22.175+0000] {processor.py:840} INFO - DAG(s) 'dynamic_etl_framework' retrieved from /opt/airflow/dags/dynamic_etl_dag.py
[2026-05-08T07:17:22.441+0000] {logging_mixin.py:188} INFO - [2026-05-08T07:17:22.440+0000] {dag.py:3096} INFO - Sync 1 DAGs
[2026-05-08T07:17:22.486+0000] {logging_mixin.py:188} INFO - [2026-05-08T07:17:22.486+0000] {dag.py:3954} INFO - Setting next_dagrun for dynamic_etl_framework to 2026-05-08 00:00:00+00:00, run_after=2026-05-09 00:00:00+00:00
[2026-05-08T07:17:22.549+0000] {processor.py:183} INFO - Processing /opt/airflow/dags/dynamic_etl_dag.py took 1.591 seconds
[2026-05-08T07:17:52.790+0000] {processor.py:161} INFO - Started process (PID=2029) to work on /opt/airflow/dags/dynamic_etl_dag.py
[2026-05-08T07:17:52.791+0000] {processor.py:830} INFO - Processing file /opt/airflow/dags/dynamic_etl_dag.py for tasks to queue
[2026-05-08T07:17:52.794+0000] {logging_mixin.py:188} INFO - [2026-05-08T07:17:52.793+0000] {dagbag.py:545} INFO - Filling up the DagBag from /opt/airflow/dags/dynamic_etl_dag.py
[2026-05-08T07:17:53.757+0000] {processor.py:840} INFO - DAG(s) 'dynamic_etl_framework' retrieved from /opt/airflow/dags/dynamic_etl_dag.py
[2026-05-08T07:17:53.968+0000] {logging_mixin.py:188} INFO - [2026-05-08T07:17:53.968+0000] {dag.py:3096} INFO - Sync 1 DAGs
[2026-05-08T07:17:54.011+0000] {logging_mixin.py:188} INFO - [2026-05-08T07:17:54.010+0000] {dag.py:3954} INFO - Setting next_dagrun for dynamic_etl_framework to 2026-05-08 00:00:00+00:00, run_after=2026-05-09 00:00:00+00:00
[2026-05-08T07:17:54.067+0000] {processor.py:183} INFO - Processing /opt/airflow/dags/dynamic_etl_dag.py took 1.285 seconds
[2026-05-08T07:18:24.360+0000] {processor.py:161} INFO - Started process (PID=2035) to work on /opt/airflow/dags/dynamic_etl_dag.py
[2026-05-08T07:18:24.362+0000] {processor.py:830} INFO - Processing file /opt/airflow/dags/dynamic_etl_dag.py for tasks to queue
[2026-05-08T07:18:24.366+0000] {logging_mixin.py:188} INFO - [2026-05-08T07:18:24.365+0000] {dagbag.py:545} INFO - Filling up the DagBag from /opt/airflow/dags/dynamic_etl_dag.py
[2026-05-08T07:18:25.411+0000] {processor.py:840} INFO - DAG(s) 'dynamic_etl_framework' retrieved from /opt/airflow/dags/dynamic_etl_dag.py
[2026-05-08T07:18:25.622+0000] {logging_mixin.py:188} INFO - [2026-05-08T07:18:25.620+0000] {dag.py:3096} INFO - Sync 1 DAGs
[2026-05-08T07:18:25.678+0000] {logging_mixin.py:188} INFO - [2026-05-08T07:18:25.678+0000] {dag.py:3954} INFO - Setting next_dagrun for dynamic_etl_framework to 2026-05-08 00:00:00+00:00, run_after=2026-05-09 00:00:00+00:00
[2026-05-08T07:18:25.739+0000] {processor.py:183} INFO - Processing /opt/airflow/dags/dynamic_etl_dag.py took 1.387 seconds
[2026-05-08T07:18:56.260+0000] {processor.py:161} INFO - Started process (PID=2041) to work on /opt/airflow/dags/dynamic_etl_dag.py
[2026-05-08T07:18:56.262+0000] {processor.py:830} INFO - Processing file /opt/airflow/dags/dynamic_etl_dag.py for tasks to queue
[2026-05-08T07:18:56.266+0000] {logging_mixin.py:188} INFO - [2026-05-08T07:18:56.265+0000] {dagbag.py:545} INFO - Filling up the DagBag from /opt/airflow/dags/dynamic_etl_dag.py
[2026-05-08T07:18:57.289+0000] {processor.py:840} INFO - DAG(s) 'dynamic_etl_framework' retrieved from /opt/airflow/dags/dynamic_etl_dag.py
[2026-05-08T07:18:57.477+0000] {logging_mixin.py:188} INFO - [2026-05-08T07:18:57.477+0000] {dag.py:3096} INFO - Sync 1 DAGs
[2026-05-08T07:18:57.506+0000] {logging_mixin.py:188} INFO - [2026-05-08T07:18:57.506+0000] {dag.py:3954} INFO - Setting next_dagrun for dynamic_etl_framework to 2026-05-08 00:00:00+00:00, run_after=2026-05-09 00:00:00+00:00
[2026-05-08T07:18:57.559+0000] {processor.py:183} INFO - Processing /opt/airflow/dags/dynamic_etl_dag.py took 1.305 seconds
[2026-05-08T07:19:27.831+0000] {processor.py:161} INFO - Started process (PID=2047) to work on /opt/airflow/dags/dynamic_etl_dag.py
[2026-05-08T07:19:27.834+0000] {processor.py:830} INFO - Processing file /opt/airflow/dags/dynamic_etl_dag.py for tasks to queue
[2026-05-08T07:19:27.838+0000] {logging_mixin.py:188} INFO - [2026-05-08T07:19:27.837+0000] {dagbag.py:545} INFO - Filling up the DagBag from /opt/airflow/dags/dynamic_etl_dag.py
[2026-05-08T07:19:28.912+0000] {processor.py:840} INFO - DAG(s) 'dynamic_etl_framework' retrieved from /opt/airflow/dags/dynamic_etl_dag.py
[2026-05-08T07:19:29.136+0000] {logging_mixin.py:188} INFO - [2026-05-08T07:19:29.136+0000] {dag.py:3096} INFO - Sync 1 DAGs
[2026-05-08T07:19:29.162+0000] {logging_mixin.py:188} INFO - [2026-05-08T07:19:29.162+0000] {dag.py:3954} INFO - Setting next_dagrun for dynamic_etl_framework to 2026-05-08 00:00:00+00:00, run_after=2026-05-09 00:00:00+00:00
[2026-05-08T07:19:29.230+0000] {processor.py:183} INFO - Processing /opt/airflow/dags/dynamic_etl_dag.py took 1.406 seconds
[2026-05-08T07:19:59.342+0000] {processor.py:161} INFO - Started process (PID=2053) to work on /opt/airflow/dags/dynamic_etl_dag.py
[2026-05-08T07:19:59.343+0000] {processor.py:830} INFO - Processing file /opt/airflow/dags/dynamic_etl_dag.py for tasks to queue
[2026-05-08T07:19:59.347+0000] {logging_mixin.py:188} INFO - [2026-05-08T07:19:59.346+0000] {dagbag.py:545} INFO - Filling up the DagBag from /opt/airflow/dags/dynamic_etl_dag.py
[2026-05-08T07:20:00.466+0000] {processor.py:840} INFO - DAG(s) 'dynamic_etl_framework' retrieved from /opt/airflow/dags/dynamic_etl_dag.py
[2026-05-08T07:20:00.691+0000] {logging_mixin.py:188} INFO - [2026-05-08T07:20:00.690+0000] {dag.py:3096} INFO - Sync 1 DAGs
[2026-05-08T07:20:00.717+0000] {logging_mixin.py:188} INFO - [2026-05-08T07:20:00.716+0000] {dag.py:3954} INFO - Setting next_dagrun for dynamic_etl_framework to 2026-05-08 00:00:00+00:00, run_after=2026-05-09 00:00:00+00:00
[2026-05-08T07:20:00.761+0000] {processor.py:183} INFO - Processing /opt/airflow/dags/dynamic_etl_dag.py took 1.427 seconds
[2026-05-08T07:20:31.040+0000] {processor.py:161} INFO - Started process (PID=2059) to work on /opt/airflow/dags/dynamic_etl_dag.py
[2026-05-08T07:20:31.043+0000] {processor.py:830} INFO - Processing file /opt/airflow/dags/dynamic_etl_dag.py for tasks to queue
[2026-05-08T07:20:31.048+0000] {logging_mixin.py:188} INFO - [2026-05-08T07:20:31.047+0000] {dagbag.py:545} INFO - Filling up the DagBag from /opt/airflow/dags/dynamic_etl_dag.py
[2026-05-08T07:20:32.226+0000] {processor.py:840} INFO - DAG(s) 'dynamic_etl_framework' retrieved from /opt/airflow/dags/dynamic_etl_dag.py
[2026-05-08T07:20:32.441+0000] {logging_mixin.py:188} INFO - [2026-05-08T07:20:32.440+0000] {dag.py:3096} INFO - Sync 1 DAGs
[2026-05-08T07:20:32.472+0000] {logging_mixin.py:188} INFO - [2026-05-08T07:20:32.471+0000] {dag.py:3954} INFO - Setting next_dagrun for dynamic_etl_framework to 2026-05-08 00:00:00+00:00, run_after=2026-05-09 00:00:00+00:00
[2026-05-08T07:20:32.612+0000] {processor.py:183} INFO - Processing /opt/airflow/dags/dynamic_etl_dag.py took 1.585 seconds
[2026-05-08T07:21:02.925+0000] {processor.py:161} INFO - Started process (PID=2065) to work on /opt/airflow/dags/dynamic_etl_dag.py
[2026-05-08T07:21:02.927+0000] {processor.py:830} INFO - Processing file /opt/airflow/dags/dynamic_etl_dag.py for tasks to queue
[2026-05-08T07:21:02.932+0000] {logging_mixin.py:188} INFO - [2026-05-08T07:21:02.932+0000] {dagbag.py:545} INFO - Filling up the DagBag from /opt/airflow/dags/dynamic_etl_dag.py
[2026-05-08T07:21:03.974+0000] {processor.py:840} INFO - DAG(s) 'dynamic_etl_framework' retrieved from /opt/airflow/dags/dynamic_etl_dag.py
[2026-05-08T07:21:04.161+0000] {logging_mixin.py:188} INFO - [2026-05-08T07:21:04.160+0000] {dag.py:3096} INFO - Sync 1 DAGs
[2026-05-08T07:21:04.191+0000] {logging_mixin.py:188} INFO - [2026-05-08T07:21:04.191+0000] {dag.py:3954} INFO - Setting next_dagrun for dynamic_etl_framework to 2026-05-08 00:00:00+00:00, run_after=2026-05-09 00:00:00+00:00
[2026-05-08T07:21:04.237+0000] {processor.py:183} INFO - Processing /opt/airflow/dags/dynamic_etl_dag.py took 1.318 seconds
[2026-05-08T07:21:34.811+0000] {processor.py:161} INFO - Started process (PID=2071) to work on /opt/airflow/dags/dynamic_etl_dag.py
[2026-05-08T07:21:34.813+0000] {processor.py:830} INFO - Processing file /opt/airflow/dags/dynamic_etl_dag.py for tasks to queue
[2026-05-08T07:21:34.817+0000] {logging_mixin.py:188} INFO - [2026-05-08T07:21:34.817+0000] {dagbag.py:545} INFO - Filling up the DagBag from /opt/airflow/dags/dynamic_etl_dag.py
[2026-05-08T07:21:36.012+0000] {processor.py:840} INFO - DAG(s) 'dynamic_etl_framework' retrieved from /opt/airflow/dags/dynamic_etl_dag.py
[2026-05-08T07:21:36.208+0000] {logging_mixin.py:188} INFO - [2026-05-08T07:21:36.206+0000] {dag.py:3096} INFO - Sync 1 DAGs
[2026-05-08T07:21:36.239+0000] {logging_mixin.py:188} INFO - [2026-05-08T07:21:36.239+0000] {dag.py:3954} INFO - Setting next_dagrun for dynamic_etl_framework to 2026-05-08 00:00:00+00:00, run_after=2026-05-09 00:00:00+00:00
[2026-05-08T07:21:36.340+0000] {processor.py:183} INFO - Processing /opt/airflow/dags/dynamic_etl_dag.py took 1.540 seconds
[2026-05-08T07:22:06.692+0000] {processor.py:161} INFO - Started process (PID=2077) to work on /opt/airflow/dags/dynamic_etl_dag.py
[2026-05-08T07:22:06.705+0000] {processor.py:830} INFO - Processing file /opt/airflow/dags/dynamic_etl_dag.py for tasks to queue
[2026-05-08T07:22:06.709+0000] {logging_mixin.py:188} INFO - [2026-05-08T07:22:06.708+0000] {dagbag.py:545} INFO - Filling up the DagBag from /opt/airflow/dags/dynamic_etl_dag.py
[2026-05-08T07:22:07.728+0000] {processor.py:840} INFO - DAG(s) 'dynamic_etl_framework' retrieved from /opt/airflow/dags/dynamic_etl_dag.py
[2026-05-08T07:22:07.945+0000] {logging_mixin.py:188} INFO - [2026-05-08T07:22:07.944+0000] {dag.py:3096} INFO - Sync 1 DAGs
[2026-05-08T07:22:07.982+0000] {logging_mixin.py:188} INFO - [2026-05-08T07:22:07.982+0000] {dag.py:3954} INFO - Setting next_dagrun for dynamic_etl_framework to 2026-05-08 00:00:00+00:00, run_after=2026-05-09 00:00:00+00:00
[2026-05-08T07:22:08.031+0000] {processor.py:183} INFO - Processing /opt/airflow/dags/dynamic_etl_dag.py took 1.347 seconds
[2026-05-08T07:22:38.600+0000] {processor.py:161} INFO - Started process (PID=2083) to work on /opt/airflow/dags/dynamic_etl_dag.py
[2026-05-08T07:22:38.602+0000] {processor.py:830} INFO - Processing file /opt/airflow/dags/dynamic_etl_dag.py for tasks to queue
[2026-05-08T07:22:38.606+0000] {logging_mixin.py:188} INFO - [2026-05-08T07:22:38.606+0000] {dagbag.py:545} INFO - Filling up the DagBag from /opt/airflow/dags/dynamic_etl_dag.py
[2026-05-08T07:22:39.585+0000] {processor.py:840} INFO - DAG(s) 'dynamic_etl_framework' retrieved from /opt/airflow/dags/dynamic_etl_dag.py
[2026-05-08T07:22:39.797+0000] {logging_mixin.py:188} INFO - [2026-05-08T07:22:39.796+0000] {dag.py:3096} INFO - Sync 1 DAGs
[2026-05-08T07:22:39.827+0000] {logging_mixin.py:188} INFO - [2026-05-08T07:22:39.827+0000] {dag.py:3954} INFO - Setting next_dagrun for dynamic_etl_framework to 2026-05-08 00:00:00+00:00, run_after=2026-05-09 00:00:00+00:00
[2026-05-08T07:22:39.873+0000] {processor.py:183} INFO - Processing /opt/airflow/dags/dynamic_etl_dag.py took 1.279 seconds
[2026-05-08T07:23:10.302+0000] {processor.py:161} INFO - Started process (PID=2089) to work on /opt/airflow/dags/dynamic_etl_dag.py
[2026-05-08T07:23:10.304+0000] {processor.py:830} INFO - Processing file /opt/airflow/dags/dynamic_etl_dag.py for tasks to queue
[2026-05-08T07:23:10.309+0000] {logging_mixin.py:188} INFO - [2026-05-08T07:23:10.309+0000] {dagbag.py:545} INFO - Filling up the DagBag from /opt/airflow/dags/dynamic_etl_dag.py
[2026-05-08T07:23:11.266+0000] {processor.py:840} INFO - DAG(s) 'dynamic_etl_framework' retrieved from /opt/airflow/dags/dynamic_etl_dag.py
[2026-05-08T07:23:11.502+0000] {logging_mixin.py:188} INFO - [2026-05-08T07:23:11.502+0000] {dag.py:3096} INFO - Sync 1 DAGs
[2026-05-08T07:23:11.534+0000] {logging_mixin.py:188} INFO - [2026-05-08T07:23:11.534+0000] {dag.py:3954} INFO - Setting next_dagrun for dynamic_etl_framework to 2026-05-08 00:00:00+00:00, run_after=2026-05-09 00:00:00+00:00
[2026-05-08T07:23:11.591+0000] {processor.py:183} INFO - Processing /opt/airflow/dags/dynamic_etl_dag.py took 1.299 seconds
[2026-05-08T07:23:41.830+0000] {processor.py:161} INFO - Started process (PID=2095) to work on /opt/airflow/dags/dynamic_etl_dag.py
[2026-05-08T07:23:41.831+0000] {processor.py:830} INFO - Processing file /opt/airflow/dags/dynamic_etl_dag.py for tasks to queue
[2026-05-08T07:23:41.834+0000] {logging_mixin.py:188} INFO - [2026-05-08T07:23:41.834+0000] {dagbag.py:545} INFO - Filling up the DagBag from /opt/airflow/dags/dynamic_etl_dag.py
[2026-05-08T07:23:42.924+0000] {processor.py:840} INFO - DAG(s) 'dynamic_etl_framework' retrieved from /opt/airflow/dags/dynamic_etl_dag.py
[2026-05-08T07:23:43.305+0000] {logging_mixin.py:188} INFO - [2026-05-08T07:23:43.303+0000] {dag.py:3096} INFO - Sync 1 DAGs
[2026-05-08T07:23:43.393+0000] {logging_mixin.py:188} INFO - [2026-05-08T07:23:43.392+0000] {dag.py:3954} INFO - Setting next_dagrun for dynamic_etl_framework to 2026-05-08 00:00:00+00:00, run_after=2026-05-09 00:00:00+00:00
[2026-05-08T07:23:43.503+0000] {processor.py:183} INFO - Processing /opt/airflow/dags/dynamic_etl_dag.py took 1.680 seconds
[2026-05-08T07:24:14.069+0000] {processor.py:161} INFO - Started process (PID=2101) to work on /opt/airflow/dags/dynamic_etl_dag.py
[2026-05-08T07:24:14.070+0000] {processor.py:830} INFO - Processing file /opt/airflow/dags/dynamic_etl_dag.py for tasks to queue
[2026-05-08T07:24:14.073+0000] {logging_mixin.py:188} INFO - [2026-05-08T07:24:14.073+0000] {dagbag.py:545} INFO - Filling up the DagBag from /opt/airflow/dags/dynamic_etl_dag.py
[2026-05-08T07:24:15.158+0000] {processor.py:840} INFO - DAG(s) 'dynamic_etl_framework' retrieved from /opt/airflow/dags/dynamic_etl_dag.py
[2026-05-08T07:24:15.340+0000] {logging_mixin.py:188} INFO - [2026-05-08T07:24:15.339+0000] {dag.py:3096} INFO - Sync 1 DAGs
[2026-05-08T07:24:15.366+0000] {logging_mixin.py:188} INFO - [2026-05-08T07:24:15.366+0000] {dag.py:3954} INFO - Setting next_dagrun for dynamic_etl_framework to 2026-05-08 00:00:00+00:00, run_after=2026-05-09 00:00:00+00:00
[2026-05-08T07:24:15.407+0000] {processor.py:183} INFO - Processing /opt/airflow/dags/dynamic_etl_dag.py took 1.349 seconds
[2026-05-08T07:24:45.640+0000] {processor.py:161} INFO - Started process (PID=2107) to work on /opt/airflow/dags/dynamic_etl_dag.py
[2026-05-08T07:24:45.641+0000] {processor.py:830} INFO - Processing file /opt/airflow/dags/dynamic_etl_dag.py for tasks to queue
[2026-05-08T07:24:45.645+0000] {logging_mixin.py:188} INFO - [2026-05-08T07:24:45.644+0000] {dagbag.py:545} INFO - Filling up the DagBag from /opt/airflow/dags/dynamic_etl_dag.py
[2026-05-08T07:24:46.661+0000] {processor.py:840} INFO - DAG(s) 'dynamic_etl_framework' retrieved from /opt/airflow/dags/dynamic_etl_dag.py
[2026-05-08T07:24:46.878+0000] {logging_mixin.py:188} INFO - [2026-05-08T07:24:46.878+0000] {dag.py:3096} INFO - Sync 1 DAGs
[2026-05-08T07:24:46.908+0000] {logging_mixin.py:188} INFO - [2026-05-08T07:24:46.908+0000] {dag.py:3954} INFO - Setting next_dagrun for dynamic_etl_framework to 2026-05-08 00:00:00+00:00, run_after=2026-05-09 00:00:00+00:00
[2026-05-08T07:24:46.953+0000] {processor.py:183} INFO - Processing /opt/airflow/dags/dynamic_etl_dag.py took 1.320 seconds
[2026-05-08T07:25:17.440+0000] {processor.py:161} INFO - Started process (PID=2113) to work on /opt/airflow/dags/dynamic_etl_dag.py
[2026-05-08T07:25:17.441+0000] {processor.py:830} INFO - Processing file /opt/airflow/dags/dynamic_etl_dag.py for tasks to queue
[2026-05-08T07:25:17.443+0000] {logging_mixin.py:188} INFO - [2026-05-08T07:25:17.443+0000] {dagbag.py:545} INFO - Filling up the DagBag from /opt/airflow/dags/dynamic_etl_dag.py
[2026-05-08T07:25:18.384+0000] {processor.py:840} INFO - DAG(s) 'dynamic_etl_framework' retrieved from /opt/airflow/dags/dynamic_etl_dag.py
[2026-05-08T07:25:18.602+0000] {logging_mixin.py:188} INFO - [2026-05-08T07:25:18.601+0000] {dag.py:3096} INFO - Sync 1 DAGs
[2026-05-08T07:25:18.629+0000] {logging_mixin.py:188} INFO - [2026-05-08T07:25:18.628+0000] {dag.py:3954} INFO - Setting next_dagrun for dynamic_etl_framework to 2026-05-08 00:00:00+00:00, run_after=2026-05-09 00:00:00+00:00
[2026-05-08T07:25:18.685+0000] {processor.py:183} INFO - Processing /opt/airflow/dags/dynamic_etl_dag.py took 1.253 seconds
[2026-05-08T07:25:49.021+0000] {processor.py:161} INFO - Started process (PID=2119) to work on /opt/airflow/dags/dynamic_etl_dag.py
[2026-05-08T07:25:49.022+0000] {processor.py:830} INFO - Processing file /opt/airflow/dags/dynamic_etl_dag.py for tasks to queue
[2026-05-08T07:25:49.025+0000] {logging_mixin.py:188} INFO - [2026-05-08T07:25:49.024+0000] {dagbag.py:545} INFO - Filling up the DagBag from /opt/airflow/dags/dynamic_etl_dag.py
[2026-05-08T07:25:49.994+0000] {processor.py:840} INFO - DAG(s) 'dynamic_etl_framework' retrieved from /opt/airflow/dags/dynamic_etl_dag.py
[2026-05-08T07:25:50.258+0000] {logging_mixin.py:188} INFO - [2026-05-08T07:25:50.257+0000] {dag.py:3096} INFO - Sync 1 DAGs
[2026-05-08T07:25:50.286+0000] {logging_mixin.py:188} INFO - [2026-05-08T07:25:50.286+0000] {dag.py:3954} INFO - Setting next_dagrun for dynamic_etl_framework to 2026-05-08 00:00:00+00:00, run_after=2026-05-09 00:00:00+00:00
[2026-05-08T07:25:50.347+0000] {processor.py:183} INFO - Processing /opt/airflow/dags/dynamic_etl_dag.py took 1.335 seconds
[2026-05-08T07:26:21.122+0000] {processor.py:161} INFO - Started process (PID=2125) to work on /opt/airflow/dags/dynamic_etl_dag.py
[2026-05-08T07:26:21.124+0000] {processor.py:830} INFO - Processing file /opt/airflow/dags/dynamic_etl_dag.py for tasks to queue
[2026-05-08T07:26:21.128+0000] {logging_mixin.py:188} INFO - [2026-05-08T07:26:21.127+0000] {dagbag.py:545} INFO - Filling up the DagBag from /opt/airflow/dags/dynamic_etl_dag.py
[2026-05-08T07:26:22.252+0000] {processor.py:840} INFO - DAG(s) 'dynamic_etl_framework' retrieved from /opt/airflow/dags/dynamic_etl_dag.py
[2026-05-08T07:26:22.475+0000] {logging_mixin.py:188} INFO - [2026-05-08T07:26:22.475+0000] {dag.py:3096} INFO - Sync 1 DAGs
[2026-05-08T07:26:22.516+0000] {logging_mixin.py:188} INFO - [2026-05-08T07:26:22.516+0000] {dag.py:3954} INFO - Setting next_dagrun for dynamic_etl_framework to 2026-05-08 00:00:00+00:00, run_after=2026-05-09 00:00:00+00:00
[2026-05-08T07:26:22.573+0000] {processor.py:183} INFO - Processing /opt/airflow/dags/dynamic_etl_dag.py took 1.462 seconds
[2026-05-08T07:26:53.140+0000] {processor.py:161} INFO - Started process (PID=2131) to work on /opt/airflow/dags/dynamic_etl_dag.py
[2026-05-08T07:26:53.143+0000] {processor.py:830} INFO - Processing file /opt/airflow/dags/dynamic_etl_dag.py for tasks to queue
[2026-05-08T07:26:53.146+0000] {logging_mixin.py:188} INFO - [2026-05-08T07:26:53.146+0000] {dagbag.py:545} INFO - Filling up the DagBag from /opt/airflow/dags/dynamic_etl_dag.py
[2026-05-08T07:26:54.237+0000] {processor.py:840} INFO - DAG(s) 'dynamic_etl_framework' retrieved from /opt/airflow/dags/dynamic_etl_dag.py
[2026-05-08T07:26:54.440+0000] {logging_mixin.py:188} INFO - [2026-05-08T07:26:54.439+0000] {dag.py:3096} INFO - Sync 1 DAGs
[2026-05-08T07:26:54.475+0000] {logging_mixin.py:188} INFO - [2026-05-08T07:26:54.475+0000] {dag.py:3954} INFO - Setting next_dagrun for dynamic_etl_framework to 2026-05-08 00:00:00+00:00, run_after=2026-05-09 00:00:00+00:00
[2026-05-08T07:26:54.532+0000] {processor.py:183} INFO - Processing /opt/airflow/dags/dynamic_etl_dag.py took 1.399 seconds
[2026-05-08T07:27:25.297+0000] {processor.py:161} INFO - Started process (PID=2137) to work on /opt/airflow/dags/dynamic_etl_dag.py
[2026-05-08T07:27:25.299+0000] {processor.py:830} INFO - Processing file /opt/airflow/dags/dynamic_etl_dag.py for tasks to queue
[2026-05-08T07:27:25.302+0000] {logging_mixin.py:188} INFO - [2026-05-08T07:27:25.301+0000] {dagbag.py:545} INFO - Filling up the DagBag from /opt/airflow/dags/dynamic_etl_dag.py
[2026-05-08T07:27:26.538+0000] {processor.py:840} INFO - DAG(s) 'dynamic_etl_framework' retrieved from /opt/airflow/dags/dynamic_etl_dag.py
[2026-05-08T07:27:26.765+0000] {logging_mixin.py:188} INFO - [2026-05-08T07:27:26.765+0000] {dag.py:3096} INFO - Sync 1 DAGs
[2026-05-08T07:27:26.804+0000] {logging_mixin.py:188} INFO - [2026-05-08T07:27:26.803+0000] {dag.py:3954} INFO - Setting next_dagrun for dynamic_etl_framework to 2026-05-08 00:00:00+00:00, run_after=2026-05-09 00:00:00+00:00
[2026-05-08T07:27:26.862+0000] {processor.py:183} INFO - Processing /opt/airflow/dags/dynamic_etl_dag.py took 1.572 seconds
[2026-05-08T07:27:57.445+0000] {processor.py:161} INFO - Started process (PID=2143) to work on /opt/airflow/dags/dynamic_etl_dag.py
[2026-05-08T07:27:57.447+0000] {processor.py:830} INFO - Processing file /opt/airflow/dags/dynamic_etl_dag.py for tasks to queue
[2026-05-08T07:27:57.451+0000] {logging_mixin.py:188} INFO - [2026-05-08T07:27:57.450+0000] {dagbag.py:545} INFO - Filling up the DagBag from /opt/airflow/dags/dynamic_etl_dag.py
[2026-05-08T07:27:58.485+0000] {processor.py:840} INFO - DAG(s) 'dynamic_etl_framework' retrieved from /opt/airflow/dags/dynamic_etl_dag.py
[2026-05-08T07:27:58.706+0000] {logging_mixin.py:188} INFO - [2026-05-08T07:27:58.705+0000] {dag.py:3096} INFO - Sync 1 DAGs
[2026-05-08T07:27:58.738+0000] {logging_mixin.py:188} INFO - [2026-05-08T07:27:58.738+0000] {dag.py:3954} INFO - Setting next_dagrun for dynamic_etl_framework to 2026-05-08 00:00:00+00:00, run_after=2026-05-09 00:00:00+00:00
[2026-05-08T07:27:58.792+0000] {processor.py:183} INFO - Processing /opt/airflow/dags/dynamic_etl_dag.py took 1.353 seconds
[2026-05-08T07:28:29.203+0000] {processor.py:161} INFO - Started process (PID=2149) to work on /opt/airflow/dags/dynamic_etl_dag.py
[2026-05-08T07:28:29.205+0000] {processor.py:830} INFO - Processing file /opt/airflow/dags/dynamic_etl_dag.py for tasks to queue
[2026-05-08T07:28:29.208+0000] {logging_mixin.py:188} INFO - [2026-05-08T07:28:29.208+0000] {dagbag.py:545} INFO - Filling up the DagBag from /opt/airflow/dags/dynamic_etl_dag.py
[2026-05-08T07:28:30.238+0000] {processor.py:840} INFO - DAG(s) 'dynamic_etl_framework' retrieved from /opt/airflow/dags/dynamic_etl_dag.py
[2026-05-08T07:28:30.460+0000] {logging_mixin.py:188} INFO - [2026-05-08T07:28:30.460+0000] {dag.py:3096} INFO - Sync 1 DAGs
[2026-05-08T07:28:30.514+0000] {logging_mixin.py:188} INFO - [2026-05-08T07:28:30.513+0000] {dag.py:3954} INFO - Setting next_dagrun for dynamic_etl_framework to 2026-05-08 00:00:00+00:00, run_after=2026-05-09 00:00:00+00:00
[2026-05-08T07:28:30.557+0000] {processor.py:183} INFO - Processing /opt/airflow/dags/dynamic_etl_dag.py took 1.362 seconds
[2026-05-08T07:29:01.014+0000] {processor.py:161} INFO - Started process (PID=2155) to work on /opt/airflow/dags/dynamic_etl_dag.py
[2026-05-08T07:29:01.018+0000] {processor.py:830} INFO - Processing file /opt/airflow/dags/dynamic_etl_dag.py for tasks to queue
[2026-05-08T07:29:01.023+0000] {logging_mixin.py:188} INFO - [2026-05-08T07:29:01.022+0000] {dagbag.py:545} INFO - Filling up the DagBag from /opt/airflow/dags/dynamic_etl_dag.py
[2026-05-08T07:29:02.122+0000] {processor.py:840} INFO - DAG(s) 'dynamic_etl_framework' retrieved from /opt/airflow/dags/dynamic_etl_dag.py
[2026-05-08T07:29:02.372+0000] {logging_mixin.py:188} INFO - [2026-05-08T07:29:02.371+0000] {dag.py:3096} INFO - Sync 1 DAGs
[2026-05-08T07:29:02.410+0000] {logging_mixin.py:188} INFO - [2026-05-08T07:29:02.410+0000] {dag.py:3954} INFO - Setting next_dagrun for dynamic_etl_framework to 2026-05-08 00:00:00+00:00, run_after=2026-05-09 00:00:00+00:00
[2026-05-08T07:29:02.482+0000] {processor.py:183} INFO - Processing /opt/airflow/dags/dynamic_etl_dag.py took 1.484 seconds
[2026-05-08T07:29:32.675+0000] {processor.py:161} INFO - Started process (PID=2161) to work on /opt/airflow/dags/dynamic_etl_dag.py
[2026-05-08T07:29:32.677+0000] {processor.py:830} INFO - Processing file /opt/airflow/dags/dynamic_etl_dag.py for tasks to queue
[2026-05-08T07:29:32.680+0000] {logging_mixin.py:188} INFO - [2026-05-08T07:29:32.680+0000] {dagbag.py:545} INFO - Filling up the DagBag from /opt/airflow/dags/dynamic_etl_dag.py
[2026-05-08T07:29:33.747+0000] {processor.py:840} INFO - DAG(s) 'dynamic_etl_framework' retrieved from /opt/airflow/dags/dynamic_etl_dag.py
[2026-05-08T07:29:33.944+0000] {logging_mixin.py:188} INFO - [2026-05-08T07:29:33.944+0000] {dag.py:3096} INFO - Sync 1 DAGs
[2026-05-08T07:29:33.979+0000] {logging_mixin.py:188} INFO - [2026-05-08T07:29:33.978+0000] {dag.py:3954} INFO - Setting next_dagrun for dynamic_etl_framework to 2026-05-08 00:00:00+00:00, run_after=2026-05-09 00:00:00+00:00
[2026-05-08T07:29:34.030+0000] {processor.py:183} INFO - Processing /opt/airflow/dags/dynamic_etl_dag.py took 1.363 seconds
[2026-05-08T07:30:04.413+0000] {processor.py:161} INFO - Started process (PID=2167) to work on /opt/airflow/dags/dynamic_etl_dag.py
[2026-05-08T07:30:04.417+0000] {processor.py:830} INFO - Processing file /opt/airflow/dags/dynamic_etl_dag.py for tasks to queue
[2026-05-08T07:30:04.420+0000] {logging_mixin.py:188} INFO - [2026-05-08T07:30:04.419+0000] {dagbag.py:545} INFO - Filling up the DagBag from /opt/airflow/dags/dynamic_etl_dag.py
[2026-05-08T07:30:05.332+0000] {processor.py:840} INFO - DAG(s) 'dynamic_etl_framework' retrieved from /opt/airflow/dags/dynamic_etl_dag.py
[2026-05-08T07:30:05.557+0000] {logging_mixin.py:188} INFO - [2026-05-08T07:30:05.556+0000] {dag.py:3096} INFO - Sync 1 DAGs
[2026-05-08T07:30:05.601+0000] {logging_mixin.py:188} INFO - [2026-05-08T07:30:05.600+0000] {dag.py:3954} INFO - Setting next_dagrun for dynamic_etl_framework to 2026-05-08 00:00:00+00:00, run_after=2026-05-09 00:00:00+00:00
[2026-05-08T07:30:05.642+0000] {processor.py:183} INFO - Processing /opt/airflow/dags/dynamic_etl_dag.py took 1.237 seconds
[2026-05-08T07:30:36.213+0000] {processor.py:161} INFO - Started process (PID=2173) to work on /opt/airflow/dags/dynamic_etl_dag.py
[2026-05-08T07:30:36.215+0000] {processor.py:830} INFO - Processing file /opt/airflow/dags/dynamic_etl_dag.py for tasks to queue
[2026-05-08T07:30:36.218+0000] {logging_mixin.py:188} INFO - [2026-05-08T07:30:36.217+0000] {dagbag.py:545} INFO - Filling up the DagBag from /opt/airflow/dags/dynamic_etl_dag.py
[2026-05-08T07:30:37.297+0000] {processor.py:840} INFO - DAG(s) 'dynamic_etl_framework' retrieved from /opt/airflow/dags/dynamic_etl_dag.py
[2026-05-08T07:30:37.615+0000] {logging_mixin.py:188} INFO - [2026-05-08T07:30:37.614+0000] {dag.py:3096} INFO - Sync 1 DAGs
[2026-05-08T07:30:37.642+0000] {logging_mixin.py:188} INFO - [2026-05-08T07:30:37.642+0000] {dag.py:3954} INFO - Setting next_dagrun for dynamic_etl_framework to 2026-05-08 00:00:00+00:00, run_after=2026-05-09 00:00:00+00:00
[2026-05-08T07:30:37.682+0000] {processor.py:183} INFO - Processing /opt/airflow/dags/dynamic_etl_dag.py took 1.477 seconds
[2026-05-08T07:31:08.015+0000] {processor.py:161} INFO - Started process (PID=2179) to work on /opt/airflow/dags/dynamic_etl_dag.py
[2026-05-08T07:31:08.018+0000] {processor.py:830} INFO - Processing file /opt/airflow/dags/dynamic_etl_dag.py for tasks to queue
[2026-05-08T07:31:08.020+0000] {logging_mixin.py:188} INFO - [2026-05-08T07:31:08.019+0000] {dagbag.py:545} INFO - Filling up the DagBag from /opt/airflow/dags/dynamic_etl_dag.py
[2026-05-08T07:31:09.172+0000] {processor.py:840} INFO - DAG(s) 'dynamic_etl_framework' retrieved from /opt/airflow/dags/dynamic_etl_dag.py
[2026-05-08T07:31:09.413+0000] {logging_mixin.py:188} INFO - [2026-05-08T07:31:09.412+0000] {dag.py:3096} INFO - Sync 1 DAGs
[2026-05-08T07:31:09.455+0000] {logging_mixin.py:188} INFO - [2026-05-08T07:31:09.455+0000] {dag.py:3954} INFO - Setting next_dagrun for dynamic_etl_framework to 2026-05-08 00:00:00+00:00, run_after=2026-05-09 00:00:00+00:00
[2026-05-08T07:31:09.511+0000] {processor.py:183} INFO - Processing /opt/airflow/dags/dynamic_etl_dag.py took 1.506 seconds
[2026-05-08T07:31:40.259+0000] {processor.py:161} INFO - Started process (PID=2185) to work on /opt/airflow/dags/dynamic_etl_dag.py
[2026-05-08T07:31:40.261+0000] {processor.py:830} INFO - Processing file /opt/airflow/dags/dynamic_etl_dag.py for tasks to queue
[2026-05-08T07:31:40.264+0000] {logging_mixin.py:188} INFO - [2026-05-08T07:31:40.263+0000] {dagbag.py:545} INFO - Filling up the DagBag from /opt/airflow/dags/dynamic_etl_dag.py
[2026-05-08T07:31:41.190+0000] {processor.py:840} INFO - DAG(s) 'dynamic_etl_framework' retrieved from /opt/airflow/dags/dynamic_etl_dag.py
[2026-05-08T07:31:41.485+0000] {logging_mixin.py:188} INFO - [2026-05-08T07:31:41.484+0000] {dag.py:3096} INFO - Sync 1 DAGs
[2026-05-08T07:31:41.528+0000] {logging_mixin.py:188} INFO - [2026-05-08T07:31:41.528+0000] {dag.py:3954} INFO - Setting next_dagrun for dynamic_etl_framework to 2026-05-08 00:00:00+00:00, run_after=2026-05-09 00:00:00+00:00
[2026-05-08T07:31:41.576+0000] {processor.py:183} INFO - Processing /opt/airflow/dags/dynamic_etl_dag.py took 1.323 seconds
[2026-05-08T07:32:12.000+0000] {processor.py:161} INFO - Started process (PID=2191) to work on /opt/airflow/dags/dynamic_etl_dag.py
[2026-05-08T07:32:12.001+0000] {processor.py:830} INFO - Processing file /opt/airflow/dags/dynamic_etl_dag.py for tasks to queue
[2026-05-08T07:32:12.003+0000] {logging_mixin.py:188} INFO - [2026-05-08T07:32:12.003+0000] {dagbag.py:545} INFO - Filling up the DagBag from /opt/airflow/dags/dynamic_etl_dag.py
[2026-05-08T07:32:13.020+0000] {processor.py:840} INFO - DAG(s) 'dynamic_etl_framework' retrieved from /opt/airflow/dags/dynamic_etl_dag.py
[2026-05-08T07:32:13.272+0000] {logging_mixin.py:188} INFO - [2026-05-08T07:32:13.272+0000] {dag.py:3096} INFO - Sync 1 DAGs
[2026-05-08T07:32:13.301+0000] {logging_mixin.py:188} INFO - [2026-05-08T07:32:13.300+0000] {dag.py:3954} INFO - Setting next_dagrun for dynamic_etl_framework to 2026-05-08 00:00:00+00:00, run_after=2026-05-09 00:00:00+00:00
[2026-05-08T07:32:13.387+0000] {processor.py:183} INFO - Processing /opt/airflow/dags/dynamic_etl_dag.py took 1.394 seconds
[2026-05-08T07:32:44.182+0000] {processor.py:161} INFO - Started process (PID=2197) to work on /opt/airflow/dags/dynamic_etl_dag.py
[2026-05-08T07:32:44.184+0000] {processor.py:830} INFO - Processing file /opt/airflow/dags/dynamic_etl_dag.py for tasks to queue
[2026-05-08T07:32:44.186+0000] {logging_mixin.py:188} INFO - [2026-05-08T07:32:44.186+0000] {dagbag.py:545} INFO - Filling up the DagBag from /opt/airflow/dags/dynamic_etl_dag.py
[2026-05-08T07:32:45.148+0000] {processor.py:840} INFO - DAG(s) 'dynamic_etl_framework' retrieved from /opt/airflow/dags/dynamic_etl_dag.py
[2026-05-08T07:32:45.346+0000] {logging_mixin.py:188} INFO - [2026-05-08T07:32:45.346+0000] {dag.py:3096} INFO - Sync 1 DAGs
[2026-05-08T07:32:45.372+0000] {logging_mixin.py:188} INFO - [2026-05-08T07:32:45.372+0000] {dag.py:3954} INFO - Setting next_dagrun for dynamic_etl_framework to 2026-05-08 00:00:00+00:00, run_after=2026-05-09 00:00:00+00:00
[2026-05-08T07:32:45.421+0000] {processor.py:183} INFO - Processing /opt/airflow/dags/dynamic_etl_dag.py took 1.245 seconds
[2026-05-08T07:33:15.836+0000] {processor.py:161} INFO - Started process (PID=2203) to work on /opt/airflow/dags/dynamic_etl_dag.py
[2026-05-08T07:33:15.839+0000] {processor.py:830} INFO - Processing file /opt/airflow/dags/dynamic_etl_dag.py for tasks to queue
[2026-05-08T07:33:15.844+0000] {logging_mixin.py:188} INFO - [2026-05-08T07:33:15.843+0000] {dagbag.py:545} INFO - Filling up the DagBag from /opt/airflow/dags/dynamic_etl_dag.py
[2026-05-08T07:33:17.319+0000] {processor.py:840} INFO - DAG(s) 'dynamic_etl_framework' retrieved from /opt/airflow/dags/dynamic_etl_dag.py
[2026-05-08T07:33:17.540+0000] {logging_mixin.py:188} INFO - [2026-05-08T07:33:17.540+0000] {dag.py:3096} INFO - Sync 1 DAGs
[2026-05-08T07:33:17.582+0000] {logging_mixin.py:188} INFO - [2026-05-08T07:33:17.582+0000] {dag.py:3954} INFO - Setting next_dagrun for dynamic_etl_framework to 2026-05-08 00:00:00+00:00, run_after=2026-05-09 00:00:00+00:00
[2026-05-08T07:33:17.638+0000] {processor.py:183} INFO - Processing /opt/airflow/dags/dynamic_etl_dag.py took 1.818 seconds
[2026-05-08T07:33:48.313+0000] {processor.py:161} INFO - Started process (PID=2209) to work on /opt/airflow/dags/dynamic_etl_dag.py
[2026-05-08T07:33:48.316+0000] {processor.py:830} INFO - Processing file /opt/airflow/dags/dynamic_etl_dag.py for tasks to queue
[2026-05-08T07:33:48.326+0000] {logging_mixin.py:188} INFO - [2026-05-08T07:33:48.325+0000] {dagbag.py:545} INFO - Filling up the DagBag from /opt/airflow/dags/dynamic_etl_dag.py
[2026-05-08T07:33:49.590+0000] {processor.py:840} INFO - DAG(s) 'dynamic_etl_framework' retrieved from /opt/airflow/dags/dynamic_etl_dag.py
[2026-05-08T07:33:49.806+0000] {logging_mixin.py:188} INFO - [2026-05-08T07:33:49.804+0000] {dag.py:3096} INFO - Sync 1 DAGs
[2026-05-08T07:33:49.839+0000] {logging_mixin.py:188} INFO - [2026-05-08T07:33:49.839+0000] {dag.py:3954} INFO - Setting next_dagrun for dynamic_etl_framework to 2026-05-08 00:00:00+00:00, run_after=2026-05-09 00:00:00+00:00
[2026-05-08T07:33:49.889+0000] {processor.py:183} INFO - Processing /opt/airflow/dags/dynamic_etl_dag.py took 1.585 seconds
[2026-05-08T07:34:20.312+0000] {processor.py:161} INFO - Started process (PID=2215) to work on /opt/airflow/dags/dynamic_etl_dag.py
[2026-05-08T07:34:20.314+0000] {processor.py:830} INFO - Processing file /opt/airflow/dags/dynamic_etl_dag.py for tasks to queue
[2026-05-08T07:34:20.319+0000] {logging_mixin.py:188} INFO - [2026-05-08T07:34:20.318+0000] {dagbag.py:545} INFO - Filling up the DagBag from /opt/airflow/dags/dynamic_etl_dag.py
[2026-05-08T07:34:21.714+0000] {processor.py:840} INFO - DAG(s) 'dynamic_etl_framework' retrieved from /opt/airflow/dags/dynamic_etl_dag.py
[2026-05-08T07:34:21.980+0000] {logging_mixin.py:188} INFO - [2026-05-08T07:34:21.979+0000] {dag.py:3096} INFO - Sync 1 DAGs
[2026-05-08T07:34:22.028+0000] {logging_mixin.py:188} INFO - [2026-05-08T07:34:22.028+0000] {dag.py:3954} INFO - Setting next_dagrun for dynamic_etl_framework to 2026-05-08 00:00:00+00:00, run_after=2026-05-09 00:00:00+00:00
[2026-05-08T07:34:22.088+0000] {processor.py:183} INFO - Processing /opt/airflow/dags/dynamic_etl_dag.py took 1.787 seconds
[2026-05-08T07:34:52.748+0000] {processor.py:161} INFO - Started process (PID=2221) to work on /opt/airflow/dags/dynamic_etl_dag.py
[2026-05-08T07:34:52.751+0000] {processor.py:830} INFO - Processing file /opt/airflow/dags/dynamic_etl_dag.py for tasks to queue
[2026-05-08T07:34:52.757+0000] {logging_mixin.py:188} INFO - [2026-05-08T07:34:52.756+0000] {dagbag.py:545} INFO - Filling up the DagBag from /opt/airflow/dags/dynamic_etl_dag.py
[2026-05-08T07:34:53.962+0000] {processor.py:840} INFO - DAG(s) 'dynamic_etl_framework' retrieved from /opt/airflow/dags/dynamic_etl_dag.py
[2026-05-08T07:34:54.203+0000] {logging_mixin.py:188} INFO - [2026-05-08T07:34:54.203+0000] {dag.py:3096} INFO - Sync 1 DAGs
[2026-05-08T07:34:54.235+0000] {logging_mixin.py:188} INFO - [2026-05-08T07:34:54.235+0000] {dag.py:3954} INFO - Setting next_dagrun for dynamic_etl_framework to 2026-05-08 00:00:00+00:00, run_after=2026-05-09 00:00:00+00:00
[2026-05-08T07:34:54.287+0000] {processor.py:183} INFO - Processing /opt/airflow/dags/dynamic_etl_dag.py took 1.554 seconds
[2026-05-08T07:35:24.591+0000] {processor.py:161} INFO - Started process (PID=2227) to work on /opt/airflow/dags/dynamic_etl_dag.py
[2026-05-08T07:35:24.593+0000] {processor.py:830} INFO - Processing file /opt/airflow/dags/dynamic_etl_dag.py for tasks to queue
[2026-05-08T07:35:24.596+0000] {logging_mixin.py:188} INFO - [2026-05-08T07:35:24.595+0000] {dagbag.py:545} INFO - Filling up the DagBag from /opt/airflow/dags/dynamic_etl_dag.py
[2026-05-08T07:35:25.741+0000] {processor.py:840} INFO - DAG(s) 'dynamic_etl_framework' retrieved from /opt/airflow/dags/dynamic_etl_dag.py
[2026-05-08T07:35:25.982+0000] {logging_mixin.py:188} INFO - [2026-05-08T07:35:25.981+0000] {dag.py:3096} INFO - Sync 1 DAGs
[2026-05-08T07:35:26.039+0000] {logging_mixin.py:188} INFO - [2026-05-08T07:35:26.038+0000] {dag.py:3954} INFO - Setting next_dagrun for dynamic_etl_framework to 2026-05-08 00:00:00+00:00, run_after=2026-05-09 00:00:00+00:00
[2026-05-08T07:35:26.086+0000] {processor.py:183} INFO - Processing /opt/airflow/dags/dynamic_etl_dag.py took 1.504 seconds
[2026-05-08T07:35:56.642+0000] {processor.py:161} INFO - Started process (PID=2233) to work on /opt/airflow/dags/dynamic_etl_dag.py
[2026-05-08T07:35:56.644+0000] {processor.py:830} INFO - Processing file /opt/airflow/dags/dynamic_etl_dag.py for tasks to queue
[2026-05-08T07:35:56.647+0000] {logging_mixin.py:188} INFO - [2026-05-08T07:35:56.646+0000] {dagbag.py:545} INFO - Filling up the DagBag from /opt/airflow/dags/dynamic_etl_dag.py
[2026-05-08T07:35:57.862+0000] {processor.py:840} INFO - DAG(s) 'dynamic_etl_framework' retrieved from /opt/airflow/dags/dynamic_etl_dag.py
[2026-05-08T07:35:58.057+0000] {logging_mixin.py:188} INFO - [2026-05-08T07:35:58.056+0000] {dag.py:3096} INFO - Sync 1 DAGs
[2026-05-08T07:35:58.088+0000] {logging_mixin.py:188} INFO - [2026-05-08T07:35:58.088+0000] {dag.py:3954} INFO - Setting next_dagrun for dynamic_etl_framework to 2026-05-08 00:00:00+00:00, run_after=2026-05-09 00:00:00+00:00
[2026-05-08T07:35:58.131+0000] {processor.py:183} INFO - Processing /opt/airflow/dags/dynamic_etl_dag.py took 1.497 seconds
[2026-05-08T07:36:28.292+0000] {processor.py:161} INFO - Started process (PID=2239) to work on /opt/airflow/dags/dynamic_etl_dag.py
[2026-05-08T07:36:28.293+0000] {processor.py:830} INFO - Processing file /opt/airflow/dags/dynamic_etl_dag.py for tasks to queue
[2026-05-08T07:36:28.295+0000] {logging_mixin.py:188} INFO - [2026-05-08T07:36:28.295+0000] {dagbag.py:545} INFO - Filling up the DagBag from /opt/airflow/dags/dynamic_etl_dag.py
[2026-05-08T07:36:29.027+0000] {processor.py:840} INFO - DAG(s) 'dynamic_etl_framework' retrieved from /opt/airflow/dags/dynamic_etl_dag.py
[2026-05-08T07:36:29.203+0000] {logging_mixin.py:188} INFO - [2026-05-08T07:36:29.202+0000] {dag.py:3096} INFO - Sync 1 DAGs
[2026-05-08T07:36:29.230+0000] {logging_mixin.py:188} INFO - [2026-05-08T07:36:29.230+0000] {dag.py:3954} INFO - Setting next_dagrun for dynamic_etl_framework to 2026-05-08 00:00:00+00:00, run_after=2026-05-09 00:00:00+00:00
[2026-05-08T07:36:29.269+0000] {processor.py:183} INFO - Processing /opt/airflow/dags/dynamic_etl_dag.py took 0.982 seconds
[2026-05-08T07:36:59.841+0000] {processor.py:161} INFO - Started process (PID=2245) to work on /opt/airflow/dags/dynamic_etl_dag.py
[2026-05-08T07:36:59.842+0000] {processor.py:830} INFO - Processing file /opt/airflow/dags/dynamic_etl_dag.py for tasks to queue
[2026-05-08T07:36:59.844+0000] {logging_mixin.py:188} INFO - [2026-05-08T07:36:59.844+0000] {dagbag.py:545} INFO - Filling up the DagBag from /opt/airflow/dags/dynamic_etl_dag.py
[2026-05-08T07:37:00.570+0000] {processor.py:840} INFO - DAG(s) 'dynamic_etl_framework' retrieved from /opt/airflow/dags/dynamic_etl_dag.py
[2026-05-08T07:37:00.757+0000] {logging_mixin.py:188} INFO - [2026-05-08T07:37:00.755+0000] {dag.py:3096} INFO - Sync 1 DAGs
[2026-05-08T07:37:00.780+0000] {logging_mixin.py:188} INFO - [2026-05-08T07:37:00.780+0000] {dag.py:3954} INFO - Setting next_dagrun for dynamic_etl_framework to 2026-05-08 00:00:00+00:00, run_after=2026-05-09 00:00:00+00:00
[2026-05-08T07:37:00.819+0000] {processor.py:183} INFO - Processing /opt/airflow/dags/dynamic_etl_dag.py took 0.982 seconds
[2026-05-08T07:37:31.303+0000] {processor.py:161} INFO - Started process (PID=2251) to work on /opt/airflow/dags/dynamic_etl_dag.py
[2026-05-08T07:37:31.304+0000] {processor.py:830} INFO - Processing file /opt/airflow/dags/dynamic_etl_dag.py for tasks to queue
[2026-05-08T07:37:31.306+0000] {logging_mixin.py:188} INFO - [2026-05-08T07:37:31.306+0000] {dagbag.py:545} INFO - Filling up the DagBag from /opt/airflow/dags/dynamic_etl_dag.py
[2026-05-08T07:37:32.025+0000] {processor.py:840} INFO - DAG(s) 'dynamic_etl_framework' retrieved from /opt/airflow/dags/dynamic_etl_dag.py
[2026-05-08T07:37:32.192+0000] {logging_mixin.py:188} INFO - [2026-05-08T07:37:32.192+0000] {dag.py:3096} INFO - Sync 1 DAGs
[2026-05-08T07:37:32.214+0000] {logging_mixin.py:188} INFO - [2026-05-08T07:37:32.214+0000] {dag.py:3954} INFO - Setting next_dagrun for dynamic_etl_framework to 2026-05-08 00:00:00+00:00, run_after=2026-05-09 00:00:00+00:00
[2026-05-08T07:37:32.249+0000] {processor.py:183} INFO - Processing /opt/airflow/dags/dynamic_etl_dag.py took 0.951 seconds
[2026-05-08T07:38:02.786+0000] {processor.py:161} INFO - Started process (PID=2257) to work on /opt/airflow/dags/dynamic_etl_dag.py
[2026-05-08T07:38:02.788+0000] {processor.py:830} INFO - Processing file /opt/airflow/dags/dynamic_etl_dag.py for tasks to queue
[2026-05-08T07:38:02.790+0000] {logging_mixin.py:188} INFO - [2026-05-08T07:38:02.789+0000] {dagbag.py:545} INFO - Filling up the DagBag from /opt/airflow/dags/dynamic_etl_dag.py
[2026-05-08T07:38:03.507+0000] {processor.py:840} INFO - DAG(s) 'dynamic_etl_framework' retrieved from /opt/airflow/dags/dynamic_etl_dag.py
[2026-05-08T07:38:03.661+0000] {logging_mixin.py:188} INFO - [2026-05-08T07:38:03.660+0000] {dag.py:3096} INFO - Sync 1 DAGs
[2026-05-08T07:38:03.682+0000] {logging_mixin.py:188} INFO - [2026-05-08T07:38:03.682+0000] {dag.py:3954} INFO - Setting next_dagrun for dynamic_etl_framework to 2026-05-08 00:00:00+00:00, run_after=2026-05-09 00:00:00+00:00
[2026-05-08T07:38:03.721+0000] {processor.py:183} INFO - Processing /opt/airflow/dags/dynamic_etl_dag.py took 0.939 seconds
[2026-05-08T07:38:34.357+0000] {processor.py:161} INFO - Started process (PID=2263) to work on /opt/airflow/dags/dynamic_etl_dag.py
[2026-05-08T07:38:34.358+0000] {processor.py:830} INFO - Processing file /opt/airflow/dags/dynamic_etl_dag.py for tasks to queue
[2026-05-08T07:38:34.360+0000] {logging_mixin.py:188} INFO - [2026-05-08T07:38:34.360+0000] {dagbag.py:545} INFO - Filling up the DagBag from /opt/airflow/dags/dynamic_etl_dag.py
[2026-05-08T07:38:35.237+0000] {processor.py:840} INFO - DAG(s) 'dynamic_etl_framework' retrieved from /opt/airflow/dags/dynamic_etl_dag.py
[2026-05-08T07:38:35.384+0000] {logging_mixin.py:188} INFO - [2026-05-08T07:38:35.383+0000] {dag.py:3096} INFO - Sync 1 DAGs
[2026-05-08T07:38:35.403+0000] {logging_mixin.py:188} INFO - [2026-05-08T07:38:35.403+0000] {dag.py:3954} INFO - Setting next_dagrun for dynamic_etl_framework to 2026-05-08 00:00:00+00:00, run_after=2026-05-09 00:00:00+00:00
[2026-05-08T07:38:35.436+0000] {processor.py:183} INFO - Processing /opt/airflow/dags/dynamic_etl_dag.py took 1.084 seconds
[2026-05-08T07:39:05.736+0000] {processor.py:161} INFO - Started process (PID=2269) to work on /opt/airflow/dags/dynamic_etl_dag.py
[2026-05-08T07:39:05.737+0000] {processor.py:830} INFO - Processing file /opt/airflow/dags/dynamic_etl_dag.py for tasks to queue
[2026-05-08T07:39:05.740+0000] {logging_mixin.py:188} INFO - [2026-05-08T07:39:05.740+0000] {dagbag.py:545} INFO - Filling up the DagBag from /opt/airflow/dags/dynamic_etl_dag.py
[2026-05-08T07:39:06.607+0000] {processor.py:840} INFO - DAG(s) 'dynamic_etl_framework' retrieved from /opt/airflow/dags/dynamic_etl_dag.py
[2026-05-08T07:39:06.769+0000] {logging_mixin.py:188} INFO - [2026-05-08T07:39:06.768+0000] {dag.py:3096} INFO - Sync 1 DAGs
[2026-05-08T07:39:06.791+0000] {logging_mixin.py:188} INFO - [2026-05-08T07:39:06.791+0000] {dag.py:3954} INFO - Setting next_dagrun for dynamic_etl_framework to 2026-05-08 00:00:00+00:00, run_after=2026-05-09 00:00:00+00:00
[2026-05-08T07:39:06.918+0000] {processor.py:183} INFO - Processing /opt/airflow/dags/dynamic_etl_dag.py took 1.188 seconds
[2026-05-08T07:39:37.352+0000] {processor.py:161} INFO - Started process (PID=2275) to work on /opt/airflow/dags/dynamic_etl_dag.py
[2026-05-08T07:39:37.353+0000] {processor.py:830} INFO - Processing file /opt/airflow/dags/dynamic_etl_dag.py for tasks to queue
[2026-05-08T07:39:37.355+0000] {logging_mixin.py:188} INFO - [2026-05-08T07:39:37.355+0000] {dagbag.py:545} INFO - Filling up the DagBag from /opt/airflow/dags/dynamic_etl_dag.py
[2026-05-08T07:39:38.044+0000] {processor.py:840} INFO - DAG(s) 'dynamic_etl_framework' retrieved from /opt/airflow/dags/dynamic_etl_dag.py
[2026-05-08T07:39:38.199+0000] {logging_mixin.py:188} INFO - [2026-05-08T07:39:38.198+0000] {dag.py:3096} INFO - Sync 1 DAGs
[2026-05-08T07:39:38.222+0000] {logging_mixin.py:188} INFO - [2026-05-08T07:39:38.221+0000] {dag.py:3954} INFO - Setting next_dagrun for dynamic_etl_framework to 2026-05-08 00:00:00+00:00, run_after=2026-05-09 00:00:00+00:00
[2026-05-08T07:39:38.311+0000] {processor.py:183} INFO - Processing /opt/airflow/dags/dynamic_etl_dag.py took 0.963 seconds
[2026-05-08T07:40:08.831+0000] {processor.py:161} INFO - Started process (PID=2281) to work on /opt/airflow/dags/dynamic_etl_dag.py
[2026-05-08T07:40:08.832+0000] {processor.py:830} INFO - Processing file /opt/airflow/dags/dynamic_etl_dag.py for tasks to queue
[2026-05-08T07:40:08.834+0000] {logging_mixin.py:188} INFO - [2026-05-08T07:40:08.834+0000] {dagbag.py:545} INFO - Filling up the DagBag from /opt/airflow/dags/dynamic_etl_dag.py
[2026-05-08T07:40:09.643+0000] {processor.py:840} INFO - DAG(s) 'dynamic_etl_framework' retrieved from /opt/airflow/dags/dynamic_etl_dag.py
[2026-05-08T07:40:09.804+0000] {logging_mixin.py:188} INFO - [2026-05-08T07:40:09.804+0000] {dag.py:3096} INFO - Sync 1 DAGs
[2026-05-08T07:40:09.827+0000] {logging_mixin.py:188} INFO - [2026-05-08T07:40:09.827+0000] {dag.py:3954} INFO - Setting next_dagrun for dynamic_etl_framework to 2026-05-08 00:00:00+00:00, run_after=2026-05-09 00:00:00+00:00
[2026-05-08T07:40:09.869+0000] {processor.py:183} INFO - Processing /opt/airflow/dags/dynamic_etl_dag.py took 1.043 seconds
[2026-05-08T07:40:40.256+0000] {processor.py:161} INFO - Started process (PID=2287) to work on /opt/airflow/dags/dynamic_etl_dag.py
[2026-05-08T07:40:40.257+0000] {processor.py:830} INFO - Processing file /opt/airflow/dags/dynamic_etl_dag.py for tasks to queue
[2026-05-08T07:40:40.259+0000] {logging_mixin.py:188} INFO - [2026-05-08T07:40:40.259+0000] {dagbag.py:545} INFO - Filling up the DagBag from /opt/airflow/dags/dynamic_etl_dag.py
[2026-05-08T07:40:40.953+0000] {processor.py:840} INFO - DAG(s) 'dynamic_etl_framework' retrieved from /opt/airflow/dags/dynamic_etl_dag.py
[2026-05-08T07:40:41.110+0000] {logging_mixin.py:188} INFO - [2026-05-08T07:40:41.110+0000] {dag.py:3096} INFO - Sync 1 DAGs
[2026-05-08T07:40:41.132+0000] {logging_mixin.py:188} INFO - [2026-05-08T07:40:41.132+0000] {dag.py:3954} INFO - Setting next_dagrun for dynamic_etl_framework to 2026-05-08 00:00:00+00:00, run_after=2026-05-09 00:00:00+00:00
[2026-05-08T07:40:41.169+0000] {processor.py:183} INFO - Processing /opt/airflow/dags/dynamic_etl_dag.py took 0.918 seconds
[2026-05-08T07:41:11.696+0000] {processor.py:161} INFO - Started process (PID=2293) to work on /opt/airflow/dags/dynamic_etl_dag.py
[2026-05-08T07:41:11.697+0000] {processor.py:830} INFO - Processing file /opt/airflow/dags/dynamic_etl_dag.py for tasks to queue
[2026-05-08T07:41:11.699+0000] {logging_mixin.py:188} INFO - [2026-05-08T07:41:11.699+0000] {dagbag.py:545} INFO - Filling up the DagBag from /opt/airflow/dags/dynamic_etl_dag.py
[2026-05-08T07:41:12.511+0000] {processor.py:840} INFO - DAG(s) 'dynamic_etl_framework' retrieved from /opt/airflow/dags/dynamic_etl_dag.py
[2026-05-08T07:41:12.674+0000] {logging_mixin.py:188} INFO - [2026-05-08T07:41:12.674+0000] {dag.py:3096} INFO - Sync 1 DAGs
[2026-05-08T07:41:12.695+0000] {logging_mixin.py:188} INFO - [2026-05-08T07:41:12.694+0000] {dag.py:3954} INFO - Setting next_dagrun for dynamic_etl_framework to 2026-05-08 00:00:00+00:00, run_after=2026-05-09 00:00:00+00:00
[2026-05-08T07:41:12.730+0000] {processor.py:183} INFO - Processing /opt/airflow/dags/dynamic_etl_dag.py took 1.039 seconds
[2026-05-08T07:41:43.212+0000] {processor.py:161} INFO - Started process (PID=2299) to work on /opt/airflow/dags/dynamic_etl_dag.py
[2026-05-08T07:41:43.214+0000] {processor.py:830} INFO - Processing file /opt/airflow/dags/dynamic_etl_dag.py for tasks to queue
[2026-05-08T07:41:43.216+0000] {logging_mixin.py:188} INFO - [2026-05-08T07:41:43.216+0000] {dagbag.py:545} INFO - Filling up the DagBag from /opt/airflow/dags/dynamic_etl_dag.py
[2026-05-08T07:41:43.991+0000] {processor.py:840} INFO - DAG(s) 'dynamic_etl_framework' retrieved from /opt/airflow/dags/dynamic_etl_dag.py
[2026-05-08T07:41:44.147+0000] {logging_mixin.py:188} INFO - [2026-05-08T07:41:44.147+0000] {dag.py:3096} INFO - Sync 1 DAGs
[2026-05-08T07:41:44.167+0000] {logging_mixin.py:188} INFO - [2026-05-08T07:41:44.167+0000] {dag.py:3954} INFO - Setting next_dagrun for dynamic_etl_framework to 2026-05-08 00:00:00+00:00, run_after=2026-05-09 00:00:00+00:00
[2026-05-08T07:41:44.200+0000] {processor.py:183} INFO - Processing /opt/airflow/dags/dynamic_etl_dag.py took 0.992 seconds
[2026-05-08T07:42:14.710+0000] {processor.py:161} INFO - Started process (PID=2305) to work on /opt/airflow/dags/dynamic_etl_dag.py
[2026-05-08T07:42:14.711+0000] {processor.py:830} INFO - Processing file /opt/airflow/dags/dynamic_etl_dag.py for tasks to queue
[2026-05-08T07:42:14.713+0000] {logging_mixin.py:188} INFO - [2026-05-08T07:42:14.713+0000] {dagbag.py:545} INFO - Filling up the DagBag from /opt/airflow/dags/dynamic_etl_dag.py
[2026-05-08T07:42:15.629+0000] {processor.py:840} INFO - DAG(s) 'dynamic_etl_framework' retrieved from /opt/airflow/dags/dynamic_etl_dag.py
[2026-05-08T07:42:15.782+0000] {logging_mixin.py:188} INFO - [2026-05-08T07:42:15.782+0000] {dag.py:3096} INFO - Sync 1 DAGs
[2026-05-08T07:42:15.803+0000] {logging_mixin.py:188} INFO - [2026-05-08T07:42:15.803+0000] {dag.py:3954} INFO - Setting next_dagrun for dynamic_etl_framework to 2026-05-08 00:00:00+00:00, run_after=2026-05-09 00:00:00+00:00
[2026-05-08T07:42:15.843+0000] {processor.py:183} INFO - Processing /opt/airflow/dags/dynamic_etl_dag.py took 1.138 seconds
[2026-05-08T07:42:46.198+0000] {processor.py:161} INFO - Started process (PID=2311) to work on /opt/airflow/dags/dynamic_etl_dag.py
[2026-05-08T07:42:46.200+0000] {processor.py:830} INFO - Processing file /opt/airflow/dags/dynamic_etl_dag.py for tasks to queue
[2026-05-08T07:42:46.202+0000] {logging_mixin.py:188} INFO - [2026-05-08T07:42:46.202+0000] {dagbag.py:545} INFO - Filling up the DagBag from /opt/airflow/dags/dynamic_etl_dag.py
[2026-05-08T07:42:46.888+0000] {processor.py:840} INFO - DAG(s) 'dynamic_etl_framework' retrieved from /opt/airflow/dags/dynamic_etl_dag.py
[2026-05-08T07:42:47.051+0000] {logging_mixin.py:188} INFO - [2026-05-08T07:42:47.051+0000] {dag.py:3096} INFO - Sync 1 DAGs
[2026-05-08T07:42:47.073+0000] {logging_mixin.py:188} INFO - [2026-05-08T07:42:47.073+0000] {dag.py:3954} INFO - Setting next_dagrun for dynamic_etl_framework to 2026-05-08 00:00:00+00:00, run_after=2026-05-09 00:00:00+00:00
[2026-05-08T07:42:47.109+0000] {processor.py:183} INFO - Processing /opt/airflow/dags/dynamic_etl_dag.py took 0.916 seconds
[2026-05-08T07:43:17.564+0000] {processor.py:161} INFO - Started process (PID=2317) to work on /opt/airflow/dags/dynamic_etl_dag.py
[2026-05-08T07:43:17.565+0000] {processor.py:830} INFO - Processing file /opt/airflow/dags/dynamic_etl_dag.py for tasks to queue
[2026-05-08T07:43:17.567+0000] {logging_mixin.py:188} INFO - [2026-05-08T07:43:17.567+0000] {dagbag.py:545} INFO - Filling up the DagBag from /opt/airflow/dags/dynamic_etl_dag.py
[2026-05-08T07:43:18.290+0000] {processor.py:840} INFO - DAG(s) 'dynamic_etl_framework' retrieved from /opt/airflow/dags/dynamic_etl_dag.py
[2026-05-08T07:43:18.463+0000] {logging_mixin.py:188} INFO - [2026-05-08T07:43:18.463+0000] {dag.py:3096} INFO - Sync 1 DAGs
[2026-05-08T07:43:18.485+0000] {logging_mixin.py:188} INFO - [2026-05-08T07:43:18.485+0000] {dag.py:3954} INFO - Setting next_dagrun for dynamic_etl_framework to 2026-05-08 00:00:00+00:00, run_after=2026-05-09 00:00:00+00:00
[2026-05-08T07:43:18.525+0000] {processor.py:183} INFO - Processing /opt/airflow/dags/dynamic_etl_dag.py took 0.965 seconds
[2026-05-08T07:43:49.000+0000] {processor.py:161} INFO - Started process (PID=2323) to work on /opt/airflow/dags/dynamic_etl_dag.py
[2026-05-08T07:43:49.001+0000] {processor.py:830} INFO - Processing file /opt/airflow/dags/dynamic_etl_dag.py for tasks to queue
[2026-05-08T07:43:49.003+0000] {logging_mixin.py:188} INFO - [2026-05-08T07:43:49.003+0000] {dagbag.py:545} INFO - Filling up the DagBag from /opt/airflow/dags/dynamic_etl_dag.py
[2026-05-08T07:43:49.801+0000] {processor.py:840} INFO - DAG(s) 'dynamic_etl_framework' retrieved from /opt/airflow/dags/dynamic_etl_dag.py
[2026-05-08T07:43:49.977+0000] {logging_mixin.py:188} INFO - [2026-05-08T07:43:49.976+0000] {dag.py:3096} INFO - Sync 1 DAGs
[2026-05-08T07:43:50.002+0000] {logging_mixin.py:188} INFO - [2026-05-08T07:43:50.001+0000] {dag.py:3954} INFO - Setting next_dagrun for dynamic_etl_framework to 2026-05-08 00:00:00+00:00, run_after=2026-05-09 00:00:00+00:00
[2026-05-08T07:43:50.046+0000] {processor.py:183} INFO - Processing /opt/airflow/dags/dynamic_etl_dag.py took 1.053 seconds
[2026-05-08T07:44:20.452+0000] {processor.py:161} INFO - Started process (PID=2329) to work on /opt/airflow/dags/dynamic_etl_dag.py
[2026-05-08T07:44:20.453+0000] {processor.py:830} INFO - Processing file /opt/airflow/dags/dynamic_etl_dag.py for tasks to queue
[2026-05-08T07:44:20.455+0000] {logging_mixin.py:188} INFO - [2026-05-08T07:44:20.455+0000] {dagbag.py:545} INFO - Filling up the DagBag from /opt/airflow/dags/dynamic_etl_dag.py
[2026-05-08T07:44:21.249+0000] {processor.py:840} INFO - DAG(s) 'dynamic_etl_framework' retrieved from /opt/airflow/dags/dynamic_etl_dag.py
[2026-05-08T07:44:21.399+0000] {logging_mixin.py:188} INFO - [2026-05-08T07:44:21.399+0000] {dag.py:3096} INFO - Sync 1 DAGs
[2026-05-08T07:44:21.419+0000] {logging_mixin.py:188} INFO - [2026-05-08T07:44:21.419+0000] {dag.py:3954} INFO - Setting next_dagrun for dynamic_etl_framework to 2026-05-08 00:00:00+00:00, run_after=2026-05-09 00:00:00+00:00
[2026-05-08T07:44:21.450+0000] {processor.py:183} INFO - Processing /opt/airflow/dags/dynamic_etl_dag.py took 1.004 seconds
[2026-05-08T07:44:51.930+0000] {processor.py:161} INFO - Started process (PID=2335) to work on /opt/airflow/dags/dynamic_etl_dag.py
[2026-05-08T07:44:51.932+0000] {processor.py:830} INFO - Processing file /opt/airflow/dags/dynamic_etl_dag.py for tasks to queue
[2026-05-08T07:44:51.934+0000] {logging_mixin.py:188} INFO - [2026-05-08T07:44:51.934+0000] {dagbag.py:545} INFO - Filling up the DagBag from /opt/airflow/dags/dynamic_etl_dag.py
[2026-05-08T07:44:52.800+0000] {processor.py:840} INFO - DAG(s) 'dynamic_etl_framework' retrieved from /opt/airflow/dags/dynamic_etl_dag.py
[2026-05-08T07:44:52.962+0000] {logging_mixin.py:188} INFO - [2026-05-08T07:44:52.962+0000] {dag.py:3096} INFO - Sync 1 DAGs
[2026-05-08T07:44:52.985+0000] {logging_mixin.py:188} INFO - [2026-05-08T07:44:52.985+0000] {dag.py:3954} INFO - Setting next_dagrun for dynamic_etl_framework to 2026-05-08 00:00:00+00:00, run_after=2026-05-09 00:00:00+00:00
[2026-05-08T07:44:53.026+0000] {processor.py:183} INFO - Processing /opt/airflow/dags/dynamic_etl_dag.py took 1.102 seconds
[2026-05-08T07:45:23.440+0000] {processor.py:161} INFO - Started process (PID=2341) to work on /opt/airflow/dags/dynamic_etl_dag.py
[2026-05-08T07:45:23.442+0000] {processor.py:830} INFO - Processing file /opt/airflow/dags/dynamic_etl_dag.py for tasks to queue
[2026-05-08T07:45:23.444+0000] {logging_mixin.py:188} INFO - [2026-05-08T07:45:23.443+0000] {dagbag.py:545} INFO - Filling up the DagBag from /opt/airflow/dags/dynamic_etl_dag.py
[2026-05-08T07:45:24.226+0000] {processor.py:840} INFO - DAG(s) 'dynamic_etl_framework' retrieved from /opt/airflow/dags/dynamic_etl_dag.py
[2026-05-08T07:45:24.394+0000] {logging_mixin.py:188} INFO - [2026-05-08T07:45:24.393+0000] {dag.py:3096} INFO - Sync 1 DAGs
[2026-05-08T07:45:24.418+0000] {logging_mixin.py:188} INFO - [2026-05-08T07:45:24.418+0000] {dag.py:3954} INFO - Setting next_dagrun for dynamic_etl_framework to 2026-05-08 00:00:00+00:00, run_after=2026-05-09 00:00:00+00:00
[2026-05-08T07:45:24.462+0000] {processor.py:183} INFO - Processing /opt/airflow/dags/dynamic_etl_dag.py took 1.028 seconds
[2026-05-08T07:45:55.084+0000] {processor.py:161} INFO - Started process (PID=2347) to work on /opt/airflow/dags/dynamic_etl_dag.py
[2026-05-08T07:45:55.086+0000] {processor.py:830} INFO - Processing file /opt/airflow/dags/dynamic_etl_dag.py for tasks to queue
[2026-05-08T07:45:55.089+0000] {logging_mixin.py:188} INFO - [2026-05-08T07:45:55.088+0000] {dagbag.py:545} INFO - Filling up the DagBag from /opt/airflow/dags/dynamic_etl_dag.py
[2026-05-08T07:45:56.077+0000] {processor.py:840} INFO - DAG(s) 'dynamic_etl_framework' retrieved from /opt/airflow/dags/dynamic_etl_dag.py
[2026-05-08T07:45:56.252+0000] {logging_mixin.py:188} INFO - [2026-05-08T07:45:56.251+0000] {dag.py:3096} INFO - Sync 1 DAGs
[2026-05-08T07:45:56.274+0000] {logging_mixin.py:188} INFO - [2026-05-08T07:45:56.273+0000] {dag.py:3954} INFO - Setting next_dagrun for dynamic_etl_framework to 2026-05-08 00:00:00+00:00, run_after=2026-05-09 00:00:00+00:00
[2026-05-08T07:45:56.306+0000] {processor.py:183} INFO - Processing /opt/airflow/dags/dynamic_etl_dag.py took 1.228 seconds
[2026-05-08T07:46:26.516+0000] {processor.py:161} INFO - Started process (PID=2353) to work on /opt/airflow/dags/dynamic_etl_dag.py
[2026-05-08T07:46:26.517+0000] {processor.py:830} INFO - Processing file /opt/airflow/dags/dynamic_etl_dag.py for tasks to queue
[2026-05-08T07:46:26.519+0000] {logging_mixin.py:188} INFO - [2026-05-08T07:46:26.519+0000] {dagbag.py:545} INFO - Filling up the DagBag from /opt/airflow/dags/dynamic_etl_dag.py
[2026-05-08T07:46:27.201+0000] {processor.py:840} INFO - DAG(s) 'dynamic_etl_framework' retrieved from /opt/airflow/dags/dynamic_etl_dag.py
[2026-05-08T07:46:27.364+0000] {logging_mixin.py:188} INFO - [2026-05-08T07:46:27.363+0000] {dag.py:3096} INFO - Sync 1 DAGs
[2026-05-08T07:46:27.385+0000] {logging_mixin.py:188} INFO - [2026-05-08T07:46:27.385+0000] {dag.py:3954} INFO - Setting next_dagrun for dynamic_etl_framework to 2026-05-08 00:00:00+00:00, run_after=2026-05-09 00:00:00+00:00
[2026-05-08T07:46:27.424+0000] {processor.py:183} INFO - Processing /opt/airflow/dags/dynamic_etl_dag.py took 0.912 seconds
[2026-05-08T07:46:57.942+0000] {processor.py:161} INFO - Started process (PID=2359) to work on /opt/airflow/dags/dynamic_etl_dag.py
[2026-05-08T07:46:57.944+0000] {processor.py:830} INFO - Processing file /opt/airflow/dags/dynamic_etl_dag.py for tasks to queue
[2026-05-08T07:46:57.946+0000] {logging_mixin.py:188} INFO - [2026-05-08T07:46:57.946+0000] {dagbag.py:545} INFO - Filling up the DagBag from /opt/airflow/dags/dynamic_etl_dag.py
[2026-05-08T07:46:58.799+0000] {processor.py:840} INFO - DAG(s) 'dynamic_etl_framework' retrieved from /opt/airflow/dags/dynamic_etl_dag.py
[2026-05-08T07:46:58.968+0000] {logging_mixin.py:188} INFO - [2026-05-08T07:46:58.968+0000] {dag.py:3096} INFO - Sync 1 DAGs
[2026-05-08T07:46:58.988+0000] {logging_mixin.py:188} INFO - [2026-05-08T07:46:58.988+0000] {dag.py:3954} INFO - Setting next_dagrun for dynamic_etl_framework to 2026-05-08 00:00:00+00:00, run_after=2026-05-09 00:00:00+00:00
[2026-05-08T07:46:59.023+0000] {processor.py:183} INFO - Processing /opt/airflow/dags/dynamic_etl_dag.py took 1.086 seconds
[2026-05-08T07:47:29.432+0000] {processor.py:161} INFO - Started process (PID=2365) to work on /opt/airflow/dags/dynamic_etl_dag.py
[2026-05-08T07:47:29.433+0000] {processor.py:830} INFO - Processing file /opt/airflow/dags/dynamic_etl_dag.py for tasks to queue
[2026-05-08T07:47:29.435+0000] {logging_mixin.py:188} INFO - [2026-05-08T07:47:29.434+0000] {dagbag.py:545} INFO - Filling up the DagBag from /opt/airflow/dags/dynamic_etl_dag.py
[2026-05-08T07:47:30.232+0000] {processor.py:840} INFO - DAG(s) 'dynamic_etl_framework' retrieved from /opt/airflow/dags/dynamic_etl_dag.py
[2026-05-08T07:47:30.398+0000] {logging_mixin.py:188} INFO - [2026-05-08T07:47:30.397+0000] {dag.py:3096} INFO - Sync 1 DAGs
[2026-05-08T07:47:30.419+0000] {logging_mixin.py:188} INFO - [2026-05-08T07:47:30.418+0000] {dag.py:3954} INFO - Setting next_dagrun for dynamic_etl_framework to 2026-05-08 00:00:00+00:00, run_after=2026-05-09 00:00:00+00:00
[2026-05-08T07:47:30.452+0000] {processor.py:183} INFO - Processing /opt/airflow/dags/dynamic_etl_dag.py took 1.025 seconds
[2026-05-08T07:48:00.922+0000] {processor.py:161} INFO - Started process (PID=2371) to work on /opt/airflow/dags/dynamic_etl_dag.py
[2026-05-08T07:48:00.924+0000] {processor.py:830} INFO - Processing file /opt/airflow/dags/dynamic_etl_dag.py for tasks to queue
[2026-05-08T07:48:00.926+0000] {logging_mixin.py:188} INFO - [2026-05-08T07:48:00.925+0000] {dagbag.py:545} INFO - Filling up the DagBag from /opt/airflow/dags/dynamic_etl_dag.py
[2026-05-08T07:48:01.651+0000] {processor.py:840} INFO - DAG(s) 'dynamic_etl_framework' retrieved from /opt/airflow/dags/dynamic_etl_dag.py
[2026-05-08T07:48:01.820+0000] {logging_mixin.py:188} INFO - [2026-05-08T07:48:01.820+0000] {dag.py:3096} INFO - Sync 1 DAGs
[2026-05-08T07:48:01.851+0000] {logging_mixin.py:188} INFO - [2026-05-08T07:48:01.851+0000] {dag.py:3954} INFO - Setting next_dagrun for dynamic_etl_framework to 2026-05-08 00:00:00+00:00, run_after=2026-05-09 00:00:00+00:00
[2026-05-08T07:48:01.895+0000] {processor.py:183} INFO - Processing /opt/airflow/dags/dynamic_etl_dag.py took 0.978 seconds
[2026-05-08T07:48:32.414+0000] {processor.py:161} INFO - Started process (PID=2377) to work on /opt/airflow/dags/dynamic_etl_dag.py
[2026-05-08T07:48:32.416+0000] {processor.py:830} INFO - Processing file /opt/airflow/dags/dynamic_etl_dag.py for tasks to queue
[2026-05-08T07:48:32.421+0000] {logging_mixin.py:188} INFO - [2026-05-08T07:48:32.420+0000] {dagbag.py:545} INFO - Filling up the DagBag from /opt/airflow/dags/dynamic_etl_dag.py
[2026-05-08T07:48:33.207+0000] {processor.py:840} INFO - DAG(s) 'dynamic_etl_framework' retrieved from /opt/airflow/dags/dynamic_etl_dag.py
[2026-05-08T07:48:33.364+0000] {logging_mixin.py:188} INFO - [2026-05-08T07:48:33.363+0000] {dag.py:3096} INFO - Sync 1 DAGs
[2026-05-08T07:48:33.384+0000] {logging_mixin.py:188} INFO - [2026-05-08T07:48:33.384+0000] {dag.py:3954} INFO - Setting next_dagrun for dynamic_etl_framework to 2026-05-08 00:00:00+00:00, run_after=2026-05-09 00:00:00+00:00
[2026-05-08T07:48:33.413+0000] {processor.py:183} INFO - Processing /opt/airflow/dags/dynamic_etl_dag.py took 1.008 seconds
[2026-05-08T07:49:03.880+0000] {processor.py:161} INFO - Started process (PID=2383) to work on /opt/airflow/dags/dynamic_etl_dag.py
[2026-05-08T07:49:03.882+0000] {processor.py:830} INFO - Processing file /opt/airflow/dags/dynamic_etl_dag.py for tasks to queue
[2026-05-08T07:49:03.884+0000] {logging_mixin.py:188} INFO - [2026-05-08T07:49:03.884+0000] {dagbag.py:545} INFO - Filling up the DagBag from /opt/airflow/dags/dynamic_etl_dag.py
[2026-05-08T07:49:04.600+0000] {processor.py:840} INFO - DAG(s) 'dynamic_etl_framework' retrieved from /opt/airflow/dags/dynamic_etl_dag.py
[2026-05-08T07:49:04.761+0000] {logging_mixin.py:188} INFO - [2026-05-08T07:49:04.759+0000] {dag.py:3096} INFO - Sync 1 DAGs
[2026-05-08T07:49:04.781+0000] {logging_mixin.py:188} INFO - [2026-05-08T07:49:04.781+0000] {dag.py:3954} INFO - Setting next_dagrun for dynamic_etl_framework to 2026-05-08 00:00:00+00:00, run_after=2026-05-09 00:00:00+00:00
[2026-05-08T07:49:04.816+0000] {processor.py:183} INFO - Processing /opt/airflow/dags/dynamic_etl_dag.py took 0.940 seconds
[2026-05-08T07:49:35.385+0000] {processor.py:161} INFO - Started process (PID=2389) to work on /opt/airflow/dags/dynamic_etl_dag.py
[2026-05-08T07:49:35.387+0000] {processor.py:830} INFO - Processing file /opt/airflow/dags/dynamic_etl_dag.py for tasks to queue
[2026-05-08T07:49:35.389+0000] {logging_mixin.py:188} INFO - [2026-05-08T07:49:35.389+0000] {dagbag.py:545} INFO - Filling up the DagBag from /opt/airflow/dags/dynamic_etl_dag.py
[2026-05-08T07:49:36.196+0000] {processor.py:840} INFO - DAG(s) 'dynamic_etl_framework' retrieved from /opt/airflow/dags/dynamic_etl_dag.py
[2026-05-08T07:49:36.360+0000] {logging_mixin.py:188} INFO - [2026-05-08T07:49:36.360+0000] {dag.py:3096} INFO - Sync 1 DAGs
[2026-05-08T07:49:36.386+0000] {logging_mixin.py:188} INFO - [2026-05-08T07:49:36.386+0000] {dag.py:3954} INFO - Setting next_dagrun for dynamic_etl_framework to 2026-05-08 00:00:00+00:00, run_after=2026-05-09 00:00:00+00:00
[2026-05-08T07:49:36.423+0000] {processor.py:183} INFO - Processing /opt/airflow/dags/dynamic_etl_dag.py took 1.044 seconds
[2026-05-08T07:50:06.834+0000] {processor.py:161} INFO - Started process (PID=2395) to work on /opt/airflow/dags/dynamic_etl_dag.py
[2026-05-08T07:50:06.835+0000] {processor.py:830} INFO - Processing file /opt/airflow/dags/dynamic_etl_dag.py for tasks to queue
[2026-05-08T07:50:06.837+0000] {logging_mixin.py:188} INFO - [2026-05-08T07:50:06.837+0000] {dagbag.py:545} INFO - Filling up the DagBag from /opt/airflow/dags/dynamic_etl_dag.py
[2026-05-08T07:50:07.556+0000] {processor.py:840} INFO - DAG(s) 'dynamic_etl_framework' retrieved from /opt/airflow/dags/dynamic_etl_dag.py
[2026-05-08T07:50:07.713+0000] {logging_mixin.py:188} INFO - [2026-05-08T07:50:07.713+0000] {dag.py:3096} INFO - Sync 1 DAGs
[2026-05-08T07:50:07.732+0000] {logging_mixin.py:188} INFO - [2026-05-08T07:50:07.732+0000] {dag.py:3954} INFO - Setting next_dagrun for dynamic_etl_framework to 2026-05-08 00:00:00+00:00, run_after=2026-05-09 00:00:00+00:00
[2026-05-08T07:50:07.765+0000] {processor.py:183} INFO - Processing /opt/airflow/dags/dynamic_etl_dag.py took 0.935 seconds
[2026-05-08T07:50:38.447+0000] {processor.py:161} INFO - Started process (PID=2401) to work on /opt/airflow/dags/dynamic_etl_dag.py
[2026-05-08T07:50:38.448+0000] {processor.py:830} INFO - Processing file /opt/airflow/dags/dynamic_etl_dag.py for tasks to queue
[2026-05-08T07:50:38.451+0000] {logging_mixin.py:188} INFO - [2026-05-08T07:50:38.450+0000] {dagbag.py:545} INFO - Filling up the DagBag from /opt/airflow/dags/dynamic_etl_dag.py
[2026-05-08T07:50:39.209+0000] {processor.py:840} INFO - DAG(s) 'dynamic_etl_framework' retrieved from /opt/airflow/dags/dynamic_etl_dag.py
[2026-05-08T07:50:39.380+0000] {logging_mixin.py:188} INFO - [2026-05-08T07:50:39.379+0000] {dag.py:3096} INFO - Sync 1 DAGs
[2026-05-08T07:50:39.408+0000] {logging_mixin.py:188} INFO - [2026-05-08T07:50:39.408+0000] {dag.py:3954} INFO - Setting next_dagrun for dynamic_etl_framework to 2026-05-08 00:00:00+00:00, run_after=2026-05-09 00:00:00+00:00
[2026-05-08T07:50:39.452+0000] {processor.py:183} INFO - Processing /opt/airflow/dags/dynamic_etl_dag.py took 1.011 seconds
[2026-05-08T07:51:10.006+0000] {processor.py:161} INFO - Started process (PID=2407) to work on /opt/airflow/dags/dynamic_etl_dag.py
[2026-05-08T07:51:10.008+0000] {processor.py:830} INFO - Processing file /opt/airflow/dags/dynamic_etl_dag.py for tasks to queue
[2026-05-08T07:51:10.010+0000] {logging_mixin.py:188} INFO - [2026-05-08T07:51:10.010+0000] {dagbag.py:545} INFO - Filling up the DagBag from /opt/airflow/dags/dynamic_etl_dag.py
[2026-05-08T07:51:10.761+0000] {processor.py:840} INFO - DAG(s) 'dynamic_etl_framework' retrieved from /opt/airflow/dags/dynamic_etl_dag.py
[2026-05-08T07:51:10.898+0000] {logging_mixin.py:188} INFO - [2026-05-08T07:51:10.898+0000] {dag.py:3096} INFO - Sync 1 DAGs
[2026-05-08T07:51:10.918+0000] {logging_mixin.py:188} INFO - [2026-05-08T07:51:10.918+0000] {dag.py:3954} INFO - Setting next_dagrun for dynamic_etl_framework to 2026-05-08 00:00:00+00:00, run_after=2026-05-09 00:00:00+00:00
[2026-05-08T07:51:10.961+0000] {processor.py:183} INFO - Processing /opt/airflow/dags/dynamic_etl_dag.py took 0.960 seconds
[2026-05-08T07:51:41.449+0000] {processor.py:161} INFO - Started process (PID=2413) to work on /opt/airflow/dags/dynamic_etl_dag.py
[2026-05-08T07:51:41.451+0000] {processor.py:830} INFO - Processing file /opt/airflow/dags/dynamic_etl_dag.py for tasks to queue
[2026-05-08T07:51:41.453+0000] {logging_mixin.py:188} INFO - [2026-05-08T07:51:41.453+0000] {dagbag.py:545} INFO - Filling up the DagBag from /opt/airflow/dags/dynamic_etl_dag.py
[2026-05-08T07:51:42.249+0000] {processor.py:840} INFO - DAG(s) 'dynamic_etl_framework' retrieved from /opt/airflow/dags/dynamic_etl_dag.py
[2026-05-08T07:51:42.410+0000] {logging_mixin.py:188} INFO - [2026-05-08T07:51:42.410+0000] {dag.py:3096} INFO - Sync 1 DAGs
[2026-05-08T07:51:42.434+0000] {logging_mixin.py:188} INFO - [2026-05-08T07:51:42.433+0000] {dag.py:3954} INFO - Setting next_dagrun for dynamic_etl_framework to 2026-05-08 00:00:00+00:00, run_after=2026-05-09 00:00:00+00:00
[2026-05-08T07:51:42.469+0000] {processor.py:183} INFO - Processing /opt/airflow/dags/dynamic_etl_dag.py took 1.025 seconds
[2026-05-08T07:52:13.016+0000] {processor.py:161} INFO - Started process (PID=2419) to work on /opt/airflow/dags/dynamic_etl_dag.py
[2026-05-08T07:52:13.018+0000] {processor.py:830} INFO - Processing file /opt/airflow/dags/dynamic_etl_dag.py for tasks to queue
[2026-05-08T07:52:13.020+0000] {logging_mixin.py:188} INFO - [2026-05-08T07:52:13.020+0000] {dagbag.py:545} INFO - Filling up the DagBag from /opt/airflow/dags/dynamic_etl_dag.py
[2026-05-08T07:52:13.865+0000] {processor.py:840} INFO - DAG(s) 'dynamic_etl_framework' retrieved from /opt/airflow/dags/dynamic_etl_dag.py
[2026-05-08T07:52:14.034+0000] {logging_mixin.py:188} INFO - [2026-05-08T07:52:14.032+0000] {dag.py:3096} INFO - Sync 1 DAGs
[2026-05-08T07:52:14.056+0000] {logging_mixin.py:188} INFO - [2026-05-08T07:52:14.055+0000] {dag.py:3954} INFO - Setting next_dagrun for dynamic_etl_framework to 2026-05-08 00:00:00+00:00, run_after=2026-05-09 00:00:00+00:00
[2026-05-08T07:52:14.097+0000] {processor.py:183} INFO - Processing /opt/airflow/dags/dynamic_etl_dag.py took 1.088 seconds
[2026-05-08T07:52:44.600+0000] {processor.py:161} INFO - Started process (PID=2425) to work on /opt/airflow/dags/dynamic_etl_dag.py
[2026-05-08T07:52:44.601+0000] {processor.py:830} INFO - Processing file /opt/airflow/dags/dynamic_etl_dag.py for tasks to queue
[2026-05-08T07:52:44.604+0000] {logging_mixin.py:188} INFO - [2026-05-08T07:52:44.604+0000] {dagbag.py:545} INFO - Filling up the DagBag from /opt/airflow/dags/dynamic_etl_dag.py
[2026-05-08T07:52:45.258+0000] {processor.py:840} INFO - DAG(s) 'dynamic_etl_framework' retrieved from /opt/airflow/dags/dynamic_etl_dag.py
[2026-05-08T07:52:45.418+0000] {logging_mixin.py:188} INFO - [2026-05-08T07:52:45.417+0000] {dag.py:3096} INFO - Sync 1 DAGs
[2026-05-08T07:52:45.459+0000] {logging_mixin.py:188} INFO - [2026-05-08T07:52:45.459+0000] {dag.py:3954} INFO - Setting next_dagrun for dynamic_etl_framework to 2026-05-08 00:00:00+00:00, run_after=2026-05-09 00:00:00+00:00
[2026-05-08T07:52:45.498+0000] {processor.py:183} INFO - Processing /opt/airflow/dags/dynamic_etl_dag.py took 0.903 seconds
[2026-05-08T07:53:16.035+0000] {processor.py:161} INFO - Started process (PID=2431) to work on /opt/airflow/dags/dynamic_etl_dag.py
[2026-05-08T07:53:16.036+0000] {processor.py:830} INFO - Processing file /opt/airflow/dags/dynamic_etl_dag.py for tasks to queue
[2026-05-08T07:53:16.038+0000] {logging_mixin.py:188} INFO - [2026-05-08T07:53:16.038+0000] {dagbag.py:545} INFO - Filling up the DagBag from /opt/airflow/dags/dynamic_etl_dag.py
[2026-05-08T07:53:16.811+0000] {processor.py:840} INFO - DAG(s) 'dynamic_etl_framework' retrieved from /opt/airflow/dags/dynamic_etl_dag.py
[2026-05-08T07:53:16.975+0000] {logging_mixin.py:188} INFO - [2026-05-08T07:53:16.975+0000] {dag.py:3096} INFO - Sync 1 DAGs
[2026-05-08T07:53:16.996+0000] {logging_mixin.py:188} INFO - [2026-05-08T07:53:16.996+0000] {dag.py:3954} INFO - Setting next_dagrun for dynamic_etl_framework to 2026-05-08 00:00:00+00:00, run_after=2026-05-09 00:00:00+00:00
[2026-05-08T07:53:17.031+0000] {processor.py:183} INFO - Processing /opt/airflow/dags/dynamic_etl_dag.py took 1.001 seconds
[2026-05-08T07:53:47.561+0000] {processor.py:161} INFO - Started process (PID=2437) to work on /opt/airflow/dags/dynamic_etl_dag.py
[2026-05-08T07:53:47.563+0000] {processor.py:830} INFO - Processing file /opt/airflow/dags/dynamic_etl_dag.py for tasks to queue
[2026-05-08T07:53:47.565+0000] {logging_mixin.py:188} INFO - [2026-05-08T07:53:47.564+0000] {dagbag.py:545} INFO - Filling up the DagBag from /opt/airflow/dags/dynamic_etl_dag.py
[2026-05-08T07:53:48.357+0000] {processor.py:840} INFO - DAG(s) 'dynamic_etl_framework' retrieved from /opt/airflow/dags/dynamic_etl_dag.py
[2026-05-08T07:53:48.506+0000] {logging_mixin.py:188} INFO - [2026-05-08T07:53:48.506+0000] {dag.py:3096} INFO - Sync 1 DAGs
[2026-05-08T07:53:48.526+0000] {logging_mixin.py:188} INFO - [2026-05-08T07:53:48.526+0000] {dag.py:3954} INFO - Setting next_dagrun for dynamic_etl_framework to 2026-05-08 00:00:00+00:00, run_after=2026-05-09 00:00:00+00:00
[2026-05-08T07:53:48.559+0000] {processor.py:183} INFO - Processing /opt/airflow/dags/dynamic_etl_dag.py took 1.004 seconds
[2026-05-08T07:54:19.167+0000] {processor.py:161} INFO - Started process (PID=2443) to work on /opt/airflow/dags/dynamic_etl_dag.py
[2026-05-08T07:54:19.178+0000] {processor.py:830} INFO - Processing file /opt/airflow/dags/dynamic_etl_dag.py for tasks to queue
[2026-05-08T07:54:19.197+0000] {logging_mixin.py:188} INFO - [2026-05-08T07:54:19.196+0000] {dagbag.py:545} INFO - Filling up the DagBag from /opt/airflow/dags/dynamic_etl_dag.py
[2026-05-08T07:54:20.340+0000] {processor.py:840} INFO - DAG(s) 'dynamic_etl_framework' retrieved from /opt/airflow/dags/dynamic_etl_dag.py
[2026-05-08T07:54:20.510+0000] {logging_mixin.py:188} INFO - [2026-05-08T07:54:20.509+0000] {dag.py:3096} INFO - Sync 1 DAGs
[2026-05-08T07:54:20.539+0000] {logging_mixin.py:188} INFO - [2026-05-08T07:54:20.539+0000] {dag.py:3954} INFO - Setting next_dagrun for dynamic_etl_framework to 2026-05-08 00:00:00+00:00, run_after=2026-05-09 00:00:00+00:00
[2026-05-08T07:54:20.579+0000] {processor.py:183} INFO - Processing /opt/airflow/dags/dynamic_etl_dag.py took 1.463 seconds
[2026-05-08T07:54:50.646+0000] {processor.py:161} INFO - Started process (PID=2449) to work on /opt/airflow/dags/dynamic_etl_dag.py
[2026-05-08T07:54:50.648+0000] {processor.py:830} INFO - Processing file /opt/airflow/dags/dynamic_etl_dag.py for tasks to queue
[2026-05-08T07:54:50.650+0000] {logging_mixin.py:188} INFO - [2026-05-08T07:54:50.650+0000] {dagbag.py:545} INFO - Filling up the DagBag from /opt/airflow/dags/dynamic_etl_dag.py
[2026-05-08T07:54:51.391+0000] {processor.py:840} INFO - DAG(s) 'dynamic_etl_framework' retrieved from /opt/airflow/dags/dynamic_etl_dag.py
[2026-05-08T07:54:51.548+0000] {logging_mixin.py:188} INFO - [2026-05-08T07:54:51.548+0000] {dag.py:3096} INFO - Sync 1 DAGs
[2026-05-08T07:54:51.570+0000] {logging_mixin.py:188} INFO - [2026-05-08T07:54:51.570+0000] {dag.py:3954} INFO - Setting next_dagrun for dynamic_etl_framework to 2026-05-08 00:00:00+00:00, run_after=2026-05-09 00:00:00+00:00
[2026-05-08T07:54:51.603+0000] {processor.py:183} INFO - Processing /opt/airflow/dags/dynamic_etl_dag.py took 0.966 seconds
[2026-05-08T08:01:02.247+0000] {processor.py:161} INFO - Started process (PID=2455) to work on /opt/airflow/dags/dynamic_etl_dag.py
[2026-05-08T08:01:02.250+0000] {processor.py:830} INFO - Processing file /opt/airflow/dags/dynamic_etl_dag.py for tasks to queue
[2026-05-08T08:01:02.254+0000] {logging_mixin.py:188} INFO - [2026-05-08T08:01:02.254+0000] {dagbag.py:545} INFO - Filling up the DagBag from /opt/airflow/dags/dynamic_etl_dag.py
[2026-05-08T08:01:03.136+0000] {processor.py:840} INFO - DAG(s) 'dynamic_etl_framework' retrieved from /opt/airflow/dags/dynamic_etl_dag.py
[2026-05-08T08:01:03.287+0000] {logging_mixin.py:188} INFO - [2026-05-08T08:01:03.286+0000] {dag.py:3096} INFO - Sync 1 DAGs
[2026-05-08T08:01:03.312+0000] {logging_mixin.py:188} INFO - [2026-05-08T08:01:03.312+0000] {dag.py:3954} INFO - Setting next_dagrun for dynamic_etl_framework to 2026-05-08 00:00:00+00:00, run_after=2026-05-09 00:00:00+00:00
[2026-05-08T08:01:03.351+0000] {processor.py:183} INFO - Processing /opt/airflow/dags/dynamic_etl_dag.py took 1.112 seconds
[2026-05-08T08:01:33.630+0000] {processor.py:161} INFO - Started process (PID=2461) to work on /opt/airflow/dags/dynamic_etl_dag.py
[2026-05-08T08:01:33.631+0000] {processor.py:830} INFO - Processing file /opt/airflow/dags/dynamic_etl_dag.py for tasks to queue
[2026-05-08T08:01:33.633+0000] {logging_mixin.py:188} INFO - [2026-05-08T08:01:33.633+0000] {dagbag.py:545} INFO - Filling up the DagBag from /opt/airflow/dags/dynamic_etl_dag.py
[2026-05-08T08:01:34.410+0000] {processor.py:840} INFO - DAG(s) 'dynamic_etl_framework' retrieved from /opt/airflow/dags/dynamic_etl_dag.py
[2026-05-08T08:01:34.566+0000] {logging_mixin.py:188} INFO - [2026-05-08T08:01:34.565+0000] {dag.py:3096} INFO - Sync 1 DAGs
[2026-05-08T08:01:34.585+0000] {logging_mixin.py:188} INFO - [2026-05-08T08:01:34.585+0000] {dag.py:3954} INFO - Setting next_dagrun for dynamic_etl_framework to 2026-05-08 00:00:00+00:00, run_after=2026-05-09 00:00:00+00:00
[2026-05-08T08:01:34.613+0000] {processor.py:183} INFO - Processing /opt/airflow/dags/dynamic_etl_dag.py took 0.988 seconds
[2026-05-08T08:02:05.090+0000] {processor.py:161} INFO - Started process (PID=2467) to work on /opt/airflow/dags/dynamic_etl_dag.py
[2026-05-08T08:02:05.092+0000] {processor.py:830} INFO - Processing file /opt/airflow/dags/dynamic_etl_dag.py for tasks to queue
[2026-05-08T08:02:05.095+0000] {logging_mixin.py:188} INFO - [2026-05-08T08:02:05.094+0000] {dagbag.py:545} INFO - Filling up the DagBag from /opt/airflow/dags/dynamic_etl_dag.py
[2026-05-08T08:02:05.868+0000] {processor.py:840} INFO - DAG(s) 'dynamic_etl_framework' retrieved from /opt/airflow/dags/dynamic_etl_dag.py
[2026-05-08T08:02:06.019+0000] {logging_mixin.py:188} INFO - [2026-05-08T08:02:06.019+0000] {dag.py:3096} INFO - Sync 1 DAGs
[2026-05-08T08:02:06.044+0000] {logging_mixin.py:188} INFO - [2026-05-08T08:02:06.043+0000] {dag.py:3954} INFO - Setting next_dagrun for dynamic_etl_framework to 2026-05-08 00:00:00+00:00, run_after=2026-05-09 00:00:00+00:00
[2026-05-08T08:02:06.086+0000] {processor.py:183} INFO - Processing /opt/airflow/dags/dynamic_etl_dag.py took 1.002 seconds
[2026-05-08T08:02:36.452+0000] {processor.py:161} INFO - Started process (PID=2473) to work on /opt/airflow/dags/dynamic_etl_dag.py
[2026-05-08T08:02:36.453+0000] {processor.py:830} INFO - Processing file /opt/airflow/dags/dynamic_etl_dag.py for tasks to queue
[2026-05-08T08:02:36.455+0000] {logging_mixin.py:188} INFO - [2026-05-08T08:02:36.455+0000] {dagbag.py:545} INFO - Filling up the DagBag from /opt/airflow/dags/dynamic_etl_dag.py
[2026-05-08T08:02:37.212+0000] {processor.py:840} INFO - DAG(s) 'dynamic_etl_framework' retrieved from /opt/airflow/dags/dynamic_etl_dag.py
[2026-05-08T08:02:37.363+0000] {logging_mixin.py:188} INFO - [2026-05-08T08:02:37.362+0000] {dag.py:3096} INFO - Sync 1 DAGs
[2026-05-08T08:02:37.384+0000] {logging_mixin.py:188} INFO - [2026-05-08T08:02:37.384+0000] {dag.py:3954} INFO - Setting next_dagrun for dynamic_etl_framework to 2026-05-08 00:00:00+00:00, run_after=2026-05-09 00:00:00+00:00
[2026-05-08T08:02:37.419+0000] {processor.py:183} INFO - Processing /opt/airflow/dags/dynamic_etl_dag.py took 0.972 seconds
[2026-05-08T08:03:07.948+0000] {processor.py:161} INFO - Started process (PID=2479) to work on /opt/airflow/dags/dynamic_etl_dag.py
[2026-05-08T08:03:07.950+0000] {processor.py:830} INFO - Processing file /opt/airflow/dags/dynamic_etl_dag.py for tasks to queue
[2026-05-08T08:03:07.953+0000] {logging_mixin.py:188} INFO - [2026-05-08T08:03:07.952+0000] {dagbag.py:545} INFO - Filling up the DagBag from /opt/airflow/dags/dynamic_etl_dag.py
[2026-05-08T08:03:08.693+0000] {processor.py:840} INFO - DAG(s) 'dynamic_etl_framework' retrieved from /opt/airflow/dags/dynamic_etl_dag.py
[2026-05-08T08:03:08.853+0000] {logging_mixin.py:188} INFO - [2026-05-08T08:03:08.853+0000] {dag.py:3096} INFO - Sync 1 DAGs
[2026-05-08T08:03:08.878+0000] {logging_mixin.py:188} INFO - [2026-05-08T08:03:08.878+0000] {dag.py:3954} INFO - Setting next_dagrun for dynamic_etl_framework to 2026-05-08 00:00:00+00:00, run_after=2026-05-09 00:00:00+00:00
[2026-05-08T08:03:08.929+0000] {processor.py:183} INFO - Processing /opt/airflow/dags/dynamic_etl_dag.py took 0.988 seconds
[2026-05-08T08:03:39.394+0000] {processor.py:161} INFO - Started process (PID=2485) to work on /opt/airflow/dags/dynamic_etl_dag.py
[2026-05-08T08:03:39.396+0000] {processor.py:830} INFO - Processing file /opt/airflow/dags/dynamic_etl_dag.py for tasks to queue
[2026-05-08T08:03:39.397+0000] {logging_mixin.py:188} INFO - [2026-05-08T08:03:39.397+0000] {dagbag.py:545} INFO - Filling up the DagBag from /opt/airflow/dags/dynamic_etl_dag.py
[2026-05-08T08:03:40.191+0000] {processor.py:840} INFO - DAG(s) 'dynamic_etl_framework' retrieved from /opt/airflow/dags/dynamic_etl_dag.py
[2026-05-08T08:03:40.336+0000] {logging_mixin.py:188} INFO - [2026-05-08T08:03:40.336+0000] {dag.py:3096} INFO - Sync 1 DAGs
[2026-05-08T08:03:40.356+0000] {logging_mixin.py:188} INFO - [2026-05-08T08:03:40.356+0000] {dag.py:3954} INFO - Setting next_dagrun for dynamic_etl_framework to 2026-05-08 00:00:00+00:00, run_after=2026-05-09 00:00:00+00:00
[2026-05-08T08:03:40.387+0000] {processor.py:183} INFO - Processing /opt/airflow/dags/dynamic_etl_dag.py took 0.997 seconds
[2026-05-08T08:04:10.829+0000] {processor.py:161} INFO - Started process (PID=2491) to work on /opt/airflow/dags/dynamic_etl_dag.py
[2026-05-08T08:04:10.835+0000] {processor.py:830} INFO - Processing file /opt/airflow/dags/dynamic_etl_dag.py for tasks to queue
[2026-05-08T08:04:10.838+0000] {logging_mixin.py:188} INFO - [2026-05-08T08:04:10.838+0000] {dagbag.py:545} INFO - Filling up the DagBag from /opt/airflow/dags/dynamic_etl_dag.py
[2026-05-08T08:04:11.626+0000] {processor.py:840} INFO - DAG(s) 'dynamic_etl_framework' retrieved from /opt/airflow/dags/dynamic_etl_dag.py
[2026-05-08T08:04:11.801+0000] {logging_mixin.py:188} INFO - [2026-05-08T08:04:11.799+0000] {dag.py:3096} INFO - Sync 1 DAGs
[2026-05-08T08:04:11.823+0000] {logging_mixin.py:188} INFO - [2026-05-08T08:04:11.823+0000] {dag.py:3954} INFO - Setting next_dagrun for dynamic_etl_framework to 2026-05-08 00:00:00+00:00, run_after=2026-05-09 00:00:00+00:00
[2026-05-08T08:04:11.856+0000] {processor.py:183} INFO - Processing /opt/airflow/dags/dynamic_etl_dag.py took 1.032 seconds
[2026-05-08T08:04:42.233+0000] {processor.py:161} INFO - Started process (PID=2497) to work on /opt/airflow/dags/dynamic_etl_dag.py
[2026-05-08T08:04:42.235+0000] {processor.py:830} INFO - Processing file /opt/airflow/dags/dynamic_etl_dag.py for tasks to queue
[2026-05-08T08:04:42.237+0000] {logging_mixin.py:188} INFO - [2026-05-08T08:04:42.236+0000] {dagbag.py:545} INFO - Filling up the DagBag from /opt/airflow/dags/dynamic_etl_dag.py
[2026-05-08T08:04:43.024+0000] {processor.py:840} INFO - DAG(s) 'dynamic_etl_framework' retrieved from /opt/airflow/dags/dynamic_etl_dag.py
[2026-05-08T08:04:43.215+0000] {logging_mixin.py:188} INFO - [2026-05-08T08:04:43.214+0000] {dag.py:3096} INFO - Sync 1 DAGs
[2026-05-08T08:04:43.236+0000] {logging_mixin.py:188} INFO - [2026-05-08T08:04:43.236+0000] {dag.py:3954} INFO - Setting next_dagrun for dynamic_etl_framework to 2026-05-08 00:00:00+00:00, run_after=2026-05-09 00:00:00+00:00
[2026-05-08T08:04:43.268+0000] {processor.py:183} INFO - Processing /opt/airflow/dags/dynamic_etl_dag.py took 1.039 seconds
[2026-05-08T08:05:13.672+0000] {processor.py:161} INFO - Started process (PID=2503) to work on /opt/airflow/dags/dynamic_etl_dag.py
[2026-05-08T08:05:13.674+0000] {processor.py:830} INFO - Processing file /opt/airflow/dags/dynamic_etl_dag.py for tasks to queue
[2026-05-08T08:05:13.676+0000] {logging_mixin.py:188} INFO - [2026-05-08T08:05:13.676+0000] {dagbag.py:545} INFO - Filling up the DagBag from /opt/airflow/dags/dynamic_etl_dag.py
[2026-05-08T08:05:14.374+0000] {processor.py:840} INFO - DAG(s) 'dynamic_etl_framework' retrieved from /opt/airflow/dags/dynamic_etl_dag.py
[2026-05-08T08:05:14.519+0000] {logging_mixin.py:188} INFO - [2026-05-08T08:05:14.519+0000] {dag.py:3096} INFO - Sync 1 DAGs
[2026-05-08T08:05:14.539+0000] {logging_mixin.py:188} INFO - [2026-05-08T08:05:14.538+0000] {dag.py:3954} INFO - Setting next_dagrun for dynamic_etl_framework to 2026-05-08 00:00:00+00:00, run_after=2026-05-09 00:00:00+00:00
[2026-05-08T08:05:14.568+0000] {processor.py:183} INFO - Processing /opt/airflow/dags/dynamic_etl_dag.py took 0.900 seconds
[2026-05-08T08:05:45.223+0000] {processor.py:161} INFO - Started process (PID=2509) to work on /opt/airflow/dags/dynamic_etl_dag.py
[2026-05-08T08:05:45.224+0000] {processor.py:830} INFO - Processing file /opt/airflow/dags/dynamic_etl_dag.py for tasks to queue
[2026-05-08T08:05:45.227+0000] {logging_mixin.py:188} INFO - [2026-05-08T08:05:45.226+0000] {dagbag.py:545} INFO - Filling up the DagBag from /opt/airflow/dags/dynamic_etl_dag.py
[2026-05-08T08:05:45.981+0000] {processor.py:840} INFO - DAG(s) 'dynamic_etl_framework' retrieved from /opt/airflow/dags/dynamic_etl_dag.py
[2026-05-08T08:05:46.112+0000] {logging_mixin.py:188} INFO - [2026-05-08T08:05:46.112+0000] {dag.py:3096} INFO - Sync 1 DAGs
[2026-05-08T08:05:46.131+0000] {logging_mixin.py:188} INFO - [2026-05-08T08:05:46.131+0000] {dag.py:3954} INFO - Setting next_dagrun for dynamic_etl_framework to 2026-05-08 00:00:00+00:00, run_after=2026-05-09 00:00:00+00:00
[2026-05-08T08:05:46.162+0000] {processor.py:183} INFO - Processing /opt/airflow/dags/dynamic_etl_dag.py took 0.944 seconds
[2026-05-08T08:06:16.670+0000] {processor.py:161} INFO - Started process (PID=2515) to work on /opt/airflow/dags/dynamic_etl_dag.py
[2026-05-08T08:06:16.672+0000] {processor.py:830} INFO - Processing file /opt/airflow/dags/dynamic_etl_dag.py for tasks to queue
[2026-05-08T08:06:16.675+0000] {logging_mixin.py:188} INFO - [2026-05-08T08:06:16.675+0000] {dagbag.py:545} INFO - Filling up the DagBag from /opt/airflow/dags/dynamic_etl_dag.py
[2026-05-08T08:06:17.439+0000] {processor.py:840} INFO - DAG(s) 'dynamic_etl_framework' retrieved from /opt/airflow/dags/dynamic_etl_dag.py
[2026-05-08T08:06:17.593+0000] {logging_mixin.py:188} INFO - [2026-05-08T08:06:17.593+0000] {dag.py:3096} INFO - Sync 1 DAGs
[2026-05-08T08:06:17.615+0000] {logging_mixin.py:188} INFO - [2026-05-08T08:06:17.615+0000] {dag.py:3954} INFO - Setting next_dagrun for dynamic_etl_framework to 2026-05-08 00:00:00+00:00, run_after=2026-05-09 00:00:00+00:00
[2026-05-08T08:06:17.655+0000] {processor.py:183} INFO - Processing /opt/airflow/dags/dynamic_etl_dag.py took 0.991 seconds
[2026-05-08T08:06:48.118+0000] {processor.py:161} INFO - Started process (PID=2521) to work on /opt/airflow/dags/dynamic_etl_dag.py
[2026-05-08T08:06:48.120+0000] {processor.py:830} INFO - Processing file /opt/airflow/dags/dynamic_etl_dag.py for tasks to queue
[2026-05-08T08:06:48.122+0000] {logging_mixin.py:188} INFO - [2026-05-08T08:06:48.122+0000] {dagbag.py:545} INFO - Filling up the DagBag from /opt/airflow/dags/dynamic_etl_dag.py
[2026-05-08T08:06:48.917+0000] {processor.py:840} INFO - DAG(s) 'dynamic_etl_framework' retrieved from /opt/airflow/dags/dynamic_etl_dag.py
[2026-05-08T08:06:49.047+0000] {logging_mixin.py:188} INFO - [2026-05-08T08:06:49.047+0000] {dag.py:3096} INFO - Sync 1 DAGs
[2026-05-08T08:06:49.073+0000] {logging_mixin.py:188} INFO - [2026-05-08T08:06:49.072+0000] {dag.py:3954} INFO - Setting next_dagrun for dynamic_etl_framework to 2026-05-08 00:00:00+00:00, run_after=2026-05-09 00:00:00+00:00
[2026-05-08T08:06:49.115+0000] {processor.py:183} INFO - Processing /opt/airflow/dags/dynamic_etl_dag.py took 1.001 seconds
[2026-05-08T08:07:19.642+0000] {processor.py:161} INFO - Started process (PID=2527) to work on /opt/airflow/dags/dynamic_etl_dag.py
[2026-05-08T08:07:19.643+0000] {processor.py:830} INFO - Processing file /opt/airflow/dags/dynamic_etl_dag.py for tasks to queue
[2026-05-08T08:07:19.645+0000] {logging_mixin.py:188} INFO - [2026-05-08T08:07:19.645+0000] {dagbag.py:545} INFO - Filling up the DagBag from /opt/airflow/dags/dynamic_etl_dag.py
[2026-05-08T08:07:20.367+0000] {processor.py:840} INFO - DAG(s) 'dynamic_etl_framework' retrieved from /opt/airflow/dags/dynamic_etl_dag.py
[2026-05-08T08:07:20.521+0000] {logging_mixin.py:188} INFO - [2026-05-08T08:07:20.519+0000] {dag.py:3096} INFO - Sync 1 DAGs
[2026-05-08T08:07:20.542+0000] {logging_mixin.py:188} INFO - [2026-05-08T08:07:20.542+0000] {dag.py:3954} INFO - Setting next_dagrun for dynamic_etl_framework to 2026-05-08 00:00:00+00:00, run_after=2026-05-09 00:00:00+00:00
[2026-05-08T08:07:20.578+0000] {processor.py:183} INFO - Processing /opt/airflow/dags/dynamic_etl_dag.py took 0.941 seconds
[2026-05-08T08:07:51.053+0000] {processor.py:161} INFO - Started process (PID=2533) to work on /opt/airflow/dags/dynamic_etl_dag.py
[2026-05-08T08:07:51.055+0000] {processor.py:830} INFO - Processing file /opt/airflow/dags/dynamic_etl_dag.py for tasks to queue
[2026-05-08T08:07:51.057+0000] {logging_mixin.py:188} INFO - [2026-05-08T08:07:51.056+0000] {dagbag.py:545} INFO - Filling up the DagBag from /opt/airflow/dags/dynamic_etl_dag.py
[2026-05-08T08:07:51.832+0000] {processor.py:840} INFO - DAG(s) 'dynamic_etl_framework' retrieved from /opt/airflow/dags/dynamic_etl_dag.py
[2026-05-08T08:07:52.001+0000] {logging_mixin.py:188} INFO - [2026-05-08T08:07:52.000+0000] {dag.py:3096} INFO - Sync 1 DAGs
[2026-05-08T08:07:52.028+0000] {logging_mixin.py:188} INFO - [2026-05-08T08:07:52.028+0000] {dag.py:3954} INFO - Setting next_dagrun for dynamic_etl_framework to 2026-05-08 00:00:00+00:00, run_after=2026-05-09 00:00:00+00:00
[2026-05-08T08:07:52.072+0000] {processor.py:183} INFO - Processing /opt/airflow/dags/dynamic_etl_dag.py took 1.025 seconds
[2026-05-08T08:08:22.543+0000] {processor.py:161} INFO - Started process (PID=2539) to work on /opt/airflow/dags/dynamic_etl_dag.py
[2026-05-08T08:08:22.545+0000] {processor.py:830} INFO - Processing file /opt/airflow/dags/dynamic_etl_dag.py for tasks to queue
[2026-05-08T08:08:22.547+0000] {logging_mixin.py:188} INFO - [2026-05-08T08:08:22.547+0000] {dagbag.py:545} INFO - Filling up the DagBag from /opt/airflow/dags/dynamic_etl_dag.py
[2026-05-08T08:08:23.320+0000] {processor.py:840} INFO - DAG(s) 'dynamic_etl_framework' retrieved from /opt/airflow/dags/dynamic_etl_dag.py
[2026-05-08T08:08:23.484+0000] {logging_mixin.py:188} INFO - [2026-05-08T08:08:23.483+0000] {dag.py:3096} INFO - Sync 1 DAGs
[2026-05-08T08:08:23.510+0000] {logging_mixin.py:188} INFO - [2026-05-08T08:08:23.510+0000] {dag.py:3954} INFO - Setting next_dagrun for dynamic_etl_framework to 2026-05-08 00:00:00+00:00, run_after=2026-05-09 00:00:00+00:00
[2026-05-08T08:08:23.555+0000] {processor.py:183} INFO - Processing /opt/airflow/dags/dynamic_etl_dag.py took 1.018 seconds
[2026-05-08T08:08:53.941+0000] {processor.py:161} INFO - Started process (PID=2545) to work on /opt/airflow/dags/dynamic_etl_dag.py
[2026-05-08T08:08:53.943+0000] {processor.py:830} INFO - Processing file /opt/airflow/dags/dynamic_etl_dag.py for tasks to queue
[2026-05-08T08:08:53.945+0000] {logging_mixin.py:188} INFO - [2026-05-08T08:08:53.945+0000] {dagbag.py:545} INFO - Filling up the DagBag from /opt/airflow/dags/dynamic_etl_dag.py
[2026-05-08T08:08:54.753+0000] {processor.py:840} INFO - DAG(s) 'dynamic_etl_framework' retrieved from /opt/airflow/dags/dynamic_etl_dag.py
[2026-05-08T08:08:54.921+0000] {logging_mixin.py:188} INFO - [2026-05-08T08:08:54.920+0000] {dag.py:3096} INFO - Sync 1 DAGs
[2026-05-08T08:08:54.945+0000] {logging_mixin.py:188} INFO - [2026-05-08T08:08:54.945+0000] {dag.py:3954} INFO - Setting next_dagrun for dynamic_etl_framework to 2026-05-08 00:00:00+00:00, run_after=2026-05-09 00:00:00+00:00
[2026-05-08T08:08:54.993+0000] {processor.py:183} INFO - Processing /opt/airflow/dags/dynamic_etl_dag.py took 1.059 seconds
[2026-05-08T08:09:25.454+0000] {processor.py:161} INFO - Started process (PID=2551) to work on /opt/airflow/dags/dynamic_etl_dag.py
[2026-05-08T08:09:25.456+0000] {processor.py:830} INFO - Processing file /opt/airflow/dags/dynamic_etl_dag.py for tasks to queue
[2026-05-08T08:09:25.459+0000] {logging_mixin.py:188} INFO - [2026-05-08T08:09:25.458+0000] {dagbag.py:545} INFO - Filling up the DagBag from /opt/airflow/dags/dynamic_etl_dag.py
[2026-05-08T08:09:26.259+0000] {processor.py:840} INFO - DAG(s) 'dynamic_etl_framework' retrieved from /opt/airflow/dags/dynamic_etl_dag.py
[2026-05-08T08:09:26.427+0000] {logging_mixin.py:188} INFO - [2026-05-08T08:09:26.426+0000] {dag.py:3096} INFO - Sync 1 DAGs
[2026-05-08T08:09:26.451+0000] {logging_mixin.py:188} INFO - [2026-05-08T08:09:26.451+0000] {dag.py:3954} INFO - Setting next_dagrun for dynamic_etl_framework to 2026-05-08 00:00:00+00:00, run_after=2026-05-09 00:00:00+00:00
[2026-05-08T08:09:26.490+0000] {processor.py:183} INFO - Processing /opt/airflow/dags/dynamic_etl_dag.py took 1.042 seconds
[2026-05-08T08:09:56.868+0000] {processor.py:161} INFO - Started process (PID=2557) to work on /opt/airflow/dags/dynamic_etl_dag.py
[2026-05-08T08:09:56.870+0000] {processor.py:830} INFO - Processing file /opt/airflow/dags/dynamic_etl_dag.py for tasks to queue
[2026-05-08T08:09:56.872+0000] {logging_mixin.py:188} INFO - [2026-05-08T08:09:56.871+0000] {dagbag.py:545} INFO - Filling up the DagBag from /opt/airflow/dags/dynamic_etl_dag.py
[2026-05-08T08:09:57.660+0000] {processor.py:840} INFO - DAG(s) 'dynamic_etl_framework' retrieved from /opt/airflow/dags/dynamic_etl_dag.py
[2026-05-08T08:09:57.827+0000] {logging_mixin.py:188} INFO - [2026-05-08T08:09:57.826+0000] {dag.py:3096} INFO - Sync 1 DAGs
[2026-05-08T08:09:57.853+0000] {logging_mixin.py:188} INFO - [2026-05-08T08:09:57.853+0000] {dag.py:3954} INFO - Setting next_dagrun for dynamic_etl_framework to 2026-05-08 00:00:00+00:00, run_after=2026-05-09 00:00:00+00:00
[2026-05-08T08:09:57.895+0000] {processor.py:183} INFO - Processing /opt/airflow/dags/dynamic_etl_dag.py took 1.031 seconds
[2026-05-08T08:10:28.489+0000] {processor.py:161} INFO - Started process (PID=2563) to work on /opt/airflow/dags/dynamic_etl_dag.py
[2026-05-08T08:10:28.490+0000] {processor.py:830} INFO - Processing file /opt/airflow/dags/dynamic_etl_dag.py for tasks to queue
[2026-05-08T08:10:28.493+0000] {logging_mixin.py:188} INFO - [2026-05-08T08:10:28.493+0000] {dagbag.py:545} INFO - Filling up the DagBag from /opt/airflow/dags/dynamic_etl_dag.py
[2026-05-08T08:10:29.256+0000] {processor.py:840} INFO - DAG(s) 'dynamic_etl_framework' retrieved from /opt/airflow/dags/dynamic_etl_dag.py
[2026-05-08T08:10:29.425+0000] {logging_mixin.py:188} INFO - [2026-05-08T08:10:29.425+0000] {dag.py:3096} INFO - Sync 1 DAGs
[2026-05-08T08:10:29.446+0000] {logging_mixin.py:188} INFO - [2026-05-08T08:10:29.445+0000] {dag.py:3954} INFO - Setting next_dagrun for dynamic_etl_framework to 2026-05-08 00:00:00+00:00, run_after=2026-05-09 00:00:00+00:00
[2026-05-08T08:10:29.479+0000] {processor.py:183} INFO - Processing /opt/airflow/dags/dynamic_etl_dag.py took 0.996 seconds
[2026-05-08T08:10:59.877+0000] {processor.py:161} INFO - Started process (PID=2569) to work on /opt/airflow/dags/dynamic_etl_dag.py
[2026-05-08T08:10:59.878+0000] {processor.py:830} INFO - Processing file /opt/airflow/dags/dynamic_etl_dag.py for tasks to queue
[2026-05-08T08:10:59.880+0000] {logging_mixin.py:188} INFO - [2026-05-08T08:10:59.880+0000] {dagbag.py:545} INFO - Filling up the DagBag from /opt/airflow/dags/dynamic_etl_dag.py
[2026-05-08T08:11:00.747+0000] {processor.py:840} INFO - DAG(s) 'dynamic_etl_framework' retrieved from /opt/airflow/dags/dynamic_etl_dag.py
[2026-05-08T08:11:00.904+0000] {logging_mixin.py:188} INFO - [2026-05-08T08:11:00.903+0000] {dag.py:3096} INFO - Sync 1 DAGs
[2026-05-08T08:11:00.921+0000] {logging_mixin.py:188} INFO - [2026-05-08T08:11:00.921+0000] {dag.py:3954} INFO - Setting next_dagrun for dynamic_etl_framework to 2026-05-08 00:00:00+00:00, run_after=2026-05-09 00:00:00+00:00
[2026-05-08T08:11:00.953+0000] {processor.py:183} INFO - Processing /opt/airflow/dags/dynamic_etl_dag.py took 1.082 seconds
[2026-05-08T08:11:31.574+0000] {processor.py:161} INFO - Started process (PID=2575) to work on /opt/airflow/dags/dynamic_etl_dag.py
[2026-05-08T08:11:31.576+0000] {processor.py:830} INFO - Processing file /opt/airflow/dags/dynamic_etl_dag.py for tasks to queue
[2026-05-08T08:11:31.579+0000] {logging_mixin.py:188} INFO - [2026-05-08T08:11:31.578+0000] {dagbag.py:545} INFO - Filling up the DagBag from /opt/airflow/dags/dynamic_etl_dag.py
[2026-05-08T08:11:32.238+0000] {processor.py:840} INFO - DAG(s) 'dynamic_etl_framework' retrieved from /opt/airflow/dags/dynamic_etl_dag.py
[2026-05-08T08:11:32.395+0000] {logging_mixin.py:188} INFO - [2026-05-08T08:11:32.395+0000] {dag.py:3096} INFO - Sync 1 DAGs
[2026-05-08T08:11:32.414+0000] {logging_mixin.py:188} INFO - [2026-05-08T08:11:32.414+0000] {dag.py:3954} INFO - Setting next_dagrun for dynamic_etl_framework to 2026-05-08 00:00:00+00:00, run_after=2026-05-09 00:00:00+00:00
[2026-05-08T08:11:32.449+0000] {processor.py:183} INFO - Processing /opt/airflow/dags/dynamic_etl_dag.py took 0.880 seconds
[2026-05-08T08:12:02.924+0000] {processor.py:161} INFO - Started process (PID=2581) to work on /opt/airflow/dags/dynamic_etl_dag.py
[2026-05-08T08:12:02.925+0000] {processor.py:830} INFO - Processing file /opt/airflow/dags/dynamic_etl_dag.py for tasks to queue
[2026-05-08T08:12:02.927+0000] {logging_mixin.py:188} INFO - [2026-05-08T08:12:02.927+0000] {dagbag.py:545} INFO - Filling up the DagBag from /opt/airflow/dags/dynamic_etl_dag.py
[2026-05-08T08:12:03.749+0000] {processor.py:840} INFO - DAG(s) 'dynamic_etl_framework' retrieved from /opt/airflow/dags/dynamic_etl_dag.py
[2026-05-08T08:12:03.941+0000] {logging_mixin.py:188} INFO - [2026-05-08T08:12:03.940+0000] {dag.py:3096} INFO - Sync 1 DAGs
[2026-05-08T08:12:03.968+0000] {logging_mixin.py:188} INFO - [2026-05-08T08:12:03.968+0000] {dag.py:3954} INFO - Setting next_dagrun for dynamic_etl_framework to 2026-05-08 00:00:00+00:00, run_after=2026-05-09 00:00:00+00:00
[2026-05-08T08:12:04.003+0000] {processor.py:183} INFO - Processing /opt/airflow/dags/dynamic_etl_dag.py took 1.083 seconds
[2026-05-08T08:12:34.628+0000] {processor.py:161} INFO - Started process (PID=2587) to work on /opt/airflow/dags/dynamic_etl_dag.py
[2026-05-08T08:12:34.630+0000] {processor.py:830} INFO - Processing file /opt/airflow/dags/dynamic_etl_dag.py for tasks to queue
[2026-05-08T08:12:34.632+0000] {logging_mixin.py:188} INFO - [2026-05-08T08:12:34.631+0000] {dagbag.py:545} INFO - Filling up the DagBag from /opt/airflow/dags/dynamic_etl_dag.py
[2026-05-08T08:12:35.380+0000] {processor.py:840} INFO - DAG(s) 'dynamic_etl_framework' retrieved from /opt/airflow/dags/dynamic_etl_dag.py
[2026-05-08T08:12:35.540+0000] {logging_mixin.py:188} INFO - [2026-05-08T08:12:35.540+0000] {dag.py:3096} INFO - Sync 1 DAGs
[2026-05-08T08:12:35.563+0000] {logging_mixin.py:188} INFO - [2026-05-08T08:12:35.562+0000] {dag.py:3954} INFO - Setting next_dagrun for dynamic_etl_framework to 2026-05-08 00:00:00+00:00, run_after=2026-05-09 00:00:00+00:00
[2026-05-08T08:12:35.594+0000] {processor.py:183} INFO - Processing /opt/airflow/dags/dynamic_etl_dag.py took 0.970 seconds
[2026-05-08T08:13:06.187+0000] {processor.py:161} INFO - Started process (PID=2593) to work on /opt/airflow/dags/dynamic_etl_dag.py
[2026-05-08T08:13:06.197+0000] {processor.py:830} INFO - Processing file /opt/airflow/dags/dynamic_etl_dag.py for tasks to queue
[2026-05-08T08:13:06.214+0000] {logging_mixin.py:188} INFO - [2026-05-08T08:13:06.214+0000] {dagbag.py:545} INFO - Filling up the DagBag from /opt/airflow/dags/dynamic_etl_dag.py
[2026-05-08T08:13:07.069+0000] {processor.py:840} INFO - DAG(s) 'dynamic_etl_framework' retrieved from /opt/airflow/dags/dynamic_etl_dag.py
[2026-05-08T08:13:07.219+0000] {logging_mixin.py:188} INFO - [2026-05-08T08:13:07.219+0000] {dag.py:3096} INFO - Sync 1 DAGs
[2026-05-08T08:13:07.241+0000] {logging_mixin.py:188} INFO - [2026-05-08T08:13:07.241+0000] {dag.py:3954} INFO - Setting next_dagrun for dynamic_etl_framework to 2026-05-08 00:00:00+00:00, run_after=2026-05-09 00:00:00+00:00
[2026-05-08T08:13:07.275+0000] {processor.py:183} INFO - Processing /opt/airflow/dags/dynamic_etl_dag.py took 1.093 seconds
[2026-05-08T08:13:37.816+0000] {processor.py:161} INFO - Started process (PID=2599) to work on /opt/airflow/dags/dynamic_etl_dag.py
[2026-05-08T08:13:37.817+0000] {processor.py:830} INFO - Processing file /opt/airflow/dags/dynamic_etl_dag.py for tasks to queue
[2026-05-08T08:13:37.819+0000] {logging_mixin.py:188} INFO - [2026-05-08T08:13:37.818+0000] {dagbag.py:545} INFO - Filling up the DagBag from /opt/airflow/dags/dynamic_etl_dag.py
[2026-05-08T08:13:38.657+0000] {processor.py:840} INFO - DAG(s) 'dynamic_etl_framework' retrieved from /opt/airflow/dags/dynamic_etl_dag.py
[2026-05-08T08:13:38.856+0000] {logging_mixin.py:188} INFO - [2026-05-08T08:13:38.855+0000] {dag.py:3096} INFO - Sync 1 DAGs
[2026-05-08T08:13:38.890+0000] {logging_mixin.py:188} INFO - [2026-05-08T08:13:38.890+0000] {dag.py:3954} INFO - Setting next_dagrun for dynamic_etl_framework to 2026-05-08 00:00:00+00:00, run_after=2026-05-09 00:00:00+00:00
[2026-05-08T08:13:38.942+0000] {processor.py:183} INFO - Processing /opt/airflow/dags/dynamic_etl_dag.py took 1.130 seconds
[2026-05-08T08:14:09.193+0000] {processor.py:161} INFO - Started process (PID=2605) to work on /opt/airflow/dags/dynamic_etl_dag.py
[2026-05-08T08:14:09.195+0000] {processor.py:830} INFO - Processing file /opt/airflow/dags/dynamic_etl_dag.py for tasks to queue
[2026-05-08T08:14:09.197+0000] {logging_mixin.py:188} INFO - [2026-05-08T08:14:09.196+0000] {dagbag.py:545} INFO - Filling up the DagBag from /opt/airflow/dags/dynamic_etl_dag.py
[2026-05-08T08:14:09.976+0000] {processor.py:840} INFO - DAG(s) 'dynamic_etl_framework' retrieved from /opt/airflow/dags/dynamic_etl_dag.py
[2026-05-08T08:14:10.129+0000] {logging_mixin.py:188} INFO - [2026-05-08T08:14:10.129+0000] {dag.py:3096} INFO - Sync 1 DAGs
[2026-05-08T08:14:10.150+0000] {logging_mixin.py:188} INFO - [2026-05-08T08:14:10.150+0000] {dag.py:3954} INFO - Setting next_dagrun for dynamic_etl_framework to 2026-05-08 00:00:00+00:00, run_after=2026-05-09 00:00:00+00:00
[2026-05-08T08:14:10.178+0000] {processor.py:183} INFO - Processing /opt/airflow/dags/dynamic_etl_dag.py took 0.990 seconds
[2026-05-08T08:14:40.662+0000] {processor.py:161} INFO - Started process (PID=2611) to work on /opt/airflow/dags/dynamic_etl_dag.py
[2026-05-08T08:14:40.663+0000] {processor.py:830} INFO - Processing file /opt/airflow/dags/dynamic_etl_dag.py for tasks to queue
[2026-05-08T08:14:40.665+0000] {logging_mixin.py:188} INFO - [2026-05-08T08:14:40.665+0000] {dagbag.py:545} INFO - Filling up the DagBag from /opt/airflow/dags/dynamic_etl_dag.py
[2026-05-08T08:14:41.472+0000] {processor.py:840} INFO - DAG(s) 'dynamic_etl_framework' retrieved from /opt/airflow/dags/dynamic_etl_dag.py
[2026-05-08T08:14:41.676+0000] {logging_mixin.py:188} INFO - [2026-05-08T08:14:41.676+0000] {dag.py:3096} INFO - Sync 1 DAGs
[2026-05-08T08:14:41.701+0000] {logging_mixin.py:188} INFO - [2026-05-08T08:14:41.701+0000] {dag.py:3954} INFO - Setting next_dagrun for dynamic_etl_framework to 2026-05-08 00:00:00+00:00, run_after=2026-05-09 00:00:00+00:00
[2026-05-08T08:14:41.743+0000] {processor.py:183} INFO - Processing /opt/airflow/dags/dynamic_etl_dag.py took 1.087 seconds
[2026-05-08T08:15:12.014+0000] {processor.py:161} INFO - Started process (PID=2617) to work on /opt/airflow/dags/dynamic_etl_dag.py
[2026-05-08T08:15:12.015+0000] {processor.py:830} INFO - Processing file /opt/airflow/dags/dynamic_etl_dag.py for tasks to queue
[2026-05-08T08:15:12.017+0000] {logging_mixin.py:188} INFO - [2026-05-08T08:15:12.016+0000] {dagbag.py:545} INFO - Filling up the DagBag from /opt/airflow/dags/dynamic_etl_dag.py
[2026-05-08T08:15:12.707+0000] {processor.py:840} INFO - DAG(s) 'dynamic_etl_framework' retrieved from /opt/airflow/dags/dynamic_etl_dag.py
[2026-05-08T08:15:12.865+0000] {logging_mixin.py:188} INFO - [2026-05-08T08:15:12.864+0000] {dag.py:3096} INFO - Sync 1 DAGs
[2026-05-08T08:15:12.885+0000] {logging_mixin.py:188} INFO - [2026-05-08T08:15:12.885+0000] {dag.py:3954} INFO - Setting next_dagrun for dynamic_etl_framework to 2026-05-08 00:00:00+00:00, run_after=2026-05-09 00:00:00+00:00
[2026-05-08T08:15:12.929+0000] {processor.py:183} INFO - Processing /opt/airflow/dags/dynamic_etl_dag.py took 0.919 seconds
[2026-05-08T08:15:43.243+0000] {processor.py:161} INFO - Started process (PID=2623) to work on /opt/airflow/dags/dynamic_etl_dag.py
[2026-05-08T08:15:43.244+0000] {processor.py:830} INFO - Processing file /opt/airflow/dags/dynamic_etl_dag.py for tasks to queue
[2026-05-08T08:15:43.246+0000] {logging_mixin.py:188} INFO - [2026-05-08T08:15:43.246+0000] {dagbag.py:545} INFO - Filling up the DagBag from /opt/airflow/dags/dynamic_etl_dag.py
[2026-05-08T08:15:43.928+0000] {processor.py:840} INFO - DAG(s) 'dynamic_etl_framework' retrieved from /opt/airflow/dags/dynamic_etl_dag.py
[2026-05-08T08:15:44.089+0000] {logging_mixin.py:188} INFO - [2026-05-08T08:15:44.088+0000] {dag.py:3096} INFO - Sync 1 DAGs
[2026-05-08T08:15:44.110+0000] {logging_mixin.py:188} INFO - [2026-05-08T08:15:44.110+0000] {dag.py:3954} INFO - Setting next_dagrun for dynamic_etl_framework to 2026-05-08 00:00:00+00:00, run_after=2026-05-09 00:00:00+00:00
[2026-05-08T08:15:44.139+0000] {processor.py:183} INFO - Processing /opt/airflow/dags/dynamic_etl_dag.py took 0.901 seconds
[2026-05-08T08:16:14.571+0000] {processor.py:161} INFO - Started process (PID=2629) to work on /opt/airflow/dags/dynamic_etl_dag.py
[2026-05-08T08:16:14.572+0000] {processor.py:830} INFO - Processing file /opt/airflow/dags/dynamic_etl_dag.py for tasks to queue
[2026-05-08T08:16:14.574+0000] {logging_mixin.py:188} INFO - [2026-05-08T08:16:14.574+0000] {dagbag.py:545} INFO - Filling up the DagBag from /opt/airflow/dags/dynamic_etl_dag.py
[2026-05-08T08:16:15.318+0000] {processor.py:840} INFO - DAG(s) 'dynamic_etl_framework' retrieved from /opt/airflow/dags/dynamic_etl_dag.py
[2026-05-08T08:16:15.481+0000] {logging_mixin.py:188} INFO - [2026-05-08T08:16:15.481+0000] {dag.py:3096} INFO - Sync 1 DAGs
[2026-05-08T08:16:15.507+0000] {logging_mixin.py:188} INFO - [2026-05-08T08:16:15.507+0000] {dag.py:3954} INFO - Setting next_dagrun for dynamic_etl_framework to 2026-05-08 00:00:00+00:00, run_after=2026-05-09 00:00:00+00:00
[2026-05-08T08:16:15.549+0000] {processor.py:183} INFO - Processing /opt/airflow/dags/dynamic_etl_dag.py took 0.984 seconds
[2026-05-08T08:16:45.941+0000] {processor.py:161} INFO - Started process (PID=2635) to work on /opt/airflow/dags/dynamic_etl_dag.py
[2026-05-08T08:16:45.942+0000] {processor.py:830} INFO - Processing file /opt/airflow/dags/dynamic_etl_dag.py for tasks to queue
[2026-05-08T08:16:45.944+0000] {logging_mixin.py:188} INFO - [2026-05-08T08:16:45.943+0000] {dagbag.py:545} INFO - Filling up the DagBag from /opt/airflow/dags/dynamic_etl_dag.py
[2026-05-08T08:16:46.732+0000] {processor.py:840} INFO - DAG(s) 'dynamic_etl_framework' retrieved from /opt/airflow/dags/dynamic_etl_dag.py
[2026-05-08T08:16:46.892+0000] {logging_mixin.py:188} INFO - [2026-05-08T08:16:46.891+0000] {dag.py:3096} INFO - Sync 1 DAGs
[2026-05-08T08:16:46.911+0000] {logging_mixin.py:188} INFO - [2026-05-08T08:16:46.911+0000] {dag.py:3954} INFO - Setting next_dagrun for dynamic_etl_framework to 2026-05-08 00:00:00+00:00, run_after=2026-05-09 00:00:00+00:00
[2026-05-08T08:16:46.938+0000] {processor.py:183} INFO - Processing /opt/airflow/dags/dynamic_etl_dag.py took 1.006 seconds
[2026-05-08T08:17:17.299+0000] {processor.py:161} INFO - Started process (PID=2641) to work on /opt/airflow/dags/dynamic_etl_dag.py
[2026-05-08T08:17:17.300+0000] {processor.py:830} INFO - Processing file /opt/airflow/dags/dynamic_etl_dag.py for tasks to queue
[2026-05-08T08:17:17.302+0000] {logging_mixin.py:188} INFO - [2026-05-08T08:17:17.302+0000] {dagbag.py:545} INFO - Filling up the DagBag from /opt/airflow/dags/dynamic_etl_dag.py
[2026-05-08T08:17:18.006+0000] {processor.py:840} INFO - DAG(s) 'dynamic_etl_framework' retrieved from /opt/airflow/dags/dynamic_etl_dag.py
[2026-05-08T08:17:18.173+0000] {logging_mixin.py:188} INFO - [2026-05-08T08:17:18.173+0000] {dag.py:3096} INFO - Sync 1 DAGs
[2026-05-08T08:17:18.196+0000] {logging_mixin.py:188} INFO - [2026-05-08T08:17:18.195+0000] {dag.py:3954} INFO - Setting next_dagrun for dynamic_etl_framework to 2026-05-08 00:00:00+00:00, run_after=2026-05-09 00:00:00+00:00
[2026-05-08T08:17:18.229+0000] {processor.py:183} INFO - Processing /opt/airflow/dags/dynamic_etl_dag.py took 0.936 seconds
[2026-05-08T08:17:48.606+0000] {processor.py:161} INFO - Started process (PID=2647) to work on /opt/airflow/dags/dynamic_etl_dag.py
[2026-05-08T08:17:48.608+0000] {processor.py:830} INFO - Processing file /opt/airflow/dags/dynamic_etl_dag.py for tasks to queue
[2026-05-08T08:17:48.610+0000] {logging_mixin.py:188} INFO - [2026-05-08T08:17:48.610+0000] {dagbag.py:545} INFO - Filling up the DagBag from /opt/airflow/dags/dynamic_etl_dag.py
[2026-05-08T08:17:49.474+0000] {processor.py:840} INFO - DAG(s) 'dynamic_etl_framework' retrieved from /opt/airflow/dags/dynamic_etl_dag.py
[2026-05-08T08:17:49.650+0000] {logging_mixin.py:188} INFO - [2026-05-08T08:17:49.649+0000] {dag.py:3096} INFO - Sync 1 DAGs
[2026-05-08T08:17:49.676+0000] {logging_mixin.py:188} INFO - [2026-05-08T08:17:49.675+0000] {dag.py:3954} INFO - Setting next_dagrun for dynamic_etl_framework to 2026-05-08 00:00:00+00:00, run_after=2026-05-09 00:00:00+00:00
[2026-05-08T08:17:49.716+0000] {processor.py:183} INFO - Processing /opt/airflow/dags/dynamic_etl_dag.py took 1.118 seconds
[2026-05-08T08:18:19.985+0000] {processor.py:161} INFO - Started process (PID=2653) to work on /opt/airflow/dags/dynamic_etl_dag.py
[2026-05-08T08:18:19.987+0000] {processor.py:830} INFO - Processing file /opt/airflow/dags/dynamic_etl_dag.py for tasks to queue
[2026-05-08T08:18:19.991+0000] {logging_mixin.py:188} INFO - [2026-05-08T08:18:19.991+0000] {dagbag.py:545} INFO - Filling up the DagBag from /opt/airflow/dags/dynamic_etl_dag.py
[2026-05-08T08:18:20.716+0000] {processor.py:840} INFO - DAG(s) 'dynamic_etl_framework' retrieved from /opt/airflow/dags/dynamic_etl_dag.py
[2026-05-08T08:18:20.872+0000] {logging_mixin.py:188} INFO - [2026-05-08T08:18:20.871+0000] {dag.py:3096} INFO - Sync 1 DAGs
[2026-05-08T08:18:20.892+0000] {logging_mixin.py:188} INFO - [2026-05-08T08:18:20.891+0000] {dag.py:3954} INFO - Setting next_dagrun for dynamic_etl_framework to 2026-05-08 00:00:00+00:00, run_after=2026-05-09 00:00:00+00:00
[2026-05-08T08:18:20.928+0000] {processor.py:183} INFO - Processing /opt/airflow/dags/dynamic_etl_dag.py took 0.950 seconds
[2026-05-08T08:18:51.349+0000] {processor.py:161} INFO - Started process (PID=2659) to work on /opt/airflow/dags/dynamic_etl_dag.py
[2026-05-08T08:18:51.351+0000] {processor.py:830} INFO - Processing file /opt/airflow/dags/dynamic_etl_dag.py for tasks to queue
[2026-05-08T08:18:51.352+0000] {logging_mixin.py:188} INFO - [2026-05-08T08:18:51.352+0000] {dagbag.py:545} INFO - Filling up the DagBag from /opt/airflow/dags/dynamic_etl_dag.py
[2026-05-08T08:18:52.127+0000] {processor.py:840} INFO - DAG(s) 'dynamic_etl_framework' retrieved from /opt/airflow/dags/dynamic_etl_dag.py
[2026-05-08T08:18:52.289+0000] {logging_mixin.py:188} INFO - [2026-05-08T08:18:52.289+0000] {dag.py:3096} INFO - Sync 1 DAGs
[2026-05-08T08:18:52.312+0000] {logging_mixin.py:188} INFO - [2026-05-08T08:18:52.312+0000] {dag.py:3954} INFO - Setting next_dagrun for dynamic_etl_framework to 2026-05-08 00:00:00+00:00, run_after=2026-05-09 00:00:00+00:00
[2026-05-08T08:18:52.345+0000] {processor.py:183} INFO - Processing /opt/airflow/dags/dynamic_etl_dag.py took 1.001 seconds
[2026-05-08T08:19:22.831+0000] {processor.py:161} INFO - Started process (PID=2665) to work on /opt/airflow/dags/dynamic_etl_dag.py
[2026-05-08T08:19:22.832+0000] {processor.py:830} INFO - Processing file /opt/airflow/dags/dynamic_etl_dag.py for tasks to queue
[2026-05-08T08:19:22.834+0000] {logging_mixin.py:188} INFO - [2026-05-08T08:19:22.833+0000] {dagbag.py:545} INFO - Filling up the DagBag from /opt/airflow/dags/dynamic_etl_dag.py
[2026-05-08T08:19:23.620+0000] {processor.py:840} INFO - DAG(s) 'dynamic_etl_framework' retrieved from /opt/airflow/dags/dynamic_etl_dag.py
[2026-05-08T08:19:23.798+0000] {logging_mixin.py:188} INFO - [2026-05-08T08:19:23.797+0000] {dag.py:3096} INFO - Sync 1 DAGs
[2026-05-08T08:19:23.819+0000] {logging_mixin.py:188} INFO - [2026-05-08T08:19:23.819+0000] {dag.py:3954} INFO - Setting next_dagrun for dynamic_etl_framework to 2026-05-08 00:00:00+00:00, run_after=2026-05-09 00:00:00+00:00
[2026-05-08T08:19:23.851+0000] {processor.py:183} INFO - Processing /opt/airflow/dags/dynamic_etl_dag.py took 1.024 seconds
[2026-05-08T08:19:54.352+0000] {processor.py:161} INFO - Started process (PID=2671) to work on /opt/airflow/dags/dynamic_etl_dag.py
[2026-05-08T08:19:54.353+0000] {processor.py:830} INFO - Processing file /opt/airflow/dags/dynamic_etl_dag.py for tasks to queue
[2026-05-08T08:19:54.356+0000] {logging_mixin.py:188} INFO - [2026-05-08T08:19:54.355+0000] {dagbag.py:545} INFO - Filling up the DagBag from /opt/airflow/dags/dynamic_etl_dag.py
[2026-05-08T08:19:55.066+0000] {processor.py:840} INFO - DAG(s) 'dynamic_etl_framework' retrieved from /opt/airflow/dags/dynamic_etl_dag.py
[2026-05-08T08:19:55.224+0000] {logging_mixin.py:188} INFO - [2026-05-08T08:19:55.223+0000] {dag.py:3096} INFO - Sync 1 DAGs
[2026-05-08T08:19:55.242+0000] {logging_mixin.py:188} INFO - [2026-05-08T08:19:55.242+0000] {dag.py:3954} INFO - Setting next_dagrun for dynamic_etl_framework to 2026-05-08 00:00:00+00:00, run_after=2026-05-09 00:00:00+00:00
[2026-05-08T08:19:55.271+0000] {processor.py:183} INFO - Processing /opt/airflow/dags/dynamic_etl_dag.py took 0.924 seconds
[2026-05-08T08:20:25.823+0000] {processor.py:161} INFO - Started process (PID=2677) to work on /opt/airflow/dags/dynamic_etl_dag.py
[2026-05-08T08:20:25.825+0000] {processor.py:830} INFO - Processing file /opt/airflow/dags/dynamic_etl_dag.py for tasks to queue
[2026-05-08T08:20:25.828+0000] {logging_mixin.py:188} INFO - [2026-05-08T08:20:25.827+0000] {dagbag.py:545} INFO - Filling up the DagBag from /opt/airflow/dags/dynamic_etl_dag.py
[2026-05-08T08:20:26.836+0000] {processor.py:840} INFO - DAG(s) 'dynamic_etl_framework' retrieved from /opt/airflow/dags/dynamic_etl_dag.py
[2026-05-08T08:20:27.019+0000] {logging_mixin.py:188} INFO - [2026-05-08T08:20:27.018+0000] {dag.py:3096} INFO - Sync 1 DAGs
[2026-05-08T08:20:27.042+0000] {logging_mixin.py:188} INFO - [2026-05-08T08:20:27.042+0000] {dag.py:3954} INFO - Setting next_dagrun for dynamic_etl_framework to 2026-05-08 00:00:00+00:00, run_after=2026-05-09 00:00:00+00:00
[2026-05-08T08:20:27.083+0000] {processor.py:183} INFO - Processing /opt/airflow/dags/dynamic_etl_dag.py took 1.265 seconds
[2026-05-08T08:20:57.306+0000] {processor.py:161} INFO - Started process (PID=2683) to work on /opt/airflow/dags/dynamic_etl_dag.py
[2026-05-08T08:20:57.308+0000] {processor.py:830} INFO - Processing file /opt/airflow/dags/dynamic_etl_dag.py for tasks to queue
[2026-05-08T08:20:57.310+0000] {logging_mixin.py:188} INFO - [2026-05-08T08:20:57.309+0000] {dagbag.py:545} INFO - Filling up the DagBag from /opt/airflow/dags/dynamic_etl_dag.py
[2026-05-08T08:20:58.033+0000] {processor.py:840} INFO - DAG(s) 'dynamic_etl_framework' retrieved from /opt/airflow/dags/dynamic_etl_dag.py
[2026-05-08T08:20:58.189+0000] {logging_mixin.py:188} INFO - [2026-05-08T08:20:58.188+0000] {dag.py:3096} INFO - Sync 1 DAGs
[2026-05-08T08:20:58.210+0000] {logging_mixin.py:188} INFO - [2026-05-08T08:20:58.209+0000] {dag.py:3954} INFO - Setting next_dagrun for dynamic_etl_framework to 2026-05-08 00:00:00+00:00, run_after=2026-05-09 00:00:00+00:00
[2026-05-08T08:20:58.249+0000] {processor.py:183} INFO - Processing /opt/airflow/dags/dynamic_etl_dag.py took 0.950 seconds
[2026-05-08T08:21:28.929+0000] {processor.py:161} INFO - Started process (PID=2689) to work on /opt/airflow/dags/dynamic_etl_dag.py
[2026-05-08T08:21:28.931+0000] {processor.py:830} INFO - Processing file /opt/airflow/dags/dynamic_etl_dag.py for tasks to queue
[2026-05-08T08:21:28.932+0000] {logging_mixin.py:188} INFO - [2026-05-08T08:21:28.932+0000] {dagbag.py:545} INFO - Filling up the DagBag from /opt/airflow/dags/dynamic_etl_dag.py
[2026-05-08T08:21:29.789+0000] {processor.py:840} INFO - DAG(s) 'dynamic_etl_framework' retrieved from /opt/airflow/dags/dynamic_etl_dag.py
[2026-05-08T08:21:29.957+0000] {logging_mixin.py:188} INFO - [2026-05-08T08:21:29.956+0000] {dag.py:3096} INFO - Sync 1 DAGs
[2026-05-08T08:21:29.976+0000] {logging_mixin.py:188} INFO - [2026-05-08T08:21:29.976+0000] {dag.py:3954} INFO - Setting next_dagrun for dynamic_etl_framework to 2026-05-08 00:00:00+00:00, run_after=2026-05-09 00:00:00+00:00
[2026-05-08T08:21:30.008+0000] {processor.py:183} INFO - Processing /opt/airflow/dags/dynamic_etl_dag.py took 1.084 seconds
[2026-05-08T08:22:00.521+0000] {processor.py:161} INFO - Started process (PID=2695) to work on /opt/airflow/dags/dynamic_etl_dag.py
[2026-05-08T08:22:00.523+0000] {processor.py:830} INFO - Processing file /opt/airflow/dags/dynamic_etl_dag.py for tasks to queue
[2026-05-08T08:22:00.525+0000] {logging_mixin.py:188} INFO - [2026-05-08T08:22:00.525+0000] {dagbag.py:545} INFO - Filling up the DagBag from /opt/airflow/dags/dynamic_etl_dag.py
[2026-05-08T08:22:01.358+0000] {processor.py:840} INFO - DAG(s) 'dynamic_etl_framework' retrieved from /opt/airflow/dags/dynamic_etl_dag.py
[2026-05-08T08:22:01.520+0000] {logging_mixin.py:188} INFO - [2026-05-08T08:22:01.520+0000] {dag.py:3096} INFO - Sync 1 DAGs
[2026-05-08T08:22:01.552+0000] {logging_mixin.py:188} INFO - [2026-05-08T08:22:01.552+0000] {dag.py:3954} INFO - Setting next_dagrun for dynamic_etl_framework to 2026-05-08 00:00:00+00:00, run_after=2026-05-09 00:00:00+00:00
[2026-05-08T08:22:01.600+0000] {processor.py:183} INFO - Processing /opt/airflow/dags/dynamic_etl_dag.py took 1.083 seconds
[2026-05-08T08:22:32.072+0000] {processor.py:161} INFO - Started process (PID=2701) to work on /opt/airflow/dags/dynamic_etl_dag.py
[2026-05-08T08:22:32.074+0000] {processor.py:830} INFO - Processing file /opt/airflow/dags/dynamic_etl_dag.py for tasks to queue
[2026-05-08T08:22:32.075+0000] {logging_mixin.py:188} INFO - [2026-05-08T08:22:32.075+0000] {dagbag.py:545} INFO - Filling up the DagBag from /opt/airflow/dags/dynamic_etl_dag.py
[2026-05-08T08:22:32.867+0000] {processor.py:840} INFO - DAG(s) 'dynamic_etl_framework' retrieved from /opt/airflow/dags/dynamic_etl_dag.py
[2026-05-08T08:22:33.006+0000] {logging_mixin.py:188} INFO - [2026-05-08T08:22:33.004+0000] {dag.py:3096} INFO - Sync 1 DAGs
[2026-05-08T08:22:33.026+0000] {logging_mixin.py:188} INFO - [2026-05-08T08:22:33.026+0000] {dag.py:3954} INFO - Setting next_dagrun for dynamic_etl_framework to 2026-05-08 00:00:00+00:00, run_after=2026-05-09 00:00:00+00:00
[2026-05-08T08:22:33.062+0000] {processor.py:183} INFO - Processing /opt/airflow/dags/dynamic_etl_dag.py took 0.995 seconds
[2026-05-08T08:23:03.446+0000] {processor.py:161} INFO - Started process (PID=2707) to work on /opt/airflow/dags/dynamic_etl_dag.py
[2026-05-08T08:23:03.448+0000] {processor.py:830} INFO - Processing file /opt/airflow/dags/dynamic_etl_dag.py for tasks to queue
[2026-05-08T08:23:03.450+0000] {logging_mixin.py:188} INFO - [2026-05-08T08:23:03.450+0000] {dagbag.py:545} INFO - Filling up the DagBag from /opt/airflow/dags/dynamic_etl_dag.py
[2026-05-08T08:23:04.274+0000] {processor.py:840} INFO - DAG(s) 'dynamic_etl_framework' retrieved from /opt/airflow/dags/dynamic_etl_dag.py
[2026-05-08T08:23:04.422+0000] {logging_mixin.py:188} INFO - [2026-05-08T08:23:04.421+0000] {dag.py:3096} INFO - Sync 1 DAGs
[2026-05-08T08:23:04.445+0000] {logging_mixin.py:188} INFO - [2026-05-08T08:23:04.445+0000] {dag.py:3954} INFO - Setting next_dagrun for dynamic_etl_framework to 2026-05-08 00:00:00+00:00, run_after=2026-05-09 00:00:00+00:00
[2026-05-08T08:23:04.481+0000] {processor.py:183} INFO - Processing /opt/airflow/dags/dynamic_etl_dag.py took 1.040 seconds
[2026-05-08T08:23:34.849+0000] {processor.py:161} INFO - Started process (PID=2713) to work on /opt/airflow/dags/dynamic_etl_dag.py
[2026-05-08T08:23:34.851+0000] {processor.py:830} INFO - Processing file /opt/airflow/dags/dynamic_etl_dag.py for tasks to queue
[2026-05-08T08:23:34.853+0000] {logging_mixin.py:188} INFO - [2026-05-08T08:23:34.853+0000] {dagbag.py:545} INFO - Filling up the DagBag from /opt/airflow/dags/dynamic_etl_dag.py
[2026-05-08T08:23:35.573+0000] {processor.py:840} INFO - DAG(s) 'dynamic_etl_framework' retrieved from /opt/airflow/dags/dynamic_etl_dag.py
[2026-05-08T08:23:35.723+0000] {logging_mixin.py:188} INFO - [2026-05-08T08:23:35.722+0000] {dag.py:3096} INFO - Sync 1 DAGs
[2026-05-08T08:23:35.742+0000] {logging_mixin.py:188} INFO - [2026-05-08T08:23:35.742+0000] {dag.py:3954} INFO - Setting next_dagrun for dynamic_etl_framework to 2026-05-08 00:00:00+00:00, run_after=2026-05-09 00:00:00+00:00
[2026-05-08T08:23:35.777+0000] {processor.py:183} INFO - Processing /opt/airflow/dags/dynamic_etl_dag.py took 0.933 seconds
[2026-05-08T08:24:06.299+0000] {processor.py:161} INFO - Started process (PID=2719) to work on /opt/airflow/dags/dynamic_etl_dag.py
[2026-05-08T08:24:06.301+0000] {processor.py:830} INFO - Processing file /opt/airflow/dags/dynamic_etl_dag.py for tasks to queue
[2026-05-08T08:24:06.304+0000] {logging_mixin.py:188} INFO - [2026-05-08T08:24:06.303+0000] {dagbag.py:545} INFO - Filling up the DagBag from /opt/airflow/dags/dynamic_etl_dag.py
[2026-05-08T08:24:07.083+0000] {processor.py:840} INFO - DAG(s) 'dynamic_etl_framework' retrieved from /opt/airflow/dags/dynamic_etl_dag.py
[2026-05-08T08:24:07.242+0000] {logging_mixin.py:188} INFO - [2026-05-08T08:24:07.241+0000] {dag.py:3096} INFO - Sync 1 DAGs
[2026-05-08T08:24:07.267+0000] {logging_mixin.py:188} INFO - [2026-05-08T08:24:07.267+0000] {dag.py:3954} INFO - Setting next_dagrun for dynamic_etl_framework to 2026-05-08 00:00:00+00:00, run_after=2026-05-09 00:00:00+00:00
[2026-05-08T08:24:07.300+0000] {processor.py:183} INFO - Processing /opt/airflow/dags/dynamic_etl_dag.py took 1.006 seconds
[2026-05-08T08:24:37.690+0000] {processor.py:161} INFO - Started process (PID=2725) to work on /opt/airflow/dags/dynamic_etl_dag.py
[2026-05-08T08:24:37.692+0000] {processor.py:830} INFO - Processing file /opt/airflow/dags/dynamic_etl_dag.py for tasks to queue
[2026-05-08T08:24:37.694+0000] {logging_mixin.py:188} INFO - [2026-05-08T08:24:37.694+0000] {dagbag.py:545} INFO - Filling up the DagBag from /opt/airflow/dags/dynamic_etl_dag.py
[2026-05-08T08:24:38.436+0000] {processor.py:840} INFO - DAG(s) 'dynamic_etl_framework' retrieved from /opt/airflow/dags/dynamic_etl_dag.py
[2026-05-08T08:24:38.600+0000] {logging_mixin.py:188} INFO - [2026-05-08T08:24:38.600+0000] {dag.py:3096} INFO - Sync 1 DAGs
[2026-05-08T08:24:38.624+0000] {logging_mixin.py:188} INFO - [2026-05-08T08:24:38.624+0000] {dag.py:3954} INFO - Setting next_dagrun for dynamic_etl_framework to 2026-05-08 00:00:00+00:00, run_after=2026-05-09 00:00:00+00:00
[2026-05-08T08:24:38.662+0000] {processor.py:183} INFO - Processing /opt/airflow/dags/dynamic_etl_dag.py took 0.977 seconds
[2026-05-08T08:25:09.095+0000] {processor.py:161} INFO - Started process (PID=2731) to work on /opt/airflow/dags/dynamic_etl_dag.py
[2026-05-08T08:25:09.096+0000] {processor.py:830} INFO - Processing file /opt/airflow/dags/dynamic_etl_dag.py for tasks to queue
[2026-05-08T08:25:09.100+0000] {logging_mixin.py:188} INFO - [2026-05-08T08:25:09.099+0000] {dagbag.py:545} INFO - Filling up the DagBag from /opt/airflow/dags/dynamic_etl_dag.py
[2026-05-08T08:25:09.910+0000] {processor.py:840} INFO - DAG(s) 'dynamic_etl_framework' retrieved from /opt/airflow/dags/dynamic_etl_dag.py
[2026-05-08T08:25:10.172+0000] {logging_mixin.py:188} INFO - [2026-05-08T08:25:10.171+0000] {dag.py:3096} INFO - Sync 1 DAGs
[2026-05-08T08:25:10.209+0000] {logging_mixin.py:188} INFO - [2026-05-08T08:25:10.209+0000] {dag.py:3954} INFO - Setting next_dagrun for dynamic_etl_framework to 2026-05-08 00:00:00+00:00, run_after=2026-05-09 00:00:00+00:00
[2026-05-08T08:25:10.258+0000] {processor.py:183} INFO - Processing /opt/airflow/dags/dynamic_etl_dag.py took 1.170 seconds
[2026-05-08T08:25:40.534+0000] {processor.py:161} INFO - Started process (PID=2737) to work on /opt/airflow/dags/dynamic_etl_dag.py
[2026-05-08T08:25:40.535+0000] {processor.py:830} INFO - Processing file /opt/airflow/dags/dynamic_etl_dag.py for tasks to queue
[2026-05-08T08:25:40.536+0000] {logging_mixin.py:188} INFO - [2026-05-08T08:25:40.536+0000] {dagbag.py:545} INFO - Filling up the DagBag from /opt/airflow/dags/dynamic_etl_dag.py
[2026-05-08T08:25:41.293+0000] {processor.py:840} INFO - DAG(s) 'dynamic_etl_framework' retrieved from /opt/airflow/dags/dynamic_etl_dag.py
[2026-05-08T08:25:41.456+0000] {logging_mixin.py:188} INFO - [2026-05-08T08:25:41.454+0000] {dag.py:3096} INFO - Sync 1 DAGs
[2026-05-08T08:25:41.481+0000] {logging_mixin.py:188} INFO - [2026-05-08T08:25:41.481+0000] {dag.py:3954} INFO - Setting next_dagrun for dynamic_etl_framework to 2026-05-08 00:00:00+00:00, run_after=2026-05-09 00:00:00+00:00
[2026-05-08T08:25:41.520+0000] {processor.py:183} INFO - Processing /opt/airflow/dags/dynamic_etl_dag.py took 0.991 seconds
[2026-05-08T08:26:12.020+0000] {processor.py:161} INFO - Started process (PID=2743) to work on /opt/airflow/dags/dynamic_etl_dag.py
[2026-05-08T08:26:12.023+0000] {processor.py:830} INFO - Processing file /opt/airflow/dags/dynamic_etl_dag.py for tasks to queue
[2026-05-08T08:26:12.027+0000] {logging_mixin.py:188} INFO - [2026-05-08T08:26:12.027+0000] {dagbag.py:545} INFO - Filling up the DagBag from /opt/airflow/dags/dynamic_etl_dag.py
[2026-05-08T08:26:12.982+0000] {processor.py:840} INFO - DAG(s) 'dynamic_etl_framework' retrieved from /opt/airflow/dags/dynamic_etl_dag.py
[2026-05-08T08:26:13.245+0000] {logging_mixin.py:188} INFO - [2026-05-08T08:26:13.244+0000] {dag.py:3096} INFO - Sync 1 DAGs
[2026-05-08T08:26:13.268+0000] {logging_mixin.py:188} INFO - [2026-05-08T08:26:13.268+0000] {dag.py:3954} INFO - Setting next_dagrun for dynamic_etl_framework to 2026-05-08 00:00:00+00:00, run_after=2026-05-09 00:00:00+00:00
[2026-05-08T08:26:13.317+0000] {processor.py:183} INFO - Processing /opt/airflow/dags/dynamic_etl_dag.py took 1.305 seconds
[2026-05-08T08:26:43.567+0000] {processor.py:161} INFO - Started process (PID=2749) to work on /opt/airflow/dags/dynamic_etl_dag.py
[2026-05-08T08:26:43.569+0000] {processor.py:830} INFO - Processing file /opt/airflow/dags/dynamic_etl_dag.py for tasks to queue
[2026-05-08T08:26:43.571+0000] {logging_mixin.py:188} INFO - [2026-05-08T08:26:43.571+0000] {dagbag.py:545} INFO - Filling up the DagBag from /opt/airflow/dags/dynamic_etl_dag.py
[2026-05-08T08:26:44.502+0000] {processor.py:840} INFO - DAG(s) 'dynamic_etl_framework' retrieved from /opt/airflow/dags/dynamic_etl_dag.py
[2026-05-08T08:26:44.786+0000] {logging_mixin.py:188} INFO - [2026-05-08T08:26:44.785+0000] {dag.py:3096} INFO - Sync 1 DAGs
[2026-05-08T08:26:44.807+0000] {logging_mixin.py:188} INFO - [2026-05-08T08:26:44.807+0000] {dag.py:3954} INFO - Setting next_dagrun for dynamic_etl_framework to 2026-05-08 00:00:00+00:00, run_after=2026-05-09 00:00:00+00:00
[2026-05-08T08:26:44.845+0000] {processor.py:183} INFO - Processing /opt/airflow/dags/dynamic_etl_dag.py took 1.283 seconds
[2026-05-08T08:27:15.089+0000] {processor.py:161} INFO - Started process (PID=2755) to work on /opt/airflow/dags/dynamic_etl_dag.py
[2026-05-08T08:27:15.091+0000] {processor.py:830} INFO - Processing file /opt/airflow/dags/dynamic_etl_dag.py for tasks to queue
[2026-05-08T08:27:15.093+0000] {logging_mixin.py:188} INFO - [2026-05-08T08:27:15.093+0000] {dagbag.py:545} INFO - Filling up the DagBag from /opt/airflow/dags/dynamic_etl_dag.py
[2026-05-08T08:27:15.965+0000] {processor.py:840} INFO - DAG(s) 'dynamic_etl_framework' retrieved from /opt/airflow/dags/dynamic_etl_dag.py
[2026-05-08T08:27:16.206+0000] {logging_mixin.py:188} INFO - [2026-05-08T08:27:16.205+0000] {dag.py:3096} INFO - Sync 1 DAGs
[2026-05-08T08:27:16.231+0000] {logging_mixin.py:188} INFO - [2026-05-08T08:27:16.230+0000] {dag.py:3954} INFO - Setting next_dagrun for dynamic_etl_framework to 2026-05-08 00:00:00+00:00, run_after=2026-05-09 00:00:00+00:00
[2026-05-08T08:27:16.277+0000] {processor.py:183} INFO - Processing /opt/airflow/dags/dynamic_etl_dag.py took 1.193 seconds
[2026-05-08T08:27:46.677+0000] {processor.py:161} INFO - Started process (PID=2761) to work on /opt/airflow/dags/dynamic_etl_dag.py
[2026-05-08T08:27:46.678+0000] {processor.py:830} INFO - Processing file /opt/airflow/dags/dynamic_etl_dag.py for tasks to queue
[2026-05-08T08:27:46.680+0000] {logging_mixin.py:188} INFO - [2026-05-08T08:27:46.680+0000] {dagbag.py:545} INFO - Filling up the DagBag from /opt/airflow/dags/dynamic_etl_dag.py
[2026-05-08T08:27:47.384+0000] {processor.py:840} INFO - DAG(s) 'dynamic_etl_framework' retrieved from /opt/airflow/dags/dynamic_etl_dag.py
[2026-05-08T08:27:47.537+0000] {logging_mixin.py:188} INFO - [2026-05-08T08:27:47.536+0000] {dag.py:3096} INFO - Sync 1 DAGs
[2026-05-08T08:27:47.556+0000] {logging_mixin.py:188} INFO - [2026-05-08T08:27:47.556+0000] {dag.py:3954} INFO - Setting next_dagrun for dynamic_etl_framework to 2026-05-08 00:00:00+00:00, run_after=2026-05-09 00:00:00+00:00
[2026-05-08T08:27:47.591+0000] {processor.py:183} INFO - Processing /opt/airflow/dags/dynamic_etl_dag.py took 0.920 seconds
[2026-05-08T08:28:18.064+0000] {processor.py:161} INFO - Started process (PID=2767) to work on /opt/airflow/dags/dynamic_etl_dag.py
[2026-05-08T08:28:18.065+0000] {processor.py:830} INFO - Processing file /opt/airflow/dags/dynamic_etl_dag.py for tasks to queue
[2026-05-08T08:28:18.067+0000] {logging_mixin.py:188} INFO - [2026-05-08T08:28:18.067+0000] {dagbag.py:545} INFO - Filling up the DagBag from /opt/airflow/dags/dynamic_etl_dag.py
[2026-05-08T08:28:18.791+0000] {processor.py:840} INFO - DAG(s) 'dynamic_etl_framework' retrieved from /opt/airflow/dags/dynamic_etl_dag.py
[2026-05-08T08:28:18.955+0000] {logging_mixin.py:188} INFO - [2026-05-08T08:28:18.954+0000] {dag.py:3096} INFO - Sync 1 DAGs
[2026-05-08T08:28:18.982+0000] {logging_mixin.py:188} INFO - [2026-05-08T08:28:18.982+0000] {dag.py:3954} INFO - Setting next_dagrun for dynamic_etl_framework to 2026-05-08 00:00:00+00:00, run_after=2026-05-09 00:00:00+00:00
[2026-05-08T08:28:19.021+0000] {processor.py:183} INFO - Processing /opt/airflow/dags/dynamic_etl_dag.py took 0.961 seconds
[2026-05-08T08:28:49.468+0000] {processor.py:161} INFO - Started process (PID=2773) to work on /opt/airflow/dags/dynamic_etl_dag.py
[2026-05-08T08:28:49.469+0000] {processor.py:830} INFO - Processing file /opt/airflow/dags/dynamic_etl_dag.py for tasks to queue
[2026-05-08T08:28:49.471+0000] {logging_mixin.py:188} INFO - [2026-05-08T08:28:49.471+0000] {dagbag.py:545} INFO - Filling up the DagBag from /opt/airflow/dags/dynamic_etl_dag.py
[2026-05-08T08:28:50.274+0000] {processor.py:840} INFO - DAG(s) 'dynamic_etl_framework' retrieved from /opt/airflow/dags/dynamic_etl_dag.py
[2026-05-08T08:28:50.422+0000] {logging_mixin.py:188} INFO - [2026-05-08T08:28:50.422+0000] {dag.py:3096} INFO - Sync 1 DAGs
[2026-05-08T08:28:50.440+0000] {logging_mixin.py:188} INFO - [2026-05-08T08:28:50.440+0000] {dag.py:3954} INFO - Setting next_dagrun for dynamic_etl_framework to 2026-05-08 00:00:00+00:00, run_after=2026-05-09 00:00:00+00:00
[2026-05-08T08:28:50.472+0000] {processor.py:183} INFO - Processing /opt/airflow/dags/dynamic_etl_dag.py took 1.009 seconds
[2026-05-08T08:29:20.888+0000] {processor.py:161} INFO - Started process (PID=2779) to work on /opt/airflow/dags/dynamic_etl_dag.py
[2026-05-08T08:29:20.890+0000] {processor.py:830} INFO - Processing file /opt/airflow/dags/dynamic_etl_dag.py for tasks to queue
[2026-05-08T08:29:20.893+0000] {logging_mixin.py:188} INFO - [2026-05-08T08:29:20.893+0000] {dagbag.py:545} INFO - Filling up the DagBag from /opt/airflow/dags/dynamic_etl_dag.py
[2026-05-08T08:29:21.675+0000] {processor.py:840} INFO - DAG(s) 'dynamic_etl_framework' retrieved from /opt/airflow/dags/dynamic_etl_dag.py
[2026-05-08T08:29:21.851+0000] {logging_mixin.py:188} INFO - [2026-05-08T08:29:21.850+0000] {dag.py:3096} INFO - Sync 1 DAGs
[2026-05-08T08:29:21.872+0000] {logging_mixin.py:188} INFO - [2026-05-08T08:29:21.872+0000] {dag.py:3954} INFO - Setting next_dagrun for dynamic_etl_framework to 2026-05-08 00:00:00+00:00, run_after=2026-05-09 00:00:00+00:00
[2026-05-08T08:29:21.907+0000] {processor.py:183} INFO - Processing /opt/airflow/dags/dynamic_etl_dag.py took 1.025 seconds
[2026-05-08T08:29:52.409+0000] {processor.py:161} INFO - Started process (PID=2785) to work on /opt/airflow/dags/dynamic_etl_dag.py
[2026-05-08T08:29:52.410+0000] {processor.py:830} INFO - Processing file /opt/airflow/dags/dynamic_etl_dag.py for tasks to queue
[2026-05-08T08:29:52.412+0000] {logging_mixin.py:188} INFO - [2026-05-08T08:29:52.412+0000] {dagbag.py:545} INFO - Filling up the DagBag from /opt/airflow/dags/dynamic_etl_dag.py
[2026-05-08T08:29:53.102+0000] {processor.py:840} INFO - DAG(s) 'dynamic_etl_framework' retrieved from /opt/airflow/dags/dynamic_etl_dag.py
[2026-05-08T08:29:53.243+0000] {logging_mixin.py:188} INFO - [2026-05-08T08:29:53.243+0000] {dag.py:3096} INFO - Sync 1 DAGs
[2026-05-08T08:29:53.282+0000] {logging_mixin.py:188} INFO - [2026-05-08T08:29:53.282+0000] {dag.py:3954} INFO - Setting next_dagrun for dynamic_etl_framework to 2026-05-08 00:00:00+00:00, run_after=2026-05-09 00:00:00+00:00
[2026-05-08T08:29:53.365+0000] {processor.py:183} INFO - Processing /opt/airflow/dags/dynamic_etl_dag.py took 0.961 seconds
[2026-05-08T08:30:23.871+0000] {processor.py:161} INFO - Started process (PID=2791) to work on /opt/airflow/dags/dynamic_etl_dag.py
[2026-05-08T08:30:23.872+0000] {processor.py:830} INFO - Processing file /opt/airflow/dags/dynamic_etl_dag.py for tasks to queue
[2026-05-08T08:30:23.874+0000] {logging_mixin.py:188} INFO - [2026-05-08T08:30:23.874+0000] {dagbag.py:545} INFO - Filling up the DagBag from /opt/airflow/dags/dynamic_etl_dag.py
[2026-05-08T08:30:24.605+0000] {processor.py:840} INFO - DAG(s) 'dynamic_etl_framework' retrieved from /opt/airflow/dags/dynamic_etl_dag.py
[2026-05-08T08:30:24.752+0000] {logging_mixin.py:188} INFO - [2026-05-08T08:30:24.751+0000] {dag.py:3096} INFO - Sync 1 DAGs
[2026-05-08T08:30:24.772+0000] {logging_mixin.py:188} INFO - [2026-05-08T08:30:24.772+0000] {dag.py:3954} INFO - Setting next_dagrun for dynamic_etl_framework to 2026-05-08 00:00:00+00:00, run_after=2026-05-09 00:00:00+00:00
[2026-05-08T08:30:24.810+0000] {processor.py:183} INFO - Processing /opt/airflow/dags/dynamic_etl_dag.py took 0.943 seconds
[2026-05-08T08:30:55.345+0000] {processor.py:161} INFO - Started process (PID=2797) to work on /opt/airflow/dags/dynamic_etl_dag.py
[2026-05-08T08:30:55.346+0000] {processor.py:830} INFO - Processing file /opt/airflow/dags/dynamic_etl_dag.py for tasks to queue
[2026-05-08T08:30:55.348+0000] {logging_mixin.py:188} INFO - [2026-05-08T08:30:55.348+0000] {dagbag.py:545} INFO - Filling up the DagBag from /opt/airflow/dags/dynamic_etl_dag.py
[2026-05-08T08:30:56.033+0000] {processor.py:840} INFO - DAG(s) 'dynamic_etl_framework' retrieved from /opt/airflow/dags/dynamic_etl_dag.py
[2026-05-08T08:30:56.193+0000] {logging_mixin.py:188} INFO - [2026-05-08T08:30:56.193+0000] {dag.py:3096} INFO - Sync 1 DAGs
[2026-05-08T08:30:56.215+0000] {logging_mixin.py:188} INFO - [2026-05-08T08:30:56.215+0000] {dag.py:3954} INFO - Setting next_dagrun for dynamic_etl_framework to 2026-05-08 00:00:00+00:00, run_after=2026-05-09 00:00:00+00:00
[2026-05-08T08:30:56.248+0000] {processor.py:183} INFO - Processing /opt/airflow/dags/dynamic_etl_dag.py took 0.907 seconds
[2026-05-08T08:31:26.852+0000] {processor.py:161} INFO - Started process (PID=2803) to work on /opt/airflow/dags/dynamic_etl_dag.py
[2026-05-08T08:31:26.853+0000] {processor.py:830} INFO - Processing file /opt/airflow/dags/dynamic_etl_dag.py for tasks to queue
[2026-05-08T08:31:26.857+0000] {logging_mixin.py:188} INFO - [2026-05-08T08:31:26.856+0000] {dagbag.py:545} INFO - Filling up the DagBag from /opt/airflow/dags/dynamic_etl_dag.py
[2026-05-08T08:31:27.658+0000] {processor.py:840} INFO - DAG(s) 'dynamic_etl_framework' retrieved from /opt/airflow/dags/dynamic_etl_dag.py
[2026-05-08T08:31:27.818+0000] {logging_mixin.py:188} INFO - [2026-05-08T08:31:27.817+0000] {dag.py:3096} INFO - Sync 1 DAGs
[2026-05-08T08:31:27.841+0000] {logging_mixin.py:188} INFO - [2026-05-08T08:31:27.841+0000] {dag.py:3954} INFO - Setting next_dagrun for dynamic_etl_framework to 2026-05-08 00:00:00+00:00, run_after=2026-05-09 00:00:00+00:00
[2026-05-08T08:31:27.874+0000] {processor.py:183} INFO - Processing /opt/airflow/dags/dynamic_etl_dag.py took 1.028 seconds
[2026-05-08T08:31:58.260+0000] {processor.py:161} INFO - Started process (PID=2809) to work on /opt/airflow/dags/dynamic_etl_dag.py
[2026-05-08T08:31:58.261+0000] {processor.py:830} INFO - Processing file /opt/airflow/dags/dynamic_etl_dag.py for tasks to queue
[2026-05-08T08:31:58.263+0000] {logging_mixin.py:188} INFO - [2026-05-08T08:31:58.262+0000] {dagbag.py:545} INFO - Filling up the DagBag from /opt/airflow/dags/dynamic_etl_dag.py
[2026-05-08T08:31:58.957+0000] {processor.py:840} INFO - DAG(s) 'dynamic_etl_framework' retrieved from /opt/airflow/dags/dynamic_etl_dag.py
[2026-05-08T08:31:59.115+0000] {logging_mixin.py:188} INFO - [2026-05-08T08:31:59.115+0000] {dag.py:3096} INFO - Sync 1 DAGs
[2026-05-08T08:31:59.136+0000] {logging_mixin.py:188} INFO - [2026-05-08T08:31:59.136+0000] {dag.py:3954} INFO - Setting next_dagrun for dynamic_etl_framework to 2026-05-08 00:00:00+00:00, run_after=2026-05-09 00:00:00+00:00
[2026-05-08T08:31:59.172+0000] {processor.py:183} INFO - Processing /opt/airflow/dags/dynamic_etl_dag.py took 0.916 seconds
[2026-05-08T08:32:29.579+0000] {processor.py:161} INFO - Started process (PID=2815) to work on /opt/airflow/dags/dynamic_etl_dag.py
[2026-05-08T08:32:29.581+0000] {processor.py:830} INFO - Processing file /opt/airflow/dags/dynamic_etl_dag.py for tasks to queue
[2026-05-08T08:32:29.583+0000] {logging_mixin.py:188} INFO - [2026-05-08T08:32:29.583+0000] {dagbag.py:545} INFO - Filling up the DagBag from /opt/airflow/dags/dynamic_etl_dag.py
[2026-05-08T08:32:30.458+0000] {processor.py:840} INFO - DAG(s) 'dynamic_etl_framework' retrieved from /opt/airflow/dags/dynamic_etl_dag.py
[2026-05-08T08:32:30.612+0000] {logging_mixin.py:188} INFO - [2026-05-08T08:32:30.611+0000] {dag.py:3096} INFO - Sync 1 DAGs
[2026-05-08T08:32:30.634+0000] {logging_mixin.py:188} INFO - [2026-05-08T08:32:30.634+0000] {dag.py:3954} INFO - Setting next_dagrun for dynamic_etl_framework to 2026-05-08 00:00:00+00:00, run_after=2026-05-09 00:00:00+00:00
[2026-05-08T08:32:30.673+0000] {processor.py:183} INFO - Processing /opt/airflow/dags/dynamic_etl_dag.py took 1.099 seconds
[2026-05-08T08:33:01.093+0000] {processor.py:161} INFO - Started process (PID=2821) to work on /opt/airflow/dags/dynamic_etl_dag.py
[2026-05-08T08:33:01.095+0000] {processor.py:830} INFO - Processing file /opt/airflow/dags/dynamic_etl_dag.py for tasks to queue
[2026-05-08T08:33:01.098+0000] {logging_mixin.py:188} INFO - [2026-05-08T08:33:01.098+0000] {dagbag.py:545} INFO - Filling up the DagBag from /opt/airflow/dags/dynamic_etl_dag.py
[2026-05-08T08:33:01.893+0000] {processor.py:840} INFO - DAG(s) 'dynamic_etl_framework' retrieved from /opt/airflow/dags/dynamic_etl_dag.py
[2026-05-08T08:33:02.048+0000] {logging_mixin.py:188} INFO - [2026-05-08T08:33:02.047+0000] {dag.py:3096} INFO - Sync 1 DAGs
[2026-05-08T08:33:02.070+0000] {logging_mixin.py:188} INFO - [2026-05-08T08:33:02.070+0000] {dag.py:3954} INFO - Setting next_dagrun for dynamic_etl_framework to 2026-05-08 00:00:00+00:00, run_after=2026-05-09 00:00:00+00:00
[2026-05-08T08:33:02.112+0000] {processor.py:183} INFO - Processing /opt/airflow/dags/dynamic_etl_dag.py took 1.024 seconds
[2026-05-08T08:33:32.522+0000] {processor.py:161} INFO - Started process (PID=2827) to work on /opt/airflow/dags/dynamic_etl_dag.py
[2026-05-08T08:33:32.524+0000] {processor.py:830} INFO - Processing file /opt/airflow/dags/dynamic_etl_dag.py for tasks to queue
[2026-05-08T08:33:32.526+0000] {logging_mixin.py:188} INFO - [2026-05-08T08:33:32.526+0000] {dagbag.py:545} INFO - Filling up the DagBag from /opt/airflow/dags/dynamic_etl_dag.py
[2026-05-08T08:33:33.267+0000] {processor.py:840} INFO - DAG(s) 'dynamic_etl_framework' retrieved from /opt/airflow/dags/dynamic_etl_dag.py
[2026-05-08T08:33:33.445+0000] {logging_mixin.py:188} INFO - [2026-05-08T08:33:33.445+0000] {dag.py:3096} INFO - Sync 1 DAGs
[2026-05-08T08:33:33.469+0000] {logging_mixin.py:188} INFO - [2026-05-08T08:33:33.469+0000] {dag.py:3954} INFO - Setting next_dagrun for dynamic_etl_framework to 2026-05-08 00:00:00+00:00, run_after=2026-05-09 00:00:00+00:00
[2026-05-08T08:33:33.512+0000] {processor.py:183} INFO - Processing /opt/airflow/dags/dynamic_etl_dag.py took 0.995 seconds
[2026-05-08T08:34:03.872+0000] {processor.py:161} INFO - Started process (PID=2833) to work on /opt/airflow/dags/dynamic_etl_dag.py
[2026-05-08T08:34:03.873+0000] {processor.py:830} INFO - Processing file /opt/airflow/dags/dynamic_etl_dag.py for tasks to queue
[2026-05-08T08:34:03.876+0000] {logging_mixin.py:188} INFO - [2026-05-08T08:34:03.876+0000] {dagbag.py:545} INFO - Filling up the DagBag from /opt/airflow/dags/dynamic_etl_dag.py
[2026-05-08T08:34:04.607+0000] {processor.py:840} INFO - DAG(s) 'dynamic_etl_framework' retrieved from /opt/airflow/dags/dynamic_etl_dag.py
[2026-05-08T08:34:04.766+0000] {logging_mixin.py:188} INFO - [2026-05-08T08:34:04.766+0000] {dag.py:3096} INFO - Sync 1 DAGs
[2026-05-08T08:34:04.789+0000] {logging_mixin.py:188} INFO - [2026-05-08T08:34:04.789+0000] {dag.py:3954} INFO - Setting next_dagrun for dynamic_etl_framework to 2026-05-08 00:00:00+00:00, run_after=2026-05-09 00:00:00+00:00
[2026-05-08T08:34:04.824+0000] {processor.py:183} INFO - Processing /opt/airflow/dags/dynamic_etl_dag.py took 0.958 seconds
[2026-05-08T08:34:35.197+0000] {processor.py:161} INFO - Started process (PID=2839) to work on /opt/airflow/dags/dynamic_etl_dag.py
[2026-05-08T08:34:35.198+0000] {processor.py:830} INFO - Processing file /opt/airflow/dags/dynamic_etl_dag.py for tasks to queue
[2026-05-08T08:34:35.200+0000] {logging_mixin.py:188} INFO - [2026-05-08T08:34:35.200+0000] {dagbag.py:545} INFO - Filling up the DagBag from /opt/airflow/dags/dynamic_etl_dag.py
[2026-05-08T08:34:35.947+0000] {processor.py:840} INFO - DAG(s) 'dynamic_etl_framework' retrieved from /opt/airflow/dags/dynamic_etl_dag.py
[2026-05-08T08:34:36.095+0000] {logging_mixin.py:188} INFO - [2026-05-08T08:34:36.095+0000] {dag.py:3096} INFO - Sync 1 DAGs
[2026-05-08T08:34:36.116+0000] {logging_mixin.py:188} INFO - [2026-05-08T08:34:36.116+0000] {dag.py:3954} INFO - Setting next_dagrun for dynamic_etl_framework to 2026-05-08 00:00:00+00:00, run_after=2026-05-09 00:00:00+00:00
[2026-05-08T08:34:36.148+0000] {processor.py:183} INFO - Processing /opt/airflow/dags/dynamic_etl_dag.py took 0.955 seconds
[2026-05-08T08:35:06.567+0000] {processor.py:161} INFO - Started process (PID=2845) to work on /opt/airflow/dags/dynamic_etl_dag.py
[2026-05-08T08:35:06.569+0000] {processor.py:830} INFO - Processing file /opt/airflow/dags/dynamic_etl_dag.py for tasks to queue
[2026-05-08T08:35:06.572+0000] {logging_mixin.py:188} INFO - [2026-05-08T08:35:06.572+0000] {dagbag.py:545} INFO - Filling up the DagBag from /opt/airflow/dags/dynamic_etl_dag.py
[2026-05-08T08:35:07.342+0000] {processor.py:840} INFO - DAG(s) 'dynamic_etl_framework' retrieved from /opt/airflow/dags/dynamic_etl_dag.py
[2026-05-08T08:35:07.495+0000] {logging_mixin.py:188} INFO - [2026-05-08T08:35:07.495+0000] {dag.py:3096} INFO - Sync 1 DAGs
[2026-05-08T08:35:07.517+0000] {logging_mixin.py:188} INFO - [2026-05-08T08:35:07.516+0000] {dag.py:3954} INFO - Setting next_dagrun for dynamic_etl_framework to 2026-05-08 00:00:00+00:00, run_after=2026-05-09 00:00:00+00:00
[2026-05-08T08:35:07.553+0000] {processor.py:183} INFO - Processing /opt/airflow/dags/dynamic_etl_dag.py took 0.990 seconds
[2026-05-08T08:35:37.967+0000] {processor.py:161} INFO - Started process (PID=2851) to work on /opt/airflow/dags/dynamic_etl_dag.py
[2026-05-08T08:35:37.969+0000] {processor.py:830} INFO - Processing file /opt/airflow/dags/dynamic_etl_dag.py for tasks to queue
[2026-05-08T08:35:37.972+0000] {logging_mixin.py:188} INFO - [2026-05-08T08:35:37.971+0000] {dagbag.py:545} INFO - Filling up the DagBag from /opt/airflow/dags/dynamic_etl_dag.py
[2026-05-08T08:35:38.836+0000] {processor.py:840} INFO - DAG(s) 'dynamic_etl_framework' retrieved from /opt/airflow/dags/dynamic_etl_dag.py
[2026-05-08T08:35:38.991+0000] {logging_mixin.py:188} INFO - [2026-05-08T08:35:38.991+0000] {dag.py:3096} INFO - Sync 1 DAGs
[2026-05-08T08:35:39.012+0000] {logging_mixin.py:188} INFO - [2026-05-08T08:35:39.012+0000] {dag.py:3954} INFO - Setting next_dagrun for dynamic_etl_framework to 2026-05-08 00:00:00+00:00, run_after=2026-05-09 00:00:00+00:00
[2026-05-08T08:35:39.056+0000] {processor.py:183} INFO - Processing /opt/airflow/dags/dynamic_etl_dag.py took 1.093 seconds
[2026-05-08T08:36:09.403+0000] {processor.py:161} INFO - Started process (PID=2857) to work on /opt/airflow/dags/dynamic_etl_dag.py
[2026-05-08T08:36:09.405+0000] {processor.py:830} INFO - Processing file /opt/airflow/dags/dynamic_etl_dag.py for tasks to queue
[2026-05-08T08:36:09.407+0000] {logging_mixin.py:188} INFO - [2026-05-08T08:36:09.407+0000] {dagbag.py:545} INFO - Filling up the DagBag from /opt/airflow/dags/dynamic_etl_dag.py
[2026-05-08T08:36:10.231+0000] {processor.py:840} INFO - DAG(s) 'dynamic_etl_framework' retrieved from /opt/airflow/dags/dynamic_etl_dag.py
[2026-05-08T08:36:10.396+0000] {logging_mixin.py:188} INFO - [2026-05-08T08:36:10.396+0000] {dag.py:3096} INFO - Sync 1 DAGs
[2026-05-08T08:36:10.420+0000] {logging_mixin.py:188} INFO - [2026-05-08T08:36:10.420+0000] {dag.py:3954} INFO - Setting next_dagrun for dynamic_etl_framework to 2026-05-08 00:00:00+00:00, run_after=2026-05-09 00:00:00+00:00
[2026-05-08T08:36:10.469+0000] {processor.py:183} INFO - Processing /opt/airflow/dags/dynamic_etl_dag.py took 1.072 seconds
[2026-05-08T08:36:40.830+0000] {processor.py:161} INFO - Started process (PID=2863) to work on /opt/airflow/dags/dynamic_etl_dag.py
[2026-05-08T08:36:40.832+0000] {processor.py:830} INFO - Processing file /opt/airflow/dags/dynamic_etl_dag.py for tasks to queue
[2026-05-08T08:36:40.834+0000] {logging_mixin.py:188} INFO - [2026-05-08T08:36:40.834+0000] {dagbag.py:545} INFO - Filling up the DagBag from /opt/airflow/dags/dynamic_etl_dag.py
[2026-05-08T08:36:41.515+0000] {processor.py:840} INFO - DAG(s) 'dynamic_etl_framework' retrieved from /opt/airflow/dags/dynamic_etl_dag.py
[2026-05-08T08:36:41.690+0000] {logging_mixin.py:188} INFO - [2026-05-08T08:36:41.689+0000] {dag.py:3096} INFO - Sync 1 DAGs
[2026-05-08T08:36:41.712+0000] {logging_mixin.py:188} INFO - [2026-05-08T08:36:41.711+0000] {dag.py:3954} INFO - Setting next_dagrun for dynamic_etl_framework to 2026-05-08 00:00:00+00:00, run_after=2026-05-09 00:00:00+00:00
[2026-05-08T08:36:41.748+0000] {processor.py:183} INFO - Processing /opt/airflow/dags/dynamic_etl_dag.py took 0.924 seconds
[2026-05-08T08:37:12.104+0000] {processor.py:161} INFO - Started process (PID=2869) to work on /opt/airflow/dags/dynamic_etl_dag.py
[2026-05-08T08:37:12.106+0000] {processor.py:830} INFO - Processing file /opt/airflow/dags/dynamic_etl_dag.py for tasks to queue
[2026-05-08T08:37:12.110+0000] {logging_mixin.py:188} INFO - [2026-05-08T08:37:12.109+0000] {dagbag.py:545} INFO - Filling up the DagBag from /opt/airflow/dags/dynamic_etl_dag.py
[2026-05-08T08:37:12.814+0000] {processor.py:840} INFO - DAG(s) 'dynamic_etl_framework' retrieved from /opt/airflow/dags/dynamic_etl_dag.py
[2026-05-08T08:37:12.966+0000] {logging_mixin.py:188} INFO - [2026-05-08T08:37:12.965+0000] {dag.py:3096} INFO - Sync 1 DAGs
[2026-05-08T08:37:12.987+0000] {logging_mixin.py:188} INFO - [2026-05-08T08:37:12.987+0000] {dag.py:3954} INFO - Setting next_dagrun for dynamic_etl_framework to 2026-05-08 00:00:00+00:00, run_after=2026-05-09 00:00:00+00:00
[2026-05-08T08:37:13.024+0000] {processor.py:183} INFO - Processing /opt/airflow/dags/dynamic_etl_dag.py took 0.926 seconds
[2026-05-08T08:37:43.467+0000] {processor.py:161} INFO - Started process (PID=2875) to work on /opt/airflow/dags/dynamic_etl_dag.py
[2026-05-08T08:37:43.469+0000] {processor.py:830} INFO - Processing file /opt/airflow/dags/dynamic_etl_dag.py for tasks to queue
[2026-05-08T08:37:43.471+0000] {logging_mixin.py:188} INFO - [2026-05-08T08:37:43.471+0000] {dagbag.py:545} INFO - Filling up the DagBag from /opt/airflow/dags/dynamic_etl_dag.py
[2026-05-08T08:37:44.160+0000] {processor.py:840} INFO - DAG(s) 'dynamic_etl_framework' retrieved from /opt/airflow/dags/dynamic_etl_dag.py
[2026-05-08T08:37:44.300+0000] {logging_mixin.py:188} INFO - [2026-05-08T08:37:44.300+0000] {dag.py:3096} INFO - Sync 1 DAGs
[2026-05-08T08:37:44.336+0000] {logging_mixin.py:188} INFO - [2026-05-08T08:37:44.336+0000] {dag.py:3954} INFO - Setting next_dagrun for dynamic_etl_framework to 2026-05-08 00:00:00+00:00, run_after=2026-05-09 00:00:00+00:00
[2026-05-08T08:37:44.383+0000] {processor.py:183} INFO - Processing /opt/airflow/dags/dynamic_etl_dag.py took 0.922 seconds
[2026-05-08T08:38:14.816+0000] {processor.py:161} INFO - Started process (PID=2881) to work on /opt/airflow/dags/dynamic_etl_dag.py
[2026-05-08T08:38:14.817+0000] {processor.py:830} INFO - Processing file /opt/airflow/dags/dynamic_etl_dag.py for tasks to queue
[2026-05-08T08:38:14.819+0000] {logging_mixin.py:188} INFO - [2026-05-08T08:38:14.818+0000] {dagbag.py:545} INFO - Filling up the DagBag from /opt/airflow/dags/dynamic_etl_dag.py
[2026-05-08T08:38:15.588+0000] {processor.py:840} INFO - DAG(s) 'dynamic_etl_framework' retrieved from /opt/airflow/dags/dynamic_etl_dag.py
[2026-05-08T08:38:15.736+0000] {logging_mixin.py:188} INFO - [2026-05-08T08:38:15.736+0000] {dag.py:3096} INFO - Sync 1 DAGs
[2026-05-08T08:38:15.768+0000] {logging_mixin.py:188} INFO - [2026-05-08T08:38:15.767+0000] {dag.py:3954} INFO - Setting next_dagrun for dynamic_etl_framework to 2026-05-08 00:00:00+00:00, run_after=2026-05-09 00:00:00+00:00
[2026-05-08T08:38:15.802+0000] {processor.py:183} INFO - Processing /opt/airflow/dags/dynamic_etl_dag.py took 0.995 seconds
[2026-05-08T08:38:46.260+0000] {processor.py:161} INFO - Started process (PID=2887) to work on /opt/airflow/dags/dynamic_etl_dag.py
[2026-05-08T08:38:46.262+0000] {processor.py:830} INFO - Processing file /opt/airflow/dags/dynamic_etl_dag.py for tasks to queue
[2026-05-08T08:38:46.264+0000] {logging_mixin.py:188} INFO - [2026-05-08T08:38:46.264+0000] {dagbag.py:545} INFO - Filling up the DagBag from /opt/airflow/dags/dynamic_etl_dag.py
[2026-05-08T08:38:47.054+0000] {processor.py:840} INFO - DAG(s) 'dynamic_etl_framework' retrieved from /opt/airflow/dags/dynamic_etl_dag.py
[2026-05-08T08:38:47.214+0000] {logging_mixin.py:188} INFO - [2026-05-08T08:38:47.214+0000] {dag.py:3096} INFO - Sync 1 DAGs
[2026-05-08T08:38:47.235+0000] {logging_mixin.py:188} INFO - [2026-05-08T08:38:47.235+0000] {dag.py:3954} INFO - Setting next_dagrun for dynamic_etl_framework to 2026-05-08 00:00:00+00:00, run_after=2026-05-09 00:00:00+00:00
[2026-05-08T08:38:47.266+0000] {processor.py:183} INFO - Processing /opt/airflow/dags/dynamic_etl_dag.py took 1.012 seconds
[2026-05-08T08:39:17.629+0000] {processor.py:161} INFO - Started process (PID=2893) to work on /opt/airflow/dags/dynamic_etl_dag.py
[2026-05-08T08:39:17.631+0000] {processor.py:830} INFO - Processing file /opt/airflow/dags/dynamic_etl_dag.py for tasks to queue
[2026-05-08T08:39:17.634+0000] {logging_mixin.py:188} INFO - [2026-05-08T08:39:17.634+0000] {dagbag.py:545} INFO - Filling up the DagBag from /opt/airflow/dags/dynamic_etl_dag.py
[2026-05-08T08:39:18.380+0000] {processor.py:840} INFO - DAG(s) 'dynamic_etl_framework' retrieved from /opt/airflow/dags/dynamic_etl_dag.py
[2026-05-08T08:39:18.519+0000] {logging_mixin.py:188} INFO - [2026-05-08T08:39:18.519+0000] {dag.py:3096} INFO - Sync 1 DAGs
[2026-05-08T08:39:18.541+0000] {logging_mixin.py:188} INFO - [2026-05-08T08:39:18.541+0000] {dag.py:3954} INFO - Setting next_dagrun for dynamic_etl_framework to 2026-05-08 00:00:00+00:00, run_after=2026-05-09 00:00:00+00:00
[2026-05-08T08:39:18.581+0000] {processor.py:183} INFO - Processing /opt/airflow/dags/dynamic_etl_dag.py took 0.959 seconds
[2026-05-08T08:39:49.048+0000] {processor.py:161} INFO - Started process (PID=2899) to work on /opt/airflow/dags/dynamic_etl_dag.py
[2026-05-08T08:39:49.050+0000] {processor.py:830} INFO - Processing file /opt/airflow/dags/dynamic_etl_dag.py for tasks to queue
[2026-05-08T08:39:49.052+0000] {logging_mixin.py:188} INFO - [2026-05-08T08:39:49.052+0000] {dagbag.py:545} INFO - Filling up the DagBag from /opt/airflow/dags/dynamic_etl_dag.py
[2026-05-08T08:39:49.813+0000] {processor.py:840} INFO - DAG(s) 'dynamic_etl_framework' retrieved from /opt/airflow/dags/dynamic_etl_dag.py
[2026-05-08T08:39:49.966+0000] {logging_mixin.py:188} INFO - [2026-05-08T08:39:49.965+0000] {dag.py:3096} INFO - Sync 1 DAGs
[2026-05-08T08:39:49.993+0000] {logging_mixin.py:188} INFO - [2026-05-08T08:39:49.993+0000] {dag.py:3954} INFO - Setting next_dagrun for dynamic_etl_framework to 2026-05-08 00:00:00+00:00, run_after=2026-05-09 00:00:00+00:00
[2026-05-08T08:39:50.041+0000] {processor.py:183} INFO - Processing /opt/airflow/dags/dynamic_etl_dag.py took 0.999 seconds
[2026-05-08T08:40:20.422+0000] {processor.py:161} INFO - Started process (PID=2905) to work on /opt/airflow/dags/dynamic_etl_dag.py
[2026-05-08T08:40:20.424+0000] {processor.py:830} INFO - Processing file /opt/airflow/dags/dynamic_etl_dag.py for tasks to queue
[2026-05-08T08:40:20.426+0000] {logging_mixin.py:188} INFO - [2026-05-08T08:40:20.426+0000] {dagbag.py:545} INFO - Filling up the DagBag from /opt/airflow/dags/dynamic_etl_dag.py
[2026-05-08T08:40:21.241+0000] {processor.py:840} INFO - DAG(s) 'dynamic_etl_framework' retrieved from /opt/airflow/dags/dynamic_etl_dag.py
[2026-05-08T08:40:21.397+0000] {logging_mixin.py:188} INFO - [2026-05-08T08:40:21.397+0000] {dag.py:3096} INFO - Sync 1 DAGs
[2026-05-08T08:40:21.432+0000] {logging_mixin.py:188} INFO - [2026-05-08T08:40:21.432+0000] {dag.py:3954} INFO - Setting next_dagrun for dynamic_etl_framework to 2026-05-08 00:00:00+00:00, run_after=2026-05-09 00:00:00+00:00
[2026-05-08T08:40:21.479+0000] {processor.py:183} INFO - Processing /opt/airflow/dags/dynamic_etl_dag.py took 1.062 seconds
[2026-05-08T08:40:51.798+0000] {processor.py:161} INFO - Started process (PID=2911) to work on /opt/airflow/dags/dynamic_etl_dag.py
[2026-05-08T08:40:51.800+0000] {processor.py:830} INFO - Processing file /opt/airflow/dags/dynamic_etl_dag.py for tasks to queue
[2026-05-08T08:40:51.803+0000] {logging_mixin.py:188} INFO - [2026-05-08T08:40:51.803+0000] {dagbag.py:545} INFO - Filling up the DagBag from /opt/airflow/dags/dynamic_etl_dag.py
[2026-05-08T08:40:53.314+0000] {processor.py:840} INFO - DAG(s) 'dynamic_etl_framework' retrieved from /opt/airflow/dags/dynamic_etl_dag.py
[2026-05-08T08:40:53.589+0000] {logging_mixin.py:188} INFO - [2026-05-08T08:40:53.588+0000] {dag.py:3096} INFO - Sync 1 DAGs
[2026-05-08T08:40:53.644+0000] {logging_mixin.py:188} INFO - [2026-05-08T08:40:53.643+0000] {dag.py:3954} INFO - Setting next_dagrun for dynamic_etl_framework to 2026-05-08 00:00:00+00:00, run_after=2026-05-09 00:00:00+00:00
[2026-05-08T08:40:53.741+0000] {processor.py:183} INFO - Processing /opt/airflow/dags/dynamic_etl_dag.py took 1.952 seconds
[2026-05-08T08:41:23.961+0000] {processor.py:161} INFO - Started process (PID=2917) to work on /opt/airflow/dags/dynamic_etl_dag.py
[2026-05-08T08:41:23.962+0000] {processor.py:830} INFO - Processing file /opt/airflow/dags/dynamic_etl_dag.py for tasks to queue
[2026-05-08T08:41:23.965+0000] {logging_mixin.py:188} INFO - [2026-05-08T08:41:23.964+0000] {dagbag.py:545} INFO - Filling up the DagBag from /opt/airflow/dags/dynamic_etl_dag.py
[2026-05-08T08:41:24.729+0000] {processor.py:840} INFO - DAG(s) 'dynamic_etl_framework' retrieved from /opt/airflow/dags/dynamic_etl_dag.py
[2026-05-08T08:41:24.890+0000] {logging_mixin.py:188} INFO - [2026-05-08T08:41:24.889+0000] {dag.py:3096} INFO - Sync 1 DAGs
[2026-05-08T08:41:24.910+0000] {logging_mixin.py:188} INFO - [2026-05-08T08:41:24.910+0000] {dag.py:3954} INFO - Setting next_dagrun for dynamic_etl_framework to 2026-05-08 00:00:00+00:00, run_after=2026-05-09 00:00:00+00:00
[2026-05-08T08:41:24.944+0000] {processor.py:183} INFO - Processing /opt/airflow/dags/dynamic_etl_dag.py took 0.989 seconds
[2026-05-08T08:41:55.320+0000] {processor.py:161} INFO - Started process (PID=2923) to work on /opt/airflow/dags/dynamic_etl_dag.py
[2026-05-08T08:41:55.322+0000] {processor.py:830} INFO - Processing file /opt/airflow/dags/dynamic_etl_dag.py for tasks to queue
[2026-05-08T08:41:55.324+0000] {logging_mixin.py:188} INFO - [2026-05-08T08:41:55.324+0000] {dagbag.py:545} INFO - Filling up the DagBag from /opt/airflow/dags/dynamic_etl_dag.py
[2026-05-08T08:41:56.099+0000] {processor.py:840} INFO - DAG(s) 'dynamic_etl_framework' retrieved from /opt/airflow/dags/dynamic_etl_dag.py
[2026-05-08T08:41:56.261+0000] {logging_mixin.py:188} INFO - [2026-05-08T08:41:56.260+0000] {dag.py:3096} INFO - Sync 1 DAGs
[2026-05-08T08:41:56.282+0000] {logging_mixin.py:188} INFO - [2026-05-08T08:41:56.282+0000] {dag.py:3954} INFO - Setting next_dagrun for dynamic_etl_framework to 2026-05-08 00:00:00+00:00, run_after=2026-05-09 00:00:00+00:00
[2026-05-08T08:41:56.315+0000] {processor.py:183} INFO - Processing /opt/airflow/dags/dynamic_etl_dag.py took 1.000 seconds
[2026-05-08T08:42:26.729+0000] {processor.py:161} INFO - Started process (PID=2929) to work on /opt/airflow/dags/dynamic_etl_dag.py
[2026-05-08T08:42:26.731+0000] {processor.py:830} INFO - Processing file /opt/airflow/dags/dynamic_etl_dag.py for tasks to queue
[2026-05-08T08:42:26.733+0000] {logging_mixin.py:188} INFO - [2026-05-08T08:42:26.733+0000] {dagbag.py:545} INFO - Filling up the DagBag from /opt/airflow/dags/dynamic_etl_dag.py
[2026-05-08T08:42:27.505+0000] {processor.py:840} INFO - DAG(s) 'dynamic_etl_framework' retrieved from /opt/airflow/dags/dynamic_etl_dag.py
[2026-05-08T08:42:27.654+0000] {logging_mixin.py:188} INFO - [2026-05-08T08:42:27.653+0000] {dag.py:3096} INFO - Sync 1 DAGs
[2026-05-08T08:42:27.673+0000] {logging_mixin.py:188} INFO - [2026-05-08T08:42:27.673+0000] {dag.py:3954} INFO - Setting next_dagrun for dynamic_etl_framework to 2026-05-08 00:00:00+00:00, run_after=2026-05-09 00:00:00+00:00
[2026-05-08T08:42:27.705+0000] {processor.py:183} INFO - Processing /opt/airflow/dags/dynamic_etl_dag.py took 0.983 seconds
[2026-05-08T08:42:58.146+0000] {processor.py:161} INFO - Started process (PID=2935) to work on /opt/airflow/dags/dynamic_etl_dag.py
[2026-05-08T08:42:58.147+0000] {processor.py:830} INFO - Processing file /opt/airflow/dags/dynamic_etl_dag.py for tasks to queue
[2026-05-08T08:42:58.150+0000] {logging_mixin.py:188} INFO - [2026-05-08T08:42:58.149+0000] {dagbag.py:545} INFO - Filling up the DagBag from /opt/airflow/dags/dynamic_etl_dag.py
[2026-05-08T08:42:58.902+0000] {processor.py:840} INFO - DAG(s) 'dynamic_etl_framework' retrieved from /opt/airflow/dags/dynamic_etl_dag.py
[2026-05-08T08:42:59.058+0000] {logging_mixin.py:188} INFO - [2026-05-08T08:42:59.057+0000] {dag.py:3096} INFO - Sync 1 DAGs
[2026-05-08T08:42:59.077+0000] {logging_mixin.py:188} INFO - [2026-05-08T08:42:59.077+0000] {dag.py:3954} INFO - Setting next_dagrun for dynamic_etl_framework to 2026-05-08 00:00:00+00:00, run_after=2026-05-09 00:00:00+00:00
[2026-05-08T08:42:59.113+0000] {processor.py:183} INFO - Processing /opt/airflow/dags/dynamic_etl_dag.py took 0.972 seconds
[2026-05-08T08:43:29.596+0000] {processor.py:161} INFO - Started process (PID=2941) to work on /opt/airflow/dags/dynamic_etl_dag.py
[2026-05-08T08:43:29.598+0000] {processor.py:830} INFO - Processing file /opt/airflow/dags/dynamic_etl_dag.py for tasks to queue
[2026-05-08T08:43:29.602+0000] {logging_mixin.py:188} INFO - [2026-05-08T08:43:29.601+0000] {dagbag.py:545} INFO - Filling up the DagBag from /opt/airflow/dags/dynamic_etl_dag.py
[2026-05-08T08:43:30.348+0000] {processor.py:840} INFO - DAG(s) 'dynamic_etl_framework' retrieved from /opt/airflow/dags/dynamic_etl_dag.py
[2026-05-08T08:43:30.506+0000] {logging_mixin.py:188} INFO - [2026-05-08T08:43:30.506+0000] {dag.py:3096} INFO - Sync 1 DAGs
[2026-05-08T08:43:30.530+0000] {logging_mixin.py:188} INFO - [2026-05-08T08:43:30.530+0000] {dag.py:3954} INFO - Setting next_dagrun for dynamic_etl_framework to 2026-05-08 00:00:00+00:00, run_after=2026-05-09 00:00:00+00:00
[2026-05-08T08:43:30.567+0000] {processor.py:183} INFO - Processing /opt/airflow/dags/dynamic_etl_dag.py took 0.977 seconds
[2026-05-08T08:44:01.028+0000] {processor.py:161} INFO - Started process (PID=2947) to work on /opt/airflow/dags/dynamic_etl_dag.py
[2026-05-08T08:44:01.029+0000] {processor.py:830} INFO - Processing file /opt/airflow/dags/dynamic_etl_dag.py for tasks to queue
[2026-05-08T08:44:01.031+0000] {logging_mixin.py:188} INFO - [2026-05-08T08:44:01.031+0000] {dagbag.py:545} INFO - Filling up the DagBag from /opt/airflow/dags/dynamic_etl_dag.py
[2026-05-08T08:44:01.752+0000] {processor.py:840} INFO - DAG(s) 'dynamic_etl_framework' retrieved from /opt/airflow/dags/dynamic_etl_dag.py
[2026-05-08T08:44:01.905+0000] {logging_mixin.py:188} INFO - [2026-05-08T08:44:01.905+0000] {dag.py:3096} INFO - Sync 1 DAGs
[2026-05-08T08:44:01.978+0000] {logging_mixin.py:188} INFO - [2026-05-08T08:44:01.978+0000] {dag.py:3954} INFO - Setting next_dagrun for dynamic_etl_framework to 2026-05-08 00:00:00+00:00, run_after=2026-05-09 00:00:00+00:00
[2026-05-08T08:44:02.045+0000] {processor.py:183} INFO - Processing /opt/airflow/dags/dynamic_etl_dag.py took 1.022 seconds
[2026-05-08T08:44:32.565+0000] {processor.py:161} INFO - Started process (PID=2953) to work on /opt/airflow/dags/dynamic_etl_dag.py
[2026-05-08T08:44:32.566+0000] {processor.py:830} INFO - Processing file /opt/airflow/dags/dynamic_etl_dag.py for tasks to queue
[2026-05-08T08:44:32.568+0000] {logging_mixin.py:188} INFO - [2026-05-08T08:44:32.568+0000] {dagbag.py:545} INFO - Filling up the DagBag from /opt/airflow/dags/dynamic_etl_dag.py
[2026-05-08T08:44:33.278+0000] {processor.py:840} INFO - DAG(s) 'dynamic_etl_framework' retrieved from /opt/airflow/dags/dynamic_etl_dag.py
[2026-05-08T08:44:33.457+0000] {logging_mixin.py:188} INFO - [2026-05-08T08:44:33.457+0000] {dag.py:3096} INFO - Sync 1 DAGs
[2026-05-08T08:44:33.482+0000] {logging_mixin.py:188} INFO - [2026-05-08T08:44:33.482+0000] {dag.py:3954} INFO - Setting next_dagrun for dynamic_etl_framework to 2026-05-08 00:00:00+00:00, run_after=2026-05-09 00:00:00+00:00
[2026-05-08T08:44:33.523+0000] {processor.py:183} INFO - Processing /opt/airflow/dags/dynamic_etl_dag.py took 0.962 seconds
[2026-05-08T08:45:04.003+0000] {processor.py:161} INFO - Started process (PID=2959) to work on /opt/airflow/dags/dynamic_etl_dag.py
[2026-05-08T08:45:04.005+0000] {processor.py:830} INFO - Processing file /opt/airflow/dags/dynamic_etl_dag.py for tasks to queue
[2026-05-08T08:45:04.007+0000] {logging_mixin.py:188} INFO - [2026-05-08T08:45:04.007+0000] {dagbag.py:545} INFO - Filling up the DagBag from /opt/airflow/dags/dynamic_etl_dag.py
[2026-05-08T08:45:04.752+0000] {processor.py:840} INFO - DAG(s) 'dynamic_etl_framework' retrieved from /opt/airflow/dags/dynamic_etl_dag.py
[2026-05-08T08:45:04.898+0000] {logging_mixin.py:188} INFO - [2026-05-08T08:45:04.898+0000] {dag.py:3096} INFO - Sync 1 DAGs
[2026-05-08T08:45:04.918+0000] {logging_mixin.py:188} INFO - [2026-05-08T08:45:04.918+0000] {dag.py:3954} INFO - Setting next_dagrun for dynamic_etl_framework to 2026-05-08 00:00:00+00:00, run_after=2026-05-09 00:00:00+00:00
[2026-05-08T08:45:04.950+0000] {processor.py:183} INFO - Processing /opt/airflow/dags/dynamic_etl_dag.py took 0.951 seconds
[2026-05-08T08:45:35.443+0000] {processor.py:161} INFO - Started process (PID=2965) to work on /opt/airflow/dags/dynamic_etl_dag.py
[2026-05-08T08:45:35.444+0000] {processor.py:830} INFO - Processing file /opt/airflow/dags/dynamic_etl_dag.py for tasks to queue
[2026-05-08T08:45:35.446+0000] {logging_mixin.py:188} INFO - [2026-05-08T08:45:35.446+0000] {dagbag.py:545} INFO - Filling up the DagBag from /opt/airflow/dags/dynamic_etl_dag.py
[2026-05-08T08:45:36.237+0000] {processor.py:840} INFO - DAG(s) 'dynamic_etl_framework' retrieved from /opt/airflow/dags/dynamic_etl_dag.py
[2026-05-08T08:45:36.397+0000] {logging_mixin.py:188} INFO - [2026-05-08T08:45:36.396+0000] {dag.py:3096} INFO - Sync 1 DAGs
[2026-05-08T08:45:36.421+0000] {logging_mixin.py:188} INFO - [2026-05-08T08:45:36.421+0000] {dag.py:3954} INFO - Setting next_dagrun for dynamic_etl_framework to 2026-05-08 00:00:00+00:00, run_after=2026-05-09 00:00:00+00:00
[2026-05-08T08:45:36.454+0000] {processor.py:183} INFO - Processing /opt/airflow/dags/dynamic_etl_dag.py took 1.018 seconds
[2026-05-08T08:46:07.064+0000] {processor.py:161} INFO - Started process (PID=2971) to work on /opt/airflow/dags/dynamic_etl_dag.py
[2026-05-08T08:46:07.065+0000] {processor.py:830} INFO - Processing file /opt/airflow/dags/dynamic_etl_dag.py for tasks to queue
[2026-05-08T08:46:07.069+0000] {logging_mixin.py:188} INFO - [2026-05-08T08:46:07.068+0000] {dagbag.py:545} INFO - Filling up the DagBag from /opt/airflow/dags/dynamic_etl_dag.py
[2026-05-08T08:46:07.834+0000] {processor.py:840} INFO - DAG(s) 'dynamic_etl_framework' retrieved from /opt/airflow/dags/dynamic_etl_dag.py
[2026-05-08T08:46:07.997+0000] {logging_mixin.py:188} INFO - [2026-05-08T08:46:07.997+0000] {dag.py:3096} INFO - Sync 1 DAGs
[2026-05-08T08:46:08.017+0000] {logging_mixin.py:188} INFO - [2026-05-08T08:46:08.017+0000] {dag.py:3954} INFO - Setting next_dagrun for dynamic_etl_framework to 2026-05-08 00:00:00+00:00, run_after=2026-05-09 00:00:00+00:00
[2026-05-08T08:46:08.053+0000] {processor.py:183} INFO - Processing /opt/airflow/dags/dynamic_etl_dag.py took 0.995 seconds
[2026-05-08T08:46:38.638+0000] {processor.py:161} INFO - Started process (PID=2977) to work on /opt/airflow/dags/dynamic_etl_dag.py
[2026-05-08T08:46:38.640+0000] {processor.py:830} INFO - Processing file /opt/airflow/dags/dynamic_etl_dag.py for tasks to queue
[2026-05-08T08:46:38.643+0000] {logging_mixin.py:188} INFO - [2026-05-08T08:46:38.643+0000] {dagbag.py:545} INFO - Filling up the DagBag from /opt/airflow/dags/dynamic_etl_dag.py
[2026-05-08T08:46:39.430+0000] {processor.py:840} INFO - DAG(s) 'dynamic_etl_framework' retrieved from /opt/airflow/dags/dynamic_etl_dag.py
[2026-05-08T08:46:39.602+0000] {logging_mixin.py:188} INFO - [2026-05-08T08:46:39.601+0000] {dag.py:3096} INFO - Sync 1 DAGs
[2026-05-08T08:46:39.628+0000] {logging_mixin.py:188} INFO - [2026-05-08T08:46:39.627+0000] {dag.py:3954} INFO - Setting next_dagrun for dynamic_etl_framework to 2026-05-08 00:00:00+00:00, run_after=2026-05-09 00:00:00+00:00
[2026-05-08T08:46:39.671+0000] {processor.py:183} INFO - Processing /opt/airflow/dags/dynamic_etl_dag.py took 1.038 seconds
[2026-05-08T08:47:10.032+0000] {processor.py:161} INFO - Started process (PID=2983) to work on /opt/airflow/dags/dynamic_etl_dag.py
[2026-05-08T08:47:10.034+0000] {processor.py:830} INFO - Processing file /opt/airflow/dags/dynamic_etl_dag.py for tasks to queue
[2026-05-08T08:47:10.036+0000] {logging_mixin.py:188} INFO - [2026-05-08T08:47:10.035+0000] {dagbag.py:545} INFO - Filling up the DagBag from /opt/airflow/dags/dynamic_etl_dag.py
[2026-05-08T08:47:10.854+0000] {processor.py:840} INFO - DAG(s) 'dynamic_etl_framework' retrieved from /opt/airflow/dags/dynamic_etl_dag.py
[2026-05-08T08:47:11.023+0000] {logging_mixin.py:188} INFO - [2026-05-08T08:47:11.022+0000] {dag.py:3096} INFO - Sync 1 DAGs
[2026-05-08T08:47:11.046+0000] {logging_mixin.py:188} INFO - [2026-05-08T08:47:11.046+0000] {dag.py:3954} INFO - Setting next_dagrun for dynamic_etl_framework to 2026-05-08 00:00:00+00:00, run_after=2026-05-09 00:00:00+00:00
[2026-05-08T08:47:11.086+0000] {processor.py:183} INFO - Processing /opt/airflow/dags/dynamic_etl_dag.py took 1.060 seconds
[2026-05-08T08:47:41.506+0000] {processor.py:161} INFO - Started process (PID=2989) to work on /opt/airflow/dags/dynamic_etl_dag.py
[2026-05-08T08:47:41.508+0000] {processor.py:830} INFO - Processing file /opt/airflow/dags/dynamic_etl_dag.py for tasks to queue
[2026-05-08T08:47:41.509+0000] {logging_mixin.py:188} INFO - [2026-05-08T08:47:41.509+0000] {dagbag.py:545} INFO - Filling up the DagBag from /opt/airflow/dags/dynamic_etl_dag.py
[2026-05-08T08:47:42.230+0000] {processor.py:840} INFO - DAG(s) 'dynamic_etl_framework' retrieved from /opt/airflow/dags/dynamic_etl_dag.py
[2026-05-08T08:47:42.408+0000] {logging_mixin.py:188} INFO - [2026-05-08T08:47:42.407+0000] {dag.py:3096} INFO - Sync 1 DAGs
[2026-05-08T08:47:42.435+0000] {logging_mixin.py:188} INFO - [2026-05-08T08:47:42.435+0000] {dag.py:3954} INFO - Setting next_dagrun for dynamic_etl_framework to 2026-05-08 00:00:00+00:00, run_after=2026-05-09 00:00:00+00:00
[2026-05-08T08:47:42.492+0000] {processor.py:183} INFO - Processing /opt/airflow/dags/dynamic_etl_dag.py took 0.991 seconds
[2026-05-08T08:48:12.885+0000] {processor.py:161} INFO - Started process (PID=2995) to work on /opt/airflow/dags/dynamic_etl_dag.py
[2026-05-08T08:48:12.887+0000] {processor.py:830} INFO - Processing file /opt/airflow/dags/dynamic_etl_dag.py for tasks to queue
[2026-05-08T08:48:12.889+0000] {logging_mixin.py:188} INFO - [2026-05-08T08:48:12.889+0000] {dagbag.py:545} INFO - Filling up the DagBag from /opt/airflow/dags/dynamic_etl_dag.py
[2026-05-08T08:48:13.705+0000] {processor.py:840} INFO - DAG(s) 'dynamic_etl_framework' retrieved from /opt/airflow/dags/dynamic_etl_dag.py
[2026-05-08T08:48:13.874+0000] {logging_mixin.py:188} INFO - [2026-05-08T08:48:13.873+0000] {dag.py:3096} INFO - Sync 1 DAGs
[2026-05-08T08:48:13.902+0000] {logging_mixin.py:188} INFO - [2026-05-08T08:48:13.902+0000] {dag.py:3954} INFO - Setting next_dagrun for dynamic_etl_framework to 2026-05-08 00:00:00+00:00, run_after=2026-05-09 00:00:00+00:00
[2026-05-08T08:48:13.949+0000] {processor.py:183} INFO - Processing /opt/airflow/dags/dynamic_etl_dag.py took 1.069 seconds
[2026-05-08T08:48:44.310+0000] {processor.py:161} INFO - Started process (PID=3001) to work on /opt/airflow/dags/dynamic_etl_dag.py
[2026-05-08T08:48:44.311+0000] {processor.py:830} INFO - Processing file /opt/airflow/dags/dynamic_etl_dag.py for tasks to queue
[2026-05-08T08:48:44.314+0000] {logging_mixin.py:188} INFO - [2026-05-08T08:48:44.314+0000] {dagbag.py:545} INFO - Filling up the DagBag from /opt/airflow/dags/dynamic_etl_dag.py
[2026-05-08T08:48:45.004+0000] {processor.py:840} INFO - DAG(s) 'dynamic_etl_framework' retrieved from /opt/airflow/dags/dynamic_etl_dag.py
[2026-05-08T08:48:45.171+0000] {logging_mixin.py:188} INFO - [2026-05-08T08:48:45.170+0000] {dag.py:3096} INFO - Sync 1 DAGs
[2026-05-08T08:48:45.191+0000] {logging_mixin.py:188} INFO - [2026-05-08T08:48:45.191+0000] {dag.py:3954} INFO - Setting next_dagrun for dynamic_etl_framework to 2026-05-08 00:00:00+00:00, run_after=2026-05-09 00:00:00+00:00
[2026-05-08T08:48:45.219+0000] {processor.py:183} INFO - Processing /opt/airflow/dags/dynamic_etl_dag.py took 0.914 seconds
[2026-05-08T08:49:15.846+0000] {processor.py:161} INFO - Started process (PID=3007) to work on /opt/airflow/dags/dynamic_etl_dag.py
[2026-05-08T08:49:15.848+0000] {processor.py:830} INFO - Processing file /opt/airflow/dags/dynamic_etl_dag.py for tasks to queue
[2026-05-08T08:49:15.850+0000] {logging_mixin.py:188} INFO - [2026-05-08T08:49:15.850+0000] {dagbag.py:545} INFO - Filling up the DagBag from /opt/airflow/dags/dynamic_etl_dag.py
[2026-05-08T08:49:16.768+0000] {processor.py:840} INFO - DAG(s) 'dynamic_etl_framework' retrieved from /opt/airflow/dags/dynamic_etl_dag.py
[2026-05-08T08:49:16.930+0000] {logging_mixin.py:188} INFO - [2026-05-08T08:49:16.930+0000] {dag.py:3096} INFO - Sync 1 DAGs
[2026-05-08T08:49:16.953+0000] {logging_mixin.py:188} INFO - [2026-05-08T08:49:16.953+0000] {dag.py:3954} INFO - Setting next_dagrun for dynamic_etl_framework to 2026-05-08 00:00:00+00:00, run_after=2026-05-09 00:00:00+00:00
[2026-05-08T08:49:17.025+0000] {processor.py:183} INFO - Processing /opt/airflow/dags/dynamic_etl_dag.py took 1.184 seconds
[2026-05-08T08:49:47.195+0000] {processor.py:161} INFO - Started process (PID=3013) to work on /opt/airflow/dags/dynamic_etl_dag.py
[2026-05-08T08:49:47.196+0000] {processor.py:830} INFO - Processing file /opt/airflow/dags/dynamic_etl_dag.py for tasks to queue
[2026-05-08T08:49:47.199+0000] {logging_mixin.py:188} INFO - [2026-05-08T08:49:47.199+0000] {dagbag.py:545} INFO - Filling up the DagBag from /opt/airflow/dags/dynamic_etl_dag.py
[2026-05-08T08:49:48.028+0000] {processor.py:840} INFO - DAG(s) 'dynamic_etl_framework' retrieved from /opt/airflow/dags/dynamic_etl_dag.py
[2026-05-08T08:49:48.179+0000] {logging_mixin.py:188} INFO - [2026-05-08T08:49:48.179+0000] {dag.py:3096} INFO - Sync 1 DAGs
[2026-05-08T08:49:48.206+0000] {logging_mixin.py:188} INFO - [2026-05-08T08:49:48.206+0000] {dag.py:3954} INFO - Setting next_dagrun for dynamic_etl_framework to 2026-05-08 00:00:00+00:00, run_after=2026-05-09 00:00:00+00:00
[2026-05-08T08:49:48.246+0000] {processor.py:183} INFO - Processing /opt/airflow/dags/dynamic_etl_dag.py took 1.060 seconds
[2026-05-08T08:50:18.650+0000] {processor.py:161} INFO - Started process (PID=3019) to work on /opt/airflow/dags/dynamic_etl_dag.py
[2026-05-08T08:50:18.651+0000] {processor.py:830} INFO - Processing file /opt/airflow/dags/dynamic_etl_dag.py for tasks to queue
[2026-05-08T08:50:18.653+0000] {logging_mixin.py:188} INFO - [2026-05-08T08:50:18.653+0000] {dagbag.py:545} INFO - Filling up the DagBag from /opt/airflow/dags/dynamic_etl_dag.py
[2026-05-08T08:50:19.404+0000] {processor.py:840} INFO - DAG(s) 'dynamic_etl_framework' retrieved from /opt/airflow/dags/dynamic_etl_dag.py
[2026-05-08T08:50:19.564+0000] {logging_mixin.py:188} INFO - [2026-05-08T08:50:19.563+0000] {dag.py:3096} INFO - Sync 1 DAGs
[2026-05-08T08:50:19.587+0000] {logging_mixin.py:188} INFO - [2026-05-08T08:50:19.587+0000] {dag.py:3954} INFO - Setting next_dagrun for dynamic_etl_framework to 2026-05-08 00:00:00+00:00, run_after=2026-05-09 00:00:00+00:00
[2026-05-08T08:50:19.631+0000] {processor.py:183} INFO - Processing /opt/airflow/dags/dynamic_etl_dag.py took 0.986 seconds
[2026-05-08T08:50:50.022+0000] {processor.py:161} INFO - Started process (PID=3025) to work on /opt/airflow/dags/dynamic_etl_dag.py
[2026-05-08T08:50:50.024+0000] {processor.py:830} INFO - Processing file /opt/airflow/dags/dynamic_etl_dag.py for tasks to queue
[2026-05-08T08:50:50.027+0000] {logging_mixin.py:188} INFO - [2026-05-08T08:50:50.027+0000] {dagbag.py:545} INFO - Filling up the DagBag from /opt/airflow/dags/dynamic_etl_dag.py
[2026-05-08T08:50:50.739+0000] {processor.py:840} INFO - DAG(s) 'dynamic_etl_framework' retrieved from /opt/airflow/dags/dynamic_etl_dag.py
[2026-05-08T08:50:50.909+0000] {logging_mixin.py:188} INFO - [2026-05-08T08:50:50.909+0000] {dag.py:3096} INFO - Sync 1 DAGs
[2026-05-08T08:50:50.939+0000] {logging_mixin.py:188} INFO - [2026-05-08T08:50:50.938+0000] {dag.py:3954} INFO - Setting next_dagrun for dynamic_etl_framework to 2026-05-08 00:00:00+00:00, run_after=2026-05-09 00:00:00+00:00
[2026-05-08T08:50:50.984+0000] {processor.py:183} INFO - Processing /opt/airflow/dags/dynamic_etl_dag.py took 0.966 seconds
[2026-05-08T08:51:21.522+0000] {processor.py:161} INFO - Started process (PID=3031) to work on /opt/airflow/dags/dynamic_etl_dag.py
[2026-05-08T08:51:21.524+0000] {processor.py:830} INFO - Processing file /opt/airflow/dags/dynamic_etl_dag.py for tasks to queue
[2026-05-08T08:51:21.527+0000] {logging_mixin.py:188} INFO - [2026-05-08T08:51:21.526+0000] {dagbag.py:545} INFO - Filling up the DagBag from /opt/airflow/dags/dynamic_etl_dag.py
[2026-05-08T08:51:22.229+0000] {processor.py:840} INFO - DAG(s) 'dynamic_etl_framework' retrieved from /opt/airflow/dags/dynamic_etl_dag.py
[2026-05-08T08:51:22.398+0000] {logging_mixin.py:188} INFO - [2026-05-08T08:51:22.398+0000] {dag.py:3096} INFO - Sync 1 DAGs
[2026-05-08T08:51:22.418+0000] {logging_mixin.py:188} INFO - [2026-05-08T08:51:22.418+0000] {dag.py:3954} INFO - Setting next_dagrun for dynamic_etl_framework to 2026-05-08 00:00:00+00:00, run_after=2026-05-09 00:00:00+00:00
[2026-05-08T08:51:22.453+0000] {processor.py:183} INFO - Processing /opt/airflow/dags/dynamic_etl_dag.py took 0.935 seconds
[2026-05-08T08:51:52.926+0000] {processor.py:161} INFO - Started process (PID=3037) to work on /opt/airflow/dags/dynamic_etl_dag.py
[2026-05-08T08:51:52.927+0000] {processor.py:830} INFO - Processing file /opt/airflow/dags/dynamic_etl_dag.py for tasks to queue
[2026-05-08T08:51:52.929+0000] {logging_mixin.py:188} INFO - [2026-05-08T08:51:52.929+0000] {dagbag.py:545} INFO - Filling up the DagBag from /opt/airflow/dags/dynamic_etl_dag.py
[2026-05-08T08:51:53.603+0000] {processor.py:840} INFO - DAG(s) 'dynamic_etl_framework' retrieved from /opt/airflow/dags/dynamic_etl_dag.py
[2026-05-08T08:51:53.752+0000] {logging_mixin.py:188} INFO - [2026-05-08T08:51:53.751+0000] {dag.py:3096} INFO - Sync 1 DAGs
[2026-05-08T08:51:53.774+0000] {logging_mixin.py:188} INFO - [2026-05-08T08:51:53.774+0000] {dag.py:3954} INFO - Setting next_dagrun for dynamic_etl_framework to 2026-05-08 00:00:00+00:00, run_after=2026-05-09 00:00:00+00:00
[2026-05-08T08:51:53.807+0000] {processor.py:183} INFO - Processing /opt/airflow/dags/dynamic_etl_dag.py took 0.885 seconds
[2026-05-08T08:52:24.249+0000] {processor.py:161} INFO - Started process (PID=3043) to work on /opt/airflow/dags/dynamic_etl_dag.py
[2026-05-08T08:52:24.250+0000] {processor.py:830} INFO - Processing file /opt/airflow/dags/dynamic_etl_dag.py for tasks to queue
[2026-05-08T08:52:24.253+0000] {logging_mixin.py:188} INFO - [2026-05-08T08:52:24.252+0000] {dagbag.py:545} INFO - Filling up the DagBag from /opt/airflow/dags/dynamic_etl_dag.py
[2026-05-08T08:52:25.016+0000] {processor.py:840} INFO - DAG(s) 'dynamic_etl_framework' retrieved from /opt/airflow/dags/dynamic_etl_dag.py
[2026-05-08T08:52:25.169+0000] {logging_mixin.py:188} INFO - [2026-05-08T08:52:25.168+0000] {dag.py:3096} INFO - Sync 1 DAGs
[2026-05-08T08:52:25.191+0000] {logging_mixin.py:188} INFO - [2026-05-08T08:52:25.191+0000] {dag.py:3954} INFO - Setting next_dagrun for dynamic_etl_framework to 2026-05-08 00:00:00+00:00, run_after=2026-05-09 00:00:00+00:00
[2026-05-08T08:52:25.226+0000] {processor.py:183} INFO - Processing /opt/airflow/dags/dynamic_etl_dag.py took 0.982 seconds
[2026-05-08T08:52:55.763+0000] {processor.py:161} INFO - Started process (PID=3049) to work on /opt/airflow/dags/dynamic_etl_dag.py
[2026-05-08T08:52:55.764+0000] {processor.py:830} INFO - Processing file /opt/airflow/dags/dynamic_etl_dag.py for tasks to queue
[2026-05-08T08:52:55.767+0000] {logging_mixin.py:188} INFO - [2026-05-08T08:52:55.766+0000] {dagbag.py:545} INFO - Filling up the DagBag from /opt/airflow/dags/dynamic_etl_dag.py
[2026-05-08T08:52:56.490+0000] {processor.py:840} INFO - DAG(s) 'dynamic_etl_framework' retrieved from /opt/airflow/dags/dynamic_etl_dag.py
[2026-05-08T08:52:56.638+0000] {logging_mixin.py:188} INFO - [2026-05-08T08:52:56.638+0000] {dag.py:3096} INFO - Sync 1 DAGs
[2026-05-08T08:52:56.660+0000] {logging_mixin.py:188} INFO - [2026-05-08T08:52:56.659+0000] {dag.py:3954} INFO - Setting next_dagrun for dynamic_etl_framework to 2026-05-08 00:00:00+00:00, run_after=2026-05-09 00:00:00+00:00
[2026-05-08T08:52:56.697+0000] {processor.py:183} INFO - Processing /opt/airflow/dags/dynamic_etl_dag.py took 0.940 seconds
[2026-05-08T08:53:27.112+0000] {processor.py:161} INFO - Started process (PID=3055) to work on /opt/airflow/dags/dynamic_etl_dag.py
[2026-05-08T08:53:27.114+0000] {processor.py:830} INFO - Processing file /opt/airflow/dags/dynamic_etl_dag.py for tasks to queue
[2026-05-08T08:53:27.117+0000] {logging_mixin.py:188} INFO - [2026-05-08T08:53:27.117+0000] {dagbag.py:545} INFO - Filling up the DagBag from /opt/airflow/dags/dynamic_etl_dag.py
[2026-05-08T08:53:27.879+0000] {processor.py:840} INFO - DAG(s) 'dynamic_etl_framework' retrieved from /opt/airflow/dags/dynamic_etl_dag.py
[2026-05-08T08:53:28.046+0000] {logging_mixin.py:188} INFO - [2026-05-08T08:53:28.046+0000] {dag.py:3096} INFO - Sync 1 DAGs
[2026-05-08T08:53:28.069+0000] {logging_mixin.py:188} INFO - [2026-05-08T08:53:28.068+0000] {dag.py:3954} INFO - Setting next_dagrun for dynamic_etl_framework to 2026-05-08 00:00:00+00:00, run_after=2026-05-09 00:00:00+00:00
[2026-05-08T08:53:28.108+0000] {processor.py:183} INFO - Processing /opt/airflow/dags/dynamic_etl_dag.py took 1.000 seconds
[2026-05-08T08:53:58.594+0000] {processor.py:161} INFO - Started process (PID=3061) to work on /opt/airflow/dags/dynamic_etl_dag.py
[2026-05-08T08:53:58.596+0000] {processor.py:830} INFO - Processing file /opt/airflow/dags/dynamic_etl_dag.py for tasks to queue
[2026-05-08T08:53:58.599+0000] {logging_mixin.py:188} INFO - [2026-05-08T08:53:58.598+0000] {dagbag.py:545} INFO - Filling up the DagBag from /opt/airflow/dags/dynamic_etl_dag.py
[2026-05-08T08:53:59.289+0000] {processor.py:840} INFO - DAG(s) 'dynamic_etl_framework' retrieved from /opt/airflow/dags/dynamic_etl_dag.py
[2026-05-08T08:53:59.451+0000] {logging_mixin.py:188} INFO - [2026-05-08T08:53:59.451+0000] {dag.py:3096} INFO - Sync 1 DAGs
[2026-05-08T08:53:59.472+0000] {logging_mixin.py:188} INFO - [2026-05-08T08:53:59.472+0000] {dag.py:3954} INFO - Setting next_dagrun for dynamic_etl_framework to 2026-05-08 00:00:00+00:00, run_after=2026-05-09 00:00:00+00:00
[2026-05-08T08:53:59.506+0000] {processor.py:183} INFO - Processing /opt/airflow/dags/dynamic_etl_dag.py took 0.917 seconds
[2026-05-08T08:54:30.071+0000] {processor.py:161} INFO - Started process (PID=3067) to work on /opt/airflow/dags/dynamic_etl_dag.py
[2026-05-08T08:54:30.072+0000] {processor.py:830} INFO - Processing file /opt/airflow/dags/dynamic_etl_dag.py for tasks to queue
[2026-05-08T08:54:30.081+0000] {logging_mixin.py:188} INFO - [2026-05-08T08:54:30.081+0000] {dagbag.py:545} INFO - Filling up the DagBag from /opt/airflow/dags/dynamic_etl_dag.py
[2026-05-08T08:54:30.864+0000] {processor.py:840} INFO - DAG(s) 'dynamic_etl_framework' retrieved from /opt/airflow/dags/dynamic_etl_dag.py
[2026-05-08T08:54:31.001+0000] {logging_mixin.py:188} INFO - [2026-05-08T08:54:31.001+0000] {dag.py:3096} INFO - Sync 1 DAGs
[2026-05-08T08:54:31.026+0000] {logging_mixin.py:188} INFO - [2026-05-08T08:54:31.026+0000] {dag.py:3954} INFO - Setting next_dagrun for dynamic_etl_framework to 2026-05-08 00:00:00+00:00, run_after=2026-05-09 00:00:00+00:00
[2026-05-08T08:54:31.066+0000] {processor.py:183} INFO - Processing /opt/airflow/dags/dynamic_etl_dag.py took 1.000 seconds
[2026-05-08T08:55:01.515+0000] {processor.py:161} INFO - Started process (PID=3073) to work on /opt/airflow/dags/dynamic_etl_dag.py
[2026-05-08T08:55:01.516+0000] {processor.py:830} INFO - Processing file /opt/airflow/dags/dynamic_etl_dag.py for tasks to queue
[2026-05-08T08:55:01.519+0000] {logging_mixin.py:188} INFO - [2026-05-08T08:55:01.518+0000] {dagbag.py:545} INFO - Filling up the DagBag from /opt/airflow/dags/dynamic_etl_dag.py
[2026-05-08T08:55:02.272+0000] {processor.py:840} INFO - DAG(s) 'dynamic_etl_framework' retrieved from /opt/airflow/dags/dynamic_etl_dag.py
[2026-05-08T08:55:02.425+0000] {logging_mixin.py:188} INFO - [2026-05-08T08:55:02.424+0000] {dag.py:3096} INFO - Sync 1 DAGs
[2026-05-08T08:55:02.447+0000] {logging_mixin.py:188} INFO - [2026-05-08T08:55:02.447+0000] {dag.py:3954} INFO - Setting next_dagrun for dynamic_etl_framework to 2026-05-08 00:00:00+00:00, run_after=2026-05-09 00:00:00+00:00
[2026-05-08T08:55:02.487+0000] {processor.py:183} INFO - Processing /opt/airflow/dags/dynamic_etl_dag.py took 0.982 seconds
[2026-05-08T08:55:32.895+0000] {processor.py:161} INFO - Started process (PID=3079) to work on /opt/airflow/dags/dynamic_etl_dag.py
[2026-05-08T08:55:32.896+0000] {processor.py:830} INFO - Processing file /opt/airflow/dags/dynamic_etl_dag.py for tasks to queue
[2026-05-08T08:55:32.898+0000] {logging_mixin.py:188} INFO - [2026-05-08T08:55:32.898+0000] {dagbag.py:545} INFO - Filling up the DagBag from /opt/airflow/dags/dynamic_etl_dag.py
[2026-05-08T08:55:33.630+0000] {processor.py:840} INFO - DAG(s) 'dynamic_etl_framework' retrieved from /opt/airflow/dags/dynamic_etl_dag.py
[2026-05-08T08:55:33.778+0000] {logging_mixin.py:188} INFO - [2026-05-08T08:55:33.778+0000] {dag.py:3096} INFO - Sync 1 DAGs
[2026-05-08T08:55:33.801+0000] {logging_mixin.py:188} INFO - [2026-05-08T08:55:33.801+0000] {dag.py:3954} INFO - Setting next_dagrun for dynamic_etl_framework to 2026-05-08 00:00:00+00:00, run_after=2026-05-09 00:00:00+00:00
[2026-05-08T08:55:33.833+0000] {processor.py:183} INFO - Processing /opt/airflow/dags/dynamic_etl_dag.py took 0.943 seconds
[2026-05-08T08:56:04.313+0000] {processor.py:161} INFO - Started process (PID=3085) to work on /opt/airflow/dags/dynamic_etl_dag.py
[2026-05-08T08:56:04.315+0000] {processor.py:830} INFO - Processing file /opt/airflow/dags/dynamic_etl_dag.py for tasks to queue
[2026-05-08T08:56:04.318+0000] {logging_mixin.py:188} INFO - [2026-05-08T08:56:04.317+0000] {dagbag.py:545} INFO - Filling up the DagBag from /opt/airflow/dags/dynamic_etl_dag.py
[2026-05-08T08:56:05.119+0000] {processor.py:840} INFO - DAG(s) 'dynamic_etl_framework' retrieved from /opt/airflow/dags/dynamic_etl_dag.py
[2026-05-08T08:56:05.251+0000] {logging_mixin.py:188} INFO - [2026-05-08T08:56:05.250+0000] {dag.py:3096} INFO - Sync 1 DAGs
[2026-05-08T08:56:05.271+0000] {logging_mixin.py:188} INFO - [2026-05-08T08:56:05.271+0000] {dag.py:3954} INFO - Setting next_dagrun for dynamic_etl_framework to 2026-05-08 00:00:00+00:00, run_after=2026-05-09 00:00:00+00:00
[2026-05-08T08:56:05.307+0000] {processor.py:183} INFO - Processing /opt/airflow/dags/dynamic_etl_dag.py took 0.999 seconds
[2026-05-08T08:56:35.734+0000] {processor.py:161} INFO - Started process (PID=3091) to work on /opt/airflow/dags/dynamic_etl_dag.py
[2026-05-08T08:56:35.736+0000] {processor.py:830} INFO - Processing file /opt/airflow/dags/dynamic_etl_dag.py for tasks to queue
[2026-05-08T08:56:35.738+0000] {logging_mixin.py:188} INFO - [2026-05-08T08:56:35.737+0000] {dagbag.py:545} INFO - Filling up the DagBag from /opt/airflow/dags/dynamic_etl_dag.py
[2026-05-08T08:56:36.466+0000] {processor.py:840} INFO - DAG(s) 'dynamic_etl_framework' retrieved from /opt/airflow/dags/dynamic_etl_dag.py
[2026-05-08T08:56:36.626+0000] {logging_mixin.py:188} INFO - [2026-05-08T08:56:36.625+0000] {dag.py:3096} INFO - Sync 1 DAGs
[2026-05-08T08:56:36.650+0000] {logging_mixin.py:188} INFO - [2026-05-08T08:56:36.649+0000] {dag.py:3954} INFO - Setting next_dagrun for dynamic_etl_framework to 2026-05-08 00:00:00+00:00, run_after=2026-05-09 00:00:00+00:00
[2026-05-08T08:56:36.685+0000] {processor.py:183} INFO - Processing /opt/airflow/dags/dynamic_etl_dag.py took 0.955 seconds
[2026-05-08T08:57:07.202+0000] {processor.py:161} INFO - Started process (PID=3097) to work on /opt/airflow/dags/dynamic_etl_dag.py
[2026-05-08T08:57:07.203+0000] {processor.py:830} INFO - Processing file /opt/airflow/dags/dynamic_etl_dag.py for tasks to queue
[2026-05-08T08:57:07.205+0000] {logging_mixin.py:188} INFO - [2026-05-08T08:57:07.205+0000] {dagbag.py:545} INFO - Filling up the DagBag from /opt/airflow/dags/dynamic_etl_dag.py
[2026-05-08T08:57:07.853+0000] {processor.py:840} INFO - DAG(s) 'dynamic_etl_framework' retrieved from /opt/airflow/dags/dynamic_etl_dag.py
[2026-05-08T08:57:08.019+0000] {logging_mixin.py:188} INFO - [2026-05-08T08:57:08.018+0000] {dag.py:3096} INFO - Sync 1 DAGs
[2026-05-08T08:57:08.045+0000] {logging_mixin.py:188} INFO - [2026-05-08T08:57:08.045+0000] {dag.py:3954} INFO - Setting next_dagrun for dynamic_etl_framework to 2026-05-08 00:00:00+00:00, run_after=2026-05-09 00:00:00+00:00
[2026-05-08T08:57:08.085+0000] {processor.py:183} INFO - Processing /opt/airflow/dags/dynamic_etl_dag.py took 0.891 seconds
[2026-05-08T08:57:38.588+0000] {processor.py:161} INFO - Started process (PID=3103) to work on /opt/airflow/dags/dynamic_etl_dag.py
[2026-05-08T08:57:38.589+0000] {processor.py:830} INFO - Processing file /opt/airflow/dags/dynamic_etl_dag.py for tasks to queue
[2026-05-08T08:57:38.591+0000] {logging_mixin.py:188} INFO - [2026-05-08T08:57:38.591+0000] {dagbag.py:545} INFO - Filling up the DagBag from /opt/airflow/dags/dynamic_etl_dag.py
[2026-05-08T08:57:39.262+0000] {processor.py:840} INFO - DAG(s) 'dynamic_etl_framework' retrieved from /opt/airflow/dags/dynamic_etl_dag.py
[2026-05-08T08:57:39.437+0000] {logging_mixin.py:188} INFO - [2026-05-08T08:57:39.437+0000] {dag.py:3096} INFO - Sync 1 DAGs
[2026-05-08T08:57:39.457+0000] {logging_mixin.py:188} INFO - [2026-05-08T08:57:39.457+0000] {dag.py:3954} INFO - Setting next_dagrun for dynamic_etl_framework to 2026-05-08 00:00:00+00:00, run_after=2026-05-09 00:00:00+00:00
[2026-05-08T08:57:39.488+0000] {processor.py:183} INFO - Processing /opt/airflow/dags/dynamic_etl_dag.py took 0.905 seconds
[2026-05-08T08:58:09.927+0000] {processor.py:161} INFO - Started process (PID=3109) to work on /opt/airflow/dags/dynamic_etl_dag.py
[2026-05-08T08:58:09.929+0000] {processor.py:830} INFO - Processing file /opt/airflow/dags/dynamic_etl_dag.py for tasks to queue
[2026-05-08T08:58:09.933+0000] {logging_mixin.py:188} INFO - [2026-05-08T08:58:09.932+0000] {dagbag.py:545} INFO - Filling up the DagBag from /opt/airflow/dags/dynamic_etl_dag.py
[2026-05-08T08:58:10.725+0000] {processor.py:840} INFO - DAG(s) 'dynamic_etl_framework' retrieved from /opt/airflow/dags/dynamic_etl_dag.py
[2026-05-08T08:58:10.899+0000] {logging_mixin.py:188} INFO - [2026-05-08T08:58:10.898+0000] {dag.py:3096} INFO - Sync 1 DAGs
[2026-05-08T08:58:10.930+0000] {logging_mixin.py:188} INFO - [2026-05-08T08:58:10.929+0000] {dag.py:3954} INFO - Setting next_dagrun for dynamic_etl_framework to 2026-05-08 00:00:00+00:00, run_after=2026-05-09 00:00:00+00:00
[2026-05-08T08:58:10.982+0000] {processor.py:183} INFO - Processing /opt/airflow/dags/dynamic_etl_dag.py took 1.061 seconds
[2026-05-08T08:58:41.452+0000] {processor.py:161} INFO - Started process (PID=3115) to work on /opt/airflow/dags/dynamic_etl_dag.py
[2026-05-08T08:58:41.454+0000] {processor.py:830} INFO - Processing file /opt/airflow/dags/dynamic_etl_dag.py for tasks to queue
[2026-05-08T08:58:41.457+0000] {logging_mixin.py:188} INFO - [2026-05-08T08:58:41.457+0000] {dagbag.py:545} INFO - Filling up the DagBag from /opt/airflow/dags/dynamic_etl_dag.py
[2026-05-08T08:58:42.261+0000] {processor.py:840} INFO - DAG(s) 'dynamic_etl_framework' retrieved from /opt/airflow/dags/dynamic_etl_dag.py
[2026-05-08T08:58:42.427+0000] {logging_mixin.py:188} INFO - [2026-05-08T08:58:42.427+0000] {dag.py:3096} INFO - Sync 1 DAGs
[2026-05-08T08:58:42.448+0000] {logging_mixin.py:188} INFO - [2026-05-08T08:58:42.448+0000] {dag.py:3954} INFO - Setting next_dagrun for dynamic_etl_framework to 2026-05-08 00:00:00+00:00, run_after=2026-05-09 00:00:00+00:00
[2026-05-08T08:58:42.482+0000] {processor.py:183} INFO - Processing /opt/airflow/dags/dynamic_etl_dag.py took 1.035 seconds
[2026-05-08T08:59:12.870+0000] {processor.py:161} INFO - Started process (PID=3121) to work on /opt/airflow/dags/dynamic_etl_dag.py
[2026-05-08T08:59:12.871+0000] {processor.py:830} INFO - Processing file /opt/airflow/dags/dynamic_etl_dag.py for tasks to queue
[2026-05-08T08:59:12.875+0000] {logging_mixin.py:188} INFO - [2026-05-08T08:59:12.875+0000] {dagbag.py:545} INFO - Filling up the DagBag from /opt/airflow/dags/dynamic_etl_dag.py
[2026-05-08T08:59:13.696+0000] {processor.py:840} INFO - DAG(s) 'dynamic_etl_framework' retrieved from /opt/airflow/dags/dynamic_etl_dag.py
[2026-05-08T08:59:13.882+0000] {logging_mixin.py:188} INFO - [2026-05-08T08:59:13.882+0000] {dag.py:3096} INFO - Sync 1 DAGs
[2026-05-08T08:59:13.912+0000] {logging_mixin.py:188} INFO - [2026-05-08T08:59:13.911+0000] {dag.py:3954} INFO - Setting next_dagrun for dynamic_etl_framework to 2026-05-08 00:00:00+00:00, run_after=2026-05-09 00:00:00+00:00
[2026-05-08T08:59:13.956+0000] {processor.py:183} INFO - Processing /opt/airflow/dags/dynamic_etl_dag.py took 1.091 seconds
[2026-05-08T08:59:44.258+0000] {processor.py:161} INFO - Started process (PID=3127) to work on /opt/airflow/dags/dynamic_etl_dag.py
[2026-05-08T08:59:44.259+0000] {processor.py:830} INFO - Processing file /opt/airflow/dags/dynamic_etl_dag.py for tasks to queue
[2026-05-08T08:59:44.261+0000] {logging_mixin.py:188} INFO - [2026-05-08T08:59:44.261+0000] {dagbag.py:545} INFO - Filling up the DagBag from /opt/airflow/dags/dynamic_etl_dag.py
[2026-05-08T08:59:44.958+0000] {processor.py:840} INFO - DAG(s) 'dynamic_etl_framework' retrieved from /opt/airflow/dags/dynamic_etl_dag.py
[2026-05-08T08:59:45.120+0000] {logging_mixin.py:188} INFO - [2026-05-08T08:59:45.120+0000] {dag.py:3096} INFO - Sync 1 DAGs
[2026-05-08T08:59:45.140+0000] {logging_mixin.py:188} INFO - [2026-05-08T08:59:45.140+0000] {dag.py:3954} INFO - Setting next_dagrun for dynamic_etl_framework to 2026-05-08 00:00:00+00:00, run_after=2026-05-09 00:00:00+00:00
[2026-05-08T08:59:45.170+0000] {processor.py:183} INFO - Processing /opt/airflow/dags/dynamic_etl_dag.py took 0.918 seconds
[2026-05-08T09:00:15.590+0000] {processor.py:161} INFO - Started process (PID=3133) to work on /opt/airflow/dags/dynamic_etl_dag.py
[2026-05-08T09:00:15.591+0000] {processor.py:830} INFO - Processing file /opt/airflow/dags/dynamic_etl_dag.py for tasks to queue
[2026-05-08T09:00:15.593+0000] {logging_mixin.py:188} INFO - [2026-05-08T09:00:15.593+0000] {dagbag.py:545} INFO - Filling up the DagBag from /opt/airflow/dags/dynamic_etl_dag.py
[2026-05-08T09:00:16.435+0000] {processor.py:840} INFO - DAG(s) 'dynamic_etl_framework' retrieved from /opt/airflow/dags/dynamic_etl_dag.py
[2026-05-08T09:00:16.604+0000] {logging_mixin.py:188} INFO - [2026-05-08T09:00:16.603+0000] {dag.py:3096} INFO - Sync 1 DAGs
[2026-05-08T09:00:16.626+0000] {logging_mixin.py:188} INFO - [2026-05-08T09:00:16.626+0000] {dag.py:3954} INFO - Setting next_dagrun for dynamic_etl_framework to 2026-05-08 00:00:00+00:00, run_after=2026-05-09 00:00:00+00:00
[2026-05-08T09:00:16.656+0000] {processor.py:183} INFO - Processing /opt/airflow/dags/dynamic_etl_dag.py took 1.071 seconds
[2026-05-08T09:00:47.067+0000] {processor.py:161} INFO - Started process (PID=3139) to work on /opt/airflow/dags/dynamic_etl_dag.py
[2026-05-08T09:00:47.068+0000] {processor.py:830} INFO - Processing file /opt/airflow/dags/dynamic_etl_dag.py for tasks to queue
[2026-05-08T09:00:47.070+0000] {logging_mixin.py:188} INFO - [2026-05-08T09:00:47.069+0000] {dagbag.py:545} INFO - Filling up the DagBag from /opt/airflow/dags/dynamic_etl_dag.py
[2026-05-08T09:00:47.921+0000] {processor.py:840} INFO - DAG(s) 'dynamic_etl_framework' retrieved from /opt/airflow/dags/dynamic_etl_dag.py
[2026-05-08T09:00:48.079+0000] {logging_mixin.py:188} INFO - [2026-05-08T09:00:48.079+0000] {dag.py:3096} INFO - Sync 1 DAGs
[2026-05-08T09:00:48.104+0000] {logging_mixin.py:188} INFO - [2026-05-08T09:00:48.104+0000] {dag.py:3954} INFO - Setting next_dagrun for dynamic_etl_framework to 2026-05-08 00:00:00+00:00, run_after=2026-05-09 00:00:00+00:00
[2026-05-08T09:00:48.142+0000] {processor.py:183} INFO - Processing /opt/airflow/dags/dynamic_etl_dag.py took 1.080 seconds
[2026-05-08T09:01:18.646+0000] {processor.py:161} INFO - Started process (PID=3145) to work on /opt/airflow/dags/dynamic_etl_dag.py
[2026-05-08T09:01:18.647+0000] {processor.py:830} INFO - Processing file /opt/airflow/dags/dynamic_etl_dag.py for tasks to queue
[2026-05-08T09:01:18.649+0000] {logging_mixin.py:188} INFO - [2026-05-08T09:01:18.649+0000] {dagbag.py:545} INFO - Filling up the DagBag from /opt/airflow/dags/dynamic_etl_dag.py
[2026-05-08T09:01:19.328+0000] {processor.py:840} INFO - DAG(s) 'dynamic_etl_framework' retrieved from /opt/airflow/dags/dynamic_etl_dag.py
[2026-05-08T09:01:19.484+0000] {logging_mixin.py:188} INFO - [2026-05-08T09:01:19.484+0000] {dag.py:3096} INFO - Sync 1 DAGs
[2026-05-08T09:01:19.506+0000] {logging_mixin.py:188} INFO - [2026-05-08T09:01:19.506+0000] {dag.py:3954} INFO - Setting next_dagrun for dynamic_etl_framework to 2026-05-08 00:00:00+00:00, run_after=2026-05-09 00:00:00+00:00
[2026-05-08T09:01:19.543+0000] {processor.py:183} INFO - Processing /opt/airflow/dags/dynamic_etl_dag.py took 0.901 seconds
[2026-05-08T09:01:49.971+0000] {processor.py:161} INFO - Started process (PID=3151) to work on /opt/airflow/dags/dynamic_etl_dag.py
[2026-05-08T09:01:49.972+0000] {processor.py:830} INFO - Processing file /opt/airflow/dags/dynamic_etl_dag.py for tasks to queue
[2026-05-08T09:01:49.975+0000] {logging_mixin.py:188} INFO - [2026-05-08T09:01:49.974+0000] {dagbag.py:545} INFO - Filling up the DagBag from /opt/airflow/dags/dynamic_etl_dag.py
[2026-05-08T09:01:50.760+0000] {processor.py:840} INFO - DAG(s) 'dynamic_etl_framework' retrieved from /opt/airflow/dags/dynamic_etl_dag.py
[2026-05-08T09:01:50.913+0000] {logging_mixin.py:188} INFO - [2026-05-08T09:01:50.913+0000] {dag.py:3096} INFO - Sync 1 DAGs
[2026-05-08T09:01:50.952+0000] {logging_mixin.py:188} INFO - [2026-05-08T09:01:50.951+0000] {dag.py:3954} INFO - Setting next_dagrun for dynamic_etl_framework to 2026-05-08 00:00:00+00:00, run_after=2026-05-09 00:00:00+00:00
[2026-05-08T09:01:50.997+0000] {processor.py:183} INFO - Processing /opt/airflow/dags/dynamic_etl_dag.py took 1.031 seconds
[2026-05-08T09:02:21.423+0000] {processor.py:161} INFO - Started process (PID=3157) to work on /opt/airflow/dags/dynamic_etl_dag.py
[2026-05-08T09:02:21.425+0000] {processor.py:830} INFO - Processing file /opt/airflow/dags/dynamic_etl_dag.py for tasks to queue
[2026-05-08T09:02:21.428+0000] {logging_mixin.py:188} INFO - [2026-05-08T09:02:21.428+0000] {dagbag.py:545} INFO - Filling up the DagBag from /opt/airflow/dags/dynamic_etl_dag.py
[2026-05-08T09:02:22.253+0000] {processor.py:840} INFO - DAG(s) 'dynamic_etl_framework' retrieved from /opt/airflow/dags/dynamic_etl_dag.py
[2026-05-08T09:02:22.415+0000] {logging_mixin.py:188} INFO - [2026-05-08T09:02:22.415+0000] {dag.py:3096} INFO - Sync 1 DAGs
[2026-05-08T09:02:22.440+0000] {logging_mixin.py:188} INFO - [2026-05-08T09:02:22.440+0000] {dag.py:3954} INFO - Setting next_dagrun for dynamic_etl_framework to 2026-05-08 00:00:00+00:00, run_after=2026-05-09 00:00:00+00:00
[2026-05-08T09:02:22.490+0000] {processor.py:183} INFO - Processing /opt/airflow/dags/dynamic_etl_dag.py took 1.074 seconds
[2026-05-08T09:02:53.038+0000] {processor.py:161} INFO - Started process (PID=3163) to work on /opt/airflow/dags/dynamic_etl_dag.py
[2026-05-08T09:02:53.041+0000] {processor.py:830} INFO - Processing file /opt/airflow/dags/dynamic_etl_dag.py for tasks to queue
[2026-05-08T09:02:53.044+0000] {logging_mixin.py:188} INFO - [2026-05-08T09:02:53.044+0000] {dagbag.py:545} INFO - Filling up the DagBag from /opt/airflow/dags/dynamic_etl_dag.py
[2026-05-08T09:02:54.048+0000] {processor.py:840} INFO - DAG(s) 'dynamic_etl_framework' retrieved from /opt/airflow/dags/dynamic_etl_dag.py
[2026-05-08T09:02:54.209+0000] {logging_mixin.py:188} INFO - [2026-05-08T09:02:54.208+0000] {dag.py:3096} INFO - Sync 1 DAGs
[2026-05-08T09:02:54.239+0000] {logging_mixin.py:188} INFO - [2026-05-08T09:02:54.238+0000] {dag.py:3954} INFO - Setting next_dagrun for dynamic_etl_framework to 2026-05-08 00:00:00+00:00, run_after=2026-05-09 00:00:00+00:00
[2026-05-08T09:02:54.282+0000] {processor.py:183} INFO - Processing /opt/airflow/dags/dynamic_etl_dag.py took 1.251 seconds
[2026-05-08T09:03:24.382+0000] {processor.py:161} INFO - Started process (PID=3169) to work on /opt/airflow/dags/dynamic_etl_dag.py
[2026-05-08T09:03:24.384+0000] {processor.py:830} INFO - Processing file /opt/airflow/dags/dynamic_etl_dag.py for tasks to queue
[2026-05-08T09:03:24.387+0000] {logging_mixin.py:188} INFO - [2026-05-08T09:03:24.386+0000] {dagbag.py:545} INFO - Filling up the DagBag from /opt/airflow/dags/dynamic_etl_dag.py
[2026-05-08T09:03:25.517+0000] {processor.py:840} INFO - DAG(s) 'dynamic_etl_framework' retrieved from /opt/airflow/dags/dynamic_etl_dag.py
[2026-05-08T09:03:25.738+0000] {logging_mixin.py:188} INFO - [2026-05-08T09:03:25.737+0000] {dag.py:3096} INFO - Sync 1 DAGs
[2026-05-08T09:03:25.777+0000] {logging_mixin.py:188} INFO - [2026-05-08T09:03:25.776+0000] {dag.py:3954} INFO - Setting next_dagrun for dynamic_etl_framework to 2026-05-08 00:00:00+00:00, run_after=2026-05-09 00:00:00+00:00
[2026-05-08T09:03:25.844+0000] {processor.py:183} INFO - Processing /opt/airflow/dags/dynamic_etl_dag.py took 1.468 seconds
[2026-05-08T09:03:56.661+0000] {processor.py:161} INFO - Started process (PID=3175) to work on /opt/airflow/dags/dynamic_etl_dag.py
[2026-05-08T09:03:56.690+0000] {processor.py:830} INFO - Processing file /opt/airflow/dags/dynamic_etl_dag.py for tasks to queue
[2026-05-08T09:03:56.756+0000] {logging_mixin.py:188} INFO - [2026-05-08T09:03:56.748+0000] {dagbag.py:545} INFO - Filling up the DagBag from /opt/airflow/dags/dynamic_etl_dag.py
[2026-05-08T09:03:59.076+0000] {processor.py:840} INFO - DAG(s) 'dynamic_etl_framework' retrieved from /opt/airflow/dags/dynamic_etl_dag.py
[2026-05-08T09:03:59.294+0000] {logging_mixin.py:188} INFO - [2026-05-08T09:03:59.293+0000] {dag.py:3096} INFO - Sync 1 DAGs
[2026-05-08T09:03:59.335+0000] {logging_mixin.py:188} INFO - [2026-05-08T09:03:59.335+0000] {dag.py:3954} INFO - Setting next_dagrun for dynamic_etl_framework to 2026-05-08 00:00:00+00:00, run_after=2026-05-09 00:00:00+00:00
[2026-05-08T09:03:59.392+0000] {processor.py:183} INFO - Processing /opt/airflow/dags/dynamic_etl_dag.py took 2.907 seconds
[2026-05-08T09:04:29.857+0000] {processor.py:161} INFO - Started process (PID=3181) to work on /opt/airflow/dags/dynamic_etl_dag.py
[2026-05-08T09:04:29.861+0000] {processor.py:830} INFO - Processing file /opt/airflow/dags/dynamic_etl_dag.py for tasks to queue
[2026-05-08T09:04:29.865+0000] {logging_mixin.py:188} INFO - [2026-05-08T09:04:29.864+0000] {dagbag.py:545} INFO - Filling up the DagBag from /opt/airflow/dags/dynamic_etl_dag.py
[2026-05-08T09:04:30.951+0000] {processor.py:840} INFO - DAG(s) 'dynamic_etl_framework' retrieved from /opt/airflow/dags/dynamic_etl_dag.py
[2026-05-08T09:04:31.123+0000] {logging_mixin.py:188} INFO - [2026-05-08T09:04:31.123+0000] {dag.py:3096} INFO - Sync 1 DAGs
[2026-05-08T09:04:31.148+0000] {logging_mixin.py:188} INFO - [2026-05-08T09:04:31.147+0000] {dag.py:3954} INFO - Setting next_dagrun for dynamic_etl_framework to 2026-05-08 00:00:00+00:00, run_after=2026-05-09 00:00:00+00:00
[2026-05-08T09:04:31.191+0000] {processor.py:183} INFO - Processing /opt/airflow/dags/dynamic_etl_dag.py took 1.343 seconds
[2026-05-08T09:05:01.429+0000] {processor.py:161} INFO - Started process (PID=3187) to work on /opt/airflow/dags/dynamic_etl_dag.py
[2026-05-08T09:05:01.431+0000] {processor.py:830} INFO - Processing file /opt/airflow/dags/dynamic_etl_dag.py for tasks to queue
[2026-05-08T09:05:01.434+0000] {logging_mixin.py:188} INFO - [2026-05-08T09:05:01.433+0000] {dagbag.py:545} INFO - Filling up the DagBag from /opt/airflow/dags/dynamic_etl_dag.py
[2026-05-08T09:05:02.296+0000] {processor.py:840} INFO - DAG(s) 'dynamic_etl_framework' retrieved from /opt/airflow/dags/dynamic_etl_dag.py
[2026-05-08T09:05:02.492+0000] {logging_mixin.py:188} INFO - [2026-05-08T09:05:02.491+0000] {dag.py:3096} INFO - Sync 1 DAGs
[2026-05-08T09:05:02.534+0000] {logging_mixin.py:188} INFO - [2026-05-08T09:05:02.534+0000] {dag.py:3954} INFO - Setting next_dagrun for dynamic_etl_framework to 2026-05-08 00:00:00+00:00, run_after=2026-05-09 00:00:00+00:00
[2026-05-08T09:05:02.583+0000] {processor.py:183} INFO - Processing /opt/airflow/dags/dynamic_etl_dag.py took 1.164 seconds
[2026-05-08T09:05:32.989+0000] {processor.py:161} INFO - Started process (PID=3193) to work on /opt/airflow/dags/dynamic_etl_dag.py
[2026-05-08T09:05:32.990+0000] {processor.py:830} INFO - Processing file /opt/airflow/dags/dynamic_etl_dag.py for tasks to queue
[2026-05-08T09:05:32.992+0000] {logging_mixin.py:188} INFO - [2026-05-08T09:05:32.992+0000] {dagbag.py:545} INFO - Filling up the DagBag from /opt/airflow/dags/dynamic_etl_dag.py
[2026-05-08T09:05:33.795+0000] {processor.py:840} INFO - DAG(s) 'dynamic_etl_framework' retrieved from /opt/airflow/dags/dynamic_etl_dag.py
[2026-05-08T09:05:33.954+0000] {logging_mixin.py:188} INFO - [2026-05-08T09:05:33.954+0000] {dag.py:3096} INFO - Sync 1 DAGs
[2026-05-08T09:05:33.974+0000] {logging_mixin.py:188} INFO - [2026-05-08T09:05:33.974+0000] {dag.py:3954} INFO - Setting next_dagrun for dynamic_etl_framework to 2026-05-08 00:00:00+00:00, run_after=2026-05-09 00:00:00+00:00
[2026-05-08T09:05:34.011+0000] {processor.py:183} INFO - Processing /opt/airflow/dags/dynamic_etl_dag.py took 1.026 seconds
[2026-05-08T09:06:04.406+0000] {processor.py:161} INFO - Started process (PID=3199) to work on /opt/airflow/dags/dynamic_etl_dag.py
[2026-05-08T09:06:04.408+0000] {processor.py:830} INFO - Processing file /opt/airflow/dags/dynamic_etl_dag.py for tasks to queue
[2026-05-08T09:06:04.411+0000] {logging_mixin.py:188} INFO - [2026-05-08T09:06:04.410+0000] {dagbag.py:545} INFO - Filling up the DagBag from /opt/airflow/dags/dynamic_etl_dag.py
[2026-05-08T09:06:05.200+0000] {processor.py:840} INFO - DAG(s) 'dynamic_etl_framework' retrieved from /opt/airflow/dags/dynamic_etl_dag.py
[2026-05-08T09:06:05.365+0000] {logging_mixin.py:188} INFO - [2026-05-08T09:06:05.364+0000] {dag.py:3096} INFO - Sync 1 DAGs
[2026-05-08T09:06:05.392+0000] {logging_mixin.py:188} INFO - [2026-05-08T09:06:05.392+0000] {dag.py:3954} INFO - Setting next_dagrun for dynamic_etl_framework to 2026-05-08 00:00:00+00:00, run_after=2026-05-09 00:00:00+00:00
[2026-05-08T09:06:05.429+0000] {processor.py:183} INFO - Processing /opt/airflow/dags/dynamic_etl_dag.py took 1.028 seconds
[2026-05-08T09:06:35.813+0000] {processor.py:161} INFO - Started process (PID=3205) to work on /opt/airflow/dags/dynamic_etl_dag.py
[2026-05-08T09:06:35.815+0000] {processor.py:830} INFO - Processing file /opt/airflow/dags/dynamic_etl_dag.py for tasks to queue
[2026-05-08T09:06:35.818+0000] {logging_mixin.py:188} INFO - [2026-05-08T09:06:35.818+0000] {dagbag.py:545} INFO - Filling up the DagBag from /opt/airflow/dags/dynamic_etl_dag.py
[2026-05-08T09:06:36.557+0000] {processor.py:840} INFO - DAG(s) 'dynamic_etl_framework' retrieved from /opt/airflow/dags/dynamic_etl_dag.py
[2026-05-08T09:06:36.707+0000] {logging_mixin.py:188} INFO - [2026-05-08T09:06:36.707+0000] {dag.py:3096} INFO - Sync 1 DAGs
[2026-05-08T09:06:36.729+0000] {logging_mixin.py:188} INFO - [2026-05-08T09:06:36.728+0000] {dag.py:3954} INFO - Setting next_dagrun for dynamic_etl_framework to 2026-05-08 00:00:00+00:00, run_after=2026-05-09 00:00:00+00:00
[2026-05-08T09:06:36.767+0000] {processor.py:183} INFO - Processing /opt/airflow/dags/dynamic_etl_dag.py took 0.960 seconds
[2026-05-08T09:07:07.235+0000] {processor.py:161} INFO - Started process (PID=3211) to work on /opt/airflow/dags/dynamic_etl_dag.py
[2026-05-08T09:07:07.236+0000] {processor.py:830} INFO - Processing file /opt/airflow/dags/dynamic_etl_dag.py for tasks to queue
[2026-05-08T09:07:07.239+0000] {logging_mixin.py:188} INFO - [2026-05-08T09:07:07.239+0000] {dagbag.py:545} INFO - Filling up the DagBag from /opt/airflow/dags/dynamic_etl_dag.py
[2026-05-08T09:07:07.979+0000] {processor.py:840} INFO - DAG(s) 'dynamic_etl_framework' retrieved from /opt/airflow/dags/dynamic_etl_dag.py
[2026-05-08T09:07:08.141+0000] {logging_mixin.py:188} INFO - [2026-05-08T09:07:08.140+0000] {dag.py:3096} INFO - Sync 1 DAGs
[2026-05-08T09:07:08.164+0000] {logging_mixin.py:188} INFO - [2026-05-08T09:07:08.164+0000] {dag.py:3954} INFO - Setting next_dagrun for dynamic_etl_framework to 2026-05-08 00:00:00+00:00, run_after=2026-05-09 00:00:00+00:00
[2026-05-08T09:07:08.242+0000] {processor.py:183} INFO - Processing /opt/airflow/dags/dynamic_etl_dag.py took 1.015 seconds
[2026-05-08T09:07:38.668+0000] {processor.py:161} INFO - Started process (PID=3217) to work on /opt/airflow/dags/dynamic_etl_dag.py
[2026-05-08T09:07:38.670+0000] {processor.py:830} INFO - Processing file /opt/airflow/dags/dynamic_etl_dag.py for tasks to queue
[2026-05-08T09:07:38.673+0000] {logging_mixin.py:188} INFO - [2026-05-08T09:07:38.673+0000] {dagbag.py:545} INFO - Filling up the DagBag from /opt/airflow/dags/dynamic_etl_dag.py
[2026-05-08T09:07:39.465+0000] {processor.py:840} INFO - DAG(s) 'dynamic_etl_framework' retrieved from /opt/airflow/dags/dynamic_etl_dag.py
[2026-05-08T09:07:39.617+0000] {logging_mixin.py:188} INFO - [2026-05-08T09:07:39.616+0000] {dag.py:3096} INFO - Sync 1 DAGs
[2026-05-08T09:07:39.638+0000] {logging_mixin.py:188} INFO - [2026-05-08T09:07:39.638+0000] {dag.py:3954} INFO - Setting next_dagrun for dynamic_etl_framework to 2026-05-08 00:00:00+00:00, run_after=2026-05-09 00:00:00+00:00
[2026-05-08T09:07:39.672+0000] {processor.py:183} INFO - Processing /opt/airflow/dags/dynamic_etl_dag.py took 1.009 seconds
[2026-05-08T09:08:10.072+0000] {processor.py:161} INFO - Started process (PID=3223) to work on /opt/airflow/dags/dynamic_etl_dag.py
[2026-05-08T09:08:10.074+0000] {processor.py:830} INFO - Processing file /opt/airflow/dags/dynamic_etl_dag.py for tasks to queue
[2026-05-08T09:08:10.077+0000] {logging_mixin.py:188} INFO - [2026-05-08T09:08:10.076+0000] {dagbag.py:545} INFO - Filling up the DagBag from /opt/airflow/dags/dynamic_etl_dag.py
[2026-05-08T09:08:10.774+0000] {processor.py:840} INFO - DAG(s) 'dynamic_etl_framework' retrieved from /opt/airflow/dags/dynamic_etl_dag.py
[2026-05-08T09:08:10.940+0000] {logging_mixin.py:188} INFO - [2026-05-08T09:08:10.939+0000] {dag.py:3096} INFO - Sync 1 DAGs
[2026-05-08T09:08:10.961+0000] {logging_mixin.py:188} INFO - [2026-05-08T09:08:10.961+0000] {dag.py:3954} INFO - Setting next_dagrun for dynamic_etl_framework to 2026-05-08 00:00:00+00:00, run_after=2026-05-09 00:00:00+00:00
[2026-05-08T09:08:11.001+0000] {processor.py:183} INFO - Processing /opt/airflow/dags/dynamic_etl_dag.py took 0.937 seconds
[2026-05-08T09:08:41.447+0000] {processor.py:161} INFO - Started process (PID=3229) to work on /opt/airflow/dags/dynamic_etl_dag.py
[2026-05-08T09:08:41.448+0000] {processor.py:830} INFO - Processing file /opt/airflow/dags/dynamic_etl_dag.py for tasks to queue
[2026-05-08T09:08:41.452+0000] {logging_mixin.py:188} INFO - [2026-05-08T09:08:41.452+0000] {dagbag.py:545} INFO - Filling up the DagBag from /opt/airflow/dags/dynamic_etl_dag.py
[2026-05-08T09:08:42.192+0000] {processor.py:840} INFO - DAG(s) 'dynamic_etl_framework' retrieved from /opt/airflow/dags/dynamic_etl_dag.py
[2026-05-08T09:08:42.351+0000] {logging_mixin.py:188} INFO - [2026-05-08T09:08:42.351+0000] {dag.py:3096} INFO - Sync 1 DAGs
[2026-05-08T09:08:42.374+0000] {logging_mixin.py:188} INFO - [2026-05-08T09:08:42.373+0000] {dag.py:3954} INFO - Setting next_dagrun for dynamic_etl_framework to 2026-05-08 00:00:00+00:00, run_after=2026-05-09 00:00:00+00:00
[2026-05-08T09:08:42.445+0000] {processor.py:183} INFO - Processing /opt/airflow/dags/dynamic_etl_dag.py took 1.003 seconds
[2026-05-08T09:09:12.814+0000] {processor.py:161} INFO - Started process (PID=3235) to work on /opt/airflow/dags/dynamic_etl_dag.py
[2026-05-08T09:09:12.815+0000] {processor.py:830} INFO - Processing file /opt/airflow/dags/dynamic_etl_dag.py for tasks to queue
[2026-05-08T09:09:12.820+0000] {logging_mixin.py:188} INFO - [2026-05-08T09:09:12.820+0000] {dagbag.py:545} INFO - Filling up the DagBag from /opt/airflow/dags/dynamic_etl_dag.py
[2026-05-08T09:09:13.499+0000] {processor.py:840} INFO - DAG(s) 'dynamic_etl_framework' retrieved from /opt/airflow/dags/dynamic_etl_dag.py
[2026-05-08T09:09:13.658+0000] {logging_mixin.py:188} INFO - [2026-05-08T09:09:13.658+0000] {dag.py:3096} INFO - Sync 1 DAGs
[2026-05-08T09:09:13.678+0000] {logging_mixin.py:188} INFO - [2026-05-08T09:09:13.677+0000] {dag.py:3954} INFO - Setting next_dagrun for dynamic_etl_framework to 2026-05-08 00:00:00+00:00, run_after=2026-05-09 00:00:00+00:00
[2026-05-08T09:09:13.712+0000] {processor.py:183} INFO - Processing /opt/airflow/dags/dynamic_etl_dag.py took 0.903 seconds
[2026-05-08T09:09:44.251+0000] {processor.py:161} INFO - Started process (PID=3241) to work on /opt/airflow/dags/dynamic_etl_dag.py
[2026-05-08T09:09:44.253+0000] {processor.py:830} INFO - Processing file /opt/airflow/dags/dynamic_etl_dag.py for tasks to queue
[2026-05-08T09:09:44.256+0000] {logging_mixin.py:188} INFO - [2026-05-08T09:09:44.256+0000] {dagbag.py:545} INFO - Filling up the DagBag from /opt/airflow/dags/dynamic_etl_dag.py
[2026-05-08T09:09:44.989+0000] {processor.py:840} INFO - DAG(s) 'dynamic_etl_framework' retrieved from /opt/airflow/dags/dynamic_etl_dag.py
[2026-05-08T09:09:45.148+0000] {logging_mixin.py:188} INFO - [2026-05-08T09:09:45.148+0000] {dag.py:3096} INFO - Sync 1 DAGs
[2026-05-08T09:09:45.171+0000] {logging_mixin.py:188} INFO - [2026-05-08T09:09:45.171+0000] {dag.py:3954} INFO - Setting next_dagrun for dynamic_etl_framework to 2026-05-08 00:00:00+00:00, run_after=2026-05-09 00:00:00+00:00
[2026-05-08T09:09:45.214+0000] {processor.py:183} INFO - Processing /opt/airflow/dags/dynamic_etl_dag.py took 0.967 seconds
[2026-05-08T09:10:15.697+0000] {processor.py:161} INFO - Started process (PID=3247) to work on /opt/airflow/dags/dynamic_etl_dag.py
[2026-05-08T09:10:15.698+0000] {processor.py:830} INFO - Processing file /opt/airflow/dags/dynamic_etl_dag.py for tasks to queue
[2026-05-08T09:10:15.701+0000] {logging_mixin.py:188} INFO - [2026-05-08T09:10:15.700+0000] {dagbag.py:545} INFO - Filling up the DagBag from /opt/airflow/dags/dynamic_etl_dag.py
[2026-05-08T09:10:16.394+0000] {processor.py:840} INFO - DAG(s) 'dynamic_etl_framework' retrieved from /opt/airflow/dags/dynamic_etl_dag.py
[2026-05-08T09:10:16.543+0000] {logging_mixin.py:188} INFO - [2026-05-08T09:10:16.543+0000] {dag.py:3096} INFO - Sync 1 DAGs
[2026-05-08T09:10:16.563+0000] {logging_mixin.py:188} INFO - [2026-05-08T09:10:16.562+0000] {dag.py:3954} INFO - Setting next_dagrun for dynamic_etl_framework to 2026-05-08 00:00:00+00:00, run_after=2026-05-09 00:00:00+00:00
[2026-05-08T09:10:16.596+0000] {processor.py:183} INFO - Processing /opt/airflow/dags/dynamic_etl_dag.py took 0.904 seconds
[2026-05-08T09:10:47.091+0000] {processor.py:161} INFO - Started process (PID=3253) to work on /opt/airflow/dags/dynamic_etl_dag.py
[2026-05-08T09:10:47.093+0000] {processor.py:830} INFO - Processing file /opt/airflow/dags/dynamic_etl_dag.py for tasks to queue
[2026-05-08T09:10:47.096+0000] {logging_mixin.py:188} INFO - [2026-05-08T09:10:47.096+0000] {dagbag.py:545} INFO - Filling up the DagBag from /opt/airflow/dags/dynamic_etl_dag.py
[2026-05-08T09:10:47.811+0000] {processor.py:840} INFO - DAG(s) 'dynamic_etl_framework' retrieved from /opt/airflow/dags/dynamic_etl_dag.py
[2026-05-08T09:10:47.971+0000] {logging_mixin.py:188} INFO - [2026-05-08T09:10:47.970+0000] {dag.py:3096} INFO - Sync 1 DAGs
[2026-05-08T09:10:47.990+0000] {logging_mixin.py:188} INFO - [2026-05-08T09:10:47.990+0000] {dag.py:3954} INFO - Setting next_dagrun for dynamic_etl_framework to 2026-05-08 00:00:00+00:00, run_after=2026-05-09 00:00:00+00:00
[2026-05-08T09:10:48.023+0000] {processor.py:183} INFO - Processing /opt/airflow/dags/dynamic_etl_dag.py took 0.937 seconds
[2026-05-08T09:11:18.552+0000] {processor.py:161} INFO - Started process (PID=3259) to work on /opt/airflow/dags/dynamic_etl_dag.py
[2026-05-08T09:11:18.554+0000] {processor.py:830} INFO - Processing file /opt/airflow/dags/dynamic_etl_dag.py for tasks to queue
[2026-05-08T09:11:18.558+0000] {logging_mixin.py:188} INFO - [2026-05-08T09:11:18.557+0000] {dagbag.py:545} INFO - Filling up the DagBag from /opt/airflow/dags/dynamic_etl_dag.py
[2026-05-08T09:11:19.373+0000] {processor.py:840} INFO - DAG(s) 'dynamic_etl_framework' retrieved from /opt/airflow/dags/dynamic_etl_dag.py
[2026-05-08T09:11:19.533+0000] {logging_mixin.py:188} INFO - [2026-05-08T09:11:19.532+0000] {dag.py:3096} INFO - Sync 1 DAGs
[2026-05-08T09:11:19.556+0000] {logging_mixin.py:188} INFO - [2026-05-08T09:11:19.556+0000] {dag.py:3954} INFO - Setting next_dagrun for dynamic_etl_framework to 2026-05-08 00:00:00+00:00, run_after=2026-05-09 00:00:00+00:00
[2026-05-08T09:11:19.600+0000] {processor.py:183} INFO - Processing /opt/airflow/dags/dynamic_etl_dag.py took 1.057 seconds
[2026-05-08T09:11:50.033+0000] {processor.py:161} INFO - Started process (PID=3265) to work on /opt/airflow/dags/dynamic_etl_dag.py
[2026-05-08T09:11:50.035+0000] {processor.py:830} INFO - Processing file /opt/airflow/dags/dynamic_etl_dag.py for tasks to queue
[2026-05-08T09:11:50.038+0000] {logging_mixin.py:188} INFO - [2026-05-08T09:11:50.037+0000] {dagbag.py:545} INFO - Filling up the DagBag from /opt/airflow/dags/dynamic_etl_dag.py
[2026-05-08T09:11:50.944+0000] {processor.py:840} INFO - DAG(s) 'dynamic_etl_framework' retrieved from /opt/airflow/dags/dynamic_etl_dag.py
[2026-05-08T09:11:51.220+0000] {logging_mixin.py:188} INFO - [2026-05-08T09:11:51.220+0000] {dag.py:3096} INFO - Sync 1 DAGs
[2026-05-08T09:11:51.255+0000] {logging_mixin.py:188} INFO - [2026-05-08T09:11:51.255+0000] {dag.py:3954} INFO - Setting next_dagrun for dynamic_etl_framework to 2026-05-08 00:00:00+00:00, run_after=2026-05-09 00:00:00+00:00
[2026-05-08T09:11:51.307+0000] {processor.py:183} INFO - Processing /opt/airflow/dags/dynamic_etl_dag.py took 1.279 seconds
[2026-05-08T09:12:21.419+0000] {processor.py:161} INFO - Started process (PID=3271) to work on /opt/airflow/dags/dynamic_etl_dag.py
[2026-05-08T09:12:21.421+0000] {processor.py:830} INFO - Processing file /opt/airflow/dags/dynamic_etl_dag.py for tasks to queue
[2026-05-08T09:12:21.424+0000] {logging_mixin.py:188} INFO - [2026-05-08T09:12:21.423+0000] {dagbag.py:545} INFO - Filling up the DagBag from /opt/airflow/dags/dynamic_etl_dag.py
[2026-05-08T09:12:22.443+0000] {processor.py:840} INFO - DAG(s) 'dynamic_etl_framework' retrieved from /opt/airflow/dags/dynamic_etl_dag.py
[2026-05-08T09:12:22.619+0000] {logging_mixin.py:188} INFO - [2026-05-08T09:12:22.618+0000] {dag.py:3096} INFO - Sync 1 DAGs
[2026-05-08T09:12:22.648+0000] {logging_mixin.py:188} INFO - [2026-05-08T09:12:22.647+0000] {dag.py:3954} INFO - Setting next_dagrun for dynamic_etl_framework to 2026-05-08 00:00:00+00:00, run_after=2026-05-09 00:00:00+00:00
[2026-05-08T09:12:22.715+0000] {processor.py:183} INFO - Processing /opt/airflow/dags/dynamic_etl_dag.py took 1.302 seconds
[2026-05-08T09:12:53.069+0000] {processor.py:161} INFO - Started process (PID=3277) to work on /opt/airflow/dags/dynamic_etl_dag.py
[2026-05-08T09:12:53.071+0000] {processor.py:830} INFO - Processing file /opt/airflow/dags/dynamic_etl_dag.py for tasks to queue
[2026-05-08T09:12:53.074+0000] {logging_mixin.py:188} INFO - [2026-05-08T09:12:53.073+0000] {dagbag.py:545} INFO - Filling up the DagBag from /opt/airflow/dags/dynamic_etl_dag.py
[2026-05-08T09:12:53.834+0000] {processor.py:840} INFO - DAG(s) 'dynamic_etl_framework' retrieved from /opt/airflow/dags/dynamic_etl_dag.py
[2026-05-08T09:12:53.999+0000] {logging_mixin.py:188} INFO - [2026-05-08T09:12:53.999+0000] {dag.py:3096} INFO - Sync 1 DAGs
[2026-05-08T09:12:54.022+0000] {logging_mixin.py:188} INFO - [2026-05-08T09:12:54.022+0000] {dag.py:3954} INFO - Setting next_dagrun for dynamic_etl_framework to 2026-05-08 00:00:00+00:00, run_after=2026-05-09 00:00:00+00:00
[2026-05-08T09:12:54.063+0000] {processor.py:183} INFO - Processing /opt/airflow/dags/dynamic_etl_dag.py took 1.000 seconds
[2026-05-08T09:13:24.505+0000] {processor.py:161} INFO - Started process (PID=3283) to work on /opt/airflow/dags/dynamic_etl_dag.py
[2026-05-08T09:13:24.506+0000] {processor.py:830} INFO - Processing file /opt/airflow/dags/dynamic_etl_dag.py for tasks to queue
[2026-05-08T09:13:24.509+0000] {logging_mixin.py:188} INFO - [2026-05-08T09:13:24.508+0000] {dagbag.py:545} INFO - Filling up the DagBag from /opt/airflow/dags/dynamic_etl_dag.py
[2026-05-08T09:13:25.266+0000] {processor.py:840} INFO - DAG(s) 'dynamic_etl_framework' retrieved from /opt/airflow/dags/dynamic_etl_dag.py
[2026-05-08T09:13:25.418+0000] {logging_mixin.py:188} INFO - [2026-05-08T09:13:25.417+0000] {dag.py:3096} INFO - Sync 1 DAGs
[2026-05-08T09:13:25.439+0000] {logging_mixin.py:188} INFO - [2026-05-08T09:13:25.439+0000] {dag.py:3954} INFO - Setting next_dagrun for dynamic_etl_framework to 2026-05-08 00:00:00+00:00, run_after=2026-05-09 00:00:00+00:00
[2026-05-08T09:13:25.475+0000] {processor.py:183} INFO - Processing /opt/airflow/dags/dynamic_etl_dag.py took 0.976 seconds
[2026-05-08T09:13:55.879+0000] {processor.py:161} INFO - Started process (PID=3289) to work on /opt/airflow/dags/dynamic_etl_dag.py
[2026-05-08T09:13:55.881+0000] {processor.py:830} INFO - Processing file /opt/airflow/dags/dynamic_etl_dag.py for tasks to queue
[2026-05-08T09:13:55.883+0000] {logging_mixin.py:188} INFO - [2026-05-08T09:13:55.882+0000] {dagbag.py:545} INFO - Filling up the DagBag from /opt/airflow/dags/dynamic_etl_dag.py
[2026-05-08T09:13:56.638+0000] {processor.py:840} INFO - DAG(s) 'dynamic_etl_framework' retrieved from /opt/airflow/dags/dynamic_etl_dag.py
[2026-05-08T09:13:56.789+0000] {logging_mixin.py:188} INFO - [2026-05-08T09:13:56.789+0000] {dag.py:3096} INFO - Sync 1 DAGs
[2026-05-08T09:13:56.811+0000] {logging_mixin.py:188} INFO - [2026-05-08T09:13:56.811+0000] {dag.py:3954} INFO - Setting next_dagrun for dynamic_etl_framework to 2026-05-08 00:00:00+00:00, run_after=2026-05-09 00:00:00+00:00
[2026-05-08T09:13:56.844+0000] {processor.py:183} INFO - Processing /opt/airflow/dags/dynamic_etl_dag.py took 0.970 seconds
[2026-05-08T09:14:27.350+0000] {processor.py:161} INFO - Started process (PID=3295) to work on /opt/airflow/dags/dynamic_etl_dag.py
[2026-05-08T09:14:27.352+0000] {processor.py:830} INFO - Processing file /opt/airflow/dags/dynamic_etl_dag.py for tasks to queue
[2026-05-08T09:14:27.355+0000] {logging_mixin.py:188} INFO - [2026-05-08T09:14:27.354+0000] {dagbag.py:545} INFO - Filling up the DagBag from /opt/airflow/dags/dynamic_etl_dag.py
[2026-05-08T09:14:28.037+0000] {processor.py:840} INFO - DAG(s) 'dynamic_etl_framework' retrieved from /opt/airflow/dags/dynamic_etl_dag.py
[2026-05-08T09:14:28.199+0000] {logging_mixin.py:188} INFO - [2026-05-08T09:14:28.198+0000] {dag.py:3096} INFO - Sync 1 DAGs
[2026-05-08T09:14:28.219+0000] {logging_mixin.py:188} INFO - [2026-05-08T09:14:28.219+0000] {dag.py:3954} INFO - Setting next_dagrun for dynamic_etl_framework to 2026-05-08 00:00:00+00:00, run_after=2026-05-09 00:00:00+00:00
[2026-05-08T09:14:28.287+0000] {processor.py:183} INFO - Processing /opt/airflow/dags/dynamic_etl_dag.py took 0.941 seconds
[2026-05-08T09:14:58.804+0000] {processor.py:161} INFO - Started process (PID=3301) to work on /opt/airflow/dags/dynamic_etl_dag.py
[2026-05-08T09:14:58.805+0000] {processor.py:830} INFO - Processing file /opt/airflow/dags/dynamic_etl_dag.py for tasks to queue
[2026-05-08T09:14:58.808+0000] {logging_mixin.py:188} INFO - [2026-05-08T09:14:58.807+0000] {dagbag.py:545} INFO - Filling up the DagBag from /opt/airflow/dags/dynamic_etl_dag.py
[2026-05-08T09:14:59.477+0000] {processor.py:840} INFO - DAG(s) 'dynamic_etl_framework' retrieved from /opt/airflow/dags/dynamic_etl_dag.py
[2026-05-08T09:14:59.628+0000] {logging_mixin.py:188} INFO - [2026-05-08T09:14:59.627+0000] {dag.py:3096} INFO - Sync 1 DAGs
[2026-05-08T09:14:59.647+0000] {logging_mixin.py:188} INFO - [2026-05-08T09:14:59.647+0000] {dag.py:3954} INFO - Setting next_dagrun for dynamic_etl_framework to 2026-05-08 00:00:00+00:00, run_after=2026-05-09 00:00:00+00:00
[2026-05-08T09:14:59.682+0000] {processor.py:183} INFO - Processing /opt/airflow/dags/dynamic_etl_dag.py took 0.882 seconds
[2026-05-08T09:15:30.126+0000] {processor.py:161} INFO - Started process (PID=3307) to work on /opt/airflow/dags/dynamic_etl_dag.py
[2026-05-08T09:15:30.127+0000] {processor.py:830} INFO - Processing file /opt/airflow/dags/dynamic_etl_dag.py for tasks to queue
[2026-05-08T09:15:30.130+0000] {logging_mixin.py:188} INFO - [2026-05-08T09:15:30.129+0000] {dagbag.py:545} INFO - Filling up the DagBag from /opt/airflow/dags/dynamic_etl_dag.py
[2026-05-08T09:15:30.830+0000] {processor.py:840} INFO - DAG(s) 'dynamic_etl_framework' retrieved from /opt/airflow/dags/dynamic_etl_dag.py
[2026-05-08T09:15:30.993+0000] {logging_mixin.py:188} INFO - [2026-05-08T09:15:30.993+0000] {dag.py:3096} INFO - Sync 1 DAGs
[2026-05-08T09:15:31.017+0000] {logging_mixin.py:188} INFO - [2026-05-08T09:15:31.017+0000] {dag.py:3954} INFO - Setting next_dagrun for dynamic_etl_framework to 2026-05-08 00:00:00+00:00, run_after=2026-05-09 00:00:00+00:00
[2026-05-08T09:15:31.054+0000] {processor.py:183} INFO - Processing /opt/airflow/dags/dynamic_etl_dag.py took 0.934 seconds
[2026-05-08T09:16:01.614+0000] {processor.py:161} INFO - Started process (PID=3313) to work on /opt/airflow/dags/dynamic_etl_dag.py
[2026-05-08T09:16:01.615+0000] {processor.py:830} INFO - Processing file /opt/airflow/dags/dynamic_etl_dag.py for tasks to queue
[2026-05-08T09:16:01.618+0000] {logging_mixin.py:188} INFO - [2026-05-08T09:16:01.617+0000] {dagbag.py:545} INFO - Filling up the DagBag from /opt/airflow/dags/dynamic_etl_dag.py
[2026-05-08T09:16:02.331+0000] {processor.py:840} INFO - DAG(s) 'dynamic_etl_framework' retrieved from /opt/airflow/dags/dynamic_etl_dag.py
[2026-05-08T09:16:02.483+0000] {logging_mixin.py:188} INFO - [2026-05-08T09:16:02.482+0000] {dag.py:3096} INFO - Sync 1 DAGs
[2026-05-08T09:16:02.502+0000] {logging_mixin.py:188} INFO - [2026-05-08T09:16:02.502+0000] {dag.py:3954} INFO - Setting next_dagrun for dynamic_etl_framework to 2026-05-08 00:00:00+00:00, run_after=2026-05-09 00:00:00+00:00
[2026-05-08T09:16:02.535+0000] {processor.py:183} INFO - Processing /opt/airflow/dags/dynamic_etl_dag.py took 0.926 seconds
[2026-05-08T09:16:33.143+0000] {processor.py:161} INFO - Started process (PID=3319) to work on /opt/airflow/dags/dynamic_etl_dag.py
[2026-05-08T09:16:33.145+0000] {processor.py:830} INFO - Processing file /opt/airflow/dags/dynamic_etl_dag.py for tasks to queue
[2026-05-08T09:16:33.147+0000] {logging_mixin.py:188} INFO - [2026-05-08T09:16:33.146+0000] {dagbag.py:545} INFO - Filling up the DagBag from /opt/airflow/dags/dynamic_etl_dag.py
[2026-05-08T09:16:33.870+0000] {processor.py:840} INFO - DAG(s) 'dynamic_etl_framework' retrieved from /opt/airflow/dags/dynamic_etl_dag.py
[2026-05-08T09:16:34.021+0000] {logging_mixin.py:188} INFO - [2026-05-08T09:16:34.021+0000] {dag.py:3096} INFO - Sync 1 DAGs
[2026-05-08T09:16:34.039+0000] {logging_mixin.py:188} INFO - [2026-05-08T09:16:34.039+0000] {dag.py:3954} INFO - Setting next_dagrun for dynamic_etl_framework to 2026-05-08 00:00:00+00:00, run_after=2026-05-09 00:00:00+00:00
[2026-05-08T09:16:34.074+0000] {processor.py:183} INFO - Processing /opt/airflow/dags/dynamic_etl_dag.py took 0.935 seconds
[2026-05-08T09:17:04.491+0000] {processor.py:161} INFO - Started process (PID=3325) to work on /opt/airflow/dags/dynamic_etl_dag.py
[2026-05-08T09:17:04.492+0000] {processor.py:830} INFO - Processing file /opt/airflow/dags/dynamic_etl_dag.py for tasks to queue
[2026-05-08T09:17:04.494+0000] {logging_mixin.py:188} INFO - [2026-05-08T09:17:04.493+0000] {dagbag.py:545} INFO - Filling up the DagBag from /opt/airflow/dags/dynamic_etl_dag.py
[2026-05-08T09:17:05.193+0000] {processor.py:840} INFO - DAG(s) 'dynamic_etl_framework' retrieved from /opt/airflow/dags/dynamic_etl_dag.py
[2026-05-08T09:17:05.342+0000] {logging_mixin.py:188} INFO - [2026-05-08T09:17:05.342+0000] {dag.py:3096} INFO - Sync 1 DAGs
[2026-05-08T09:17:05.363+0000] {logging_mixin.py:188} INFO - [2026-05-08T09:17:05.363+0000] {dag.py:3954} INFO - Setting next_dagrun for dynamic_etl_framework to 2026-05-08 00:00:00+00:00, run_after=2026-05-09 00:00:00+00:00
[2026-05-08T09:17:05.396+0000] {processor.py:183} INFO - Processing /opt/airflow/dags/dynamic_etl_dag.py took 0.910 seconds
[2026-05-08T09:17:35.844+0000] {processor.py:161} INFO - Started process (PID=3331) to work on /opt/airflow/dags/dynamic_etl_dag.py
[2026-05-08T09:17:35.845+0000] {processor.py:830} INFO - Processing file /opt/airflow/dags/dynamic_etl_dag.py for tasks to queue
[2026-05-08T09:17:35.847+0000] {logging_mixin.py:188} INFO - [2026-05-08T09:17:35.847+0000] {dagbag.py:545} INFO - Filling up the DagBag from /opt/airflow/dags/dynamic_etl_dag.py
[2026-05-08T09:17:36.626+0000] {processor.py:840} INFO - DAG(s) 'dynamic_etl_framework' retrieved from /opt/airflow/dags/dynamic_etl_dag.py
[2026-05-08T09:17:36.785+0000] {logging_mixin.py:188} INFO - [2026-05-08T09:17:36.785+0000] {dag.py:3096} INFO - Sync 1 DAGs
[2026-05-08T09:17:36.806+0000] {logging_mixin.py:188} INFO - [2026-05-08T09:17:36.806+0000] {dag.py:3954} INFO - Setting next_dagrun for dynamic_etl_framework to 2026-05-08 00:00:00+00:00, run_after=2026-05-09 00:00:00+00:00
[2026-05-08T09:17:36.846+0000] {processor.py:183} INFO - Processing /opt/airflow/dags/dynamic_etl_dag.py took 1.008 seconds
[2026-05-08T09:18:07.295+0000] {processor.py:161} INFO - Started process (PID=3337) to work on /opt/airflow/dags/dynamic_etl_dag.py
[2026-05-08T09:18:07.296+0000] {processor.py:830} INFO - Processing file /opt/airflow/dags/dynamic_etl_dag.py for tasks to queue
[2026-05-08T09:18:07.299+0000] {logging_mixin.py:188} INFO - [2026-05-08T09:18:07.298+0000] {dagbag.py:545} INFO - Filling up the DagBag from /opt/airflow/dags/dynamic_etl_dag.py
[2026-05-08T09:18:08.047+0000] {processor.py:840} INFO - DAG(s) 'dynamic_etl_framework' retrieved from /opt/airflow/dags/dynamic_etl_dag.py
[2026-05-08T09:18:08.317+0000] {logging_mixin.py:188} INFO - [2026-05-08T09:18:08.316+0000] {dag.py:3096} INFO - Sync 1 DAGs
[2026-05-08T09:18:08.340+0000] {logging_mixin.py:188} INFO - [2026-05-08T09:18:08.340+0000] {dag.py:3954} INFO - Setting next_dagrun for dynamic_etl_framework to 2026-05-08 00:00:00+00:00, run_after=2026-05-09 00:00:00+00:00
[2026-05-08T09:18:08.370+0000] {processor.py:183} INFO - Processing /opt/airflow/dags/dynamic_etl_dag.py took 1.085 seconds
[2026-05-08T09:18:38.806+0000] {processor.py:161} INFO - Started process (PID=3343) to work on /opt/airflow/dags/dynamic_etl_dag.py
[2026-05-08T09:18:38.808+0000] {processor.py:830} INFO - Processing file /opt/airflow/dags/dynamic_etl_dag.py for tasks to queue
[2026-05-08T09:18:38.813+0000] {logging_mixin.py:188} INFO - [2026-05-08T09:18:38.812+0000] {dagbag.py:545} INFO - Filling up the DagBag from /opt/airflow/dags/dynamic_etl_dag.py
[2026-05-08T09:18:39.589+0000] {processor.py:840} INFO - DAG(s) 'dynamic_etl_framework' retrieved from /opt/airflow/dags/dynamic_etl_dag.py
[2026-05-08T09:18:39.746+0000] {logging_mixin.py:188} INFO - [2026-05-08T09:18:39.746+0000] {dag.py:3096} INFO - Sync 1 DAGs
[2026-05-08T09:18:39.769+0000] {logging_mixin.py:188} INFO - [2026-05-08T09:18:39.769+0000] {dag.py:3954} INFO - Setting next_dagrun for dynamic_etl_framework to 2026-05-08 00:00:00+00:00, run_after=2026-05-09 00:00:00+00:00
[2026-05-08T09:18:39.809+0000] {processor.py:183} INFO - Processing /opt/airflow/dags/dynamic_etl_dag.py took 1.014 seconds
[2026-05-08T09:19:10.246+0000] {processor.py:161} INFO - Started process (PID=3349) to work on /opt/airflow/dags/dynamic_etl_dag.py
[2026-05-08T09:19:10.248+0000] {processor.py:830} INFO - Processing file /opt/airflow/dags/dynamic_etl_dag.py for tasks to queue
[2026-05-08T09:19:10.250+0000] {logging_mixin.py:188} INFO - [2026-05-08T09:19:10.250+0000] {dagbag.py:545} INFO - Filling up the DagBag from /opt/airflow/dags/dynamic_etl_dag.py
[2026-05-08T09:19:11.014+0000] {processor.py:840} INFO - DAG(s) 'dynamic_etl_framework' retrieved from /opt/airflow/dags/dynamic_etl_dag.py
[2026-05-08T09:19:11.161+0000] {logging_mixin.py:188} INFO - [2026-05-08T09:19:11.160+0000] {dag.py:3096} INFO - Sync 1 DAGs
[2026-05-08T09:19:11.181+0000] {logging_mixin.py:188} INFO - [2026-05-08T09:19:11.181+0000] {dag.py:3954} INFO - Setting next_dagrun for dynamic_etl_framework to 2026-05-08 00:00:00+00:00, run_after=2026-05-09 00:00:00+00:00
[2026-05-08T09:19:11.219+0000] {processor.py:183} INFO - Processing /opt/airflow/dags/dynamic_etl_dag.py took 0.977 seconds
[2026-05-08T09:19:41.685+0000] {processor.py:161} INFO - Started process (PID=3355) to work on /opt/airflow/dags/dynamic_etl_dag.py
[2026-05-08T09:19:41.687+0000] {processor.py:830} INFO - Processing file /opt/airflow/dags/dynamic_etl_dag.py for tasks to queue
[2026-05-08T09:19:41.690+0000] {logging_mixin.py:188} INFO - [2026-05-08T09:19:41.689+0000] {dagbag.py:545} INFO - Filling up the DagBag from /opt/airflow/dags/dynamic_etl_dag.py
[2026-05-08T09:19:42.396+0000] {processor.py:840} INFO - DAG(s) 'dynamic_etl_framework' retrieved from /opt/airflow/dags/dynamic_etl_dag.py
[2026-05-08T09:19:42.549+0000] {logging_mixin.py:188} INFO - [2026-05-08T09:19:42.549+0000] {dag.py:3096} INFO - Sync 1 DAGs
[2026-05-08T09:19:42.569+0000] {logging_mixin.py:188} INFO - [2026-05-08T09:19:42.569+0000] {dag.py:3954} INFO - Setting next_dagrun for dynamic_etl_framework to 2026-05-08 00:00:00+00:00, run_after=2026-05-09 00:00:00+00:00
[2026-05-08T09:19:42.606+0000] {processor.py:183} INFO - Processing /opt/airflow/dags/dynamic_etl_dag.py took 0.929 seconds
[2026-05-08T09:20:13.021+0000] {processor.py:161} INFO - Started process (PID=3361) to work on /opt/airflow/dags/dynamic_etl_dag.py
[2026-05-08T09:20:13.023+0000] {processor.py:830} INFO - Processing file /opt/airflow/dags/dynamic_etl_dag.py for tasks to queue
[2026-05-08T09:20:13.025+0000] {logging_mixin.py:188} INFO - [2026-05-08T09:20:13.025+0000] {dagbag.py:545} INFO - Filling up the DagBag from /opt/airflow/dags/dynamic_etl_dag.py
[2026-05-08T09:20:13.882+0000] {processor.py:840} INFO - DAG(s) 'dynamic_etl_framework' retrieved from /opt/airflow/dags/dynamic_etl_dag.py
[2026-05-08T09:20:14.055+0000] {logging_mixin.py:188} INFO - [2026-05-08T09:20:14.054+0000] {dag.py:3096} INFO - Sync 1 DAGs
[2026-05-08T09:20:14.078+0000] {logging_mixin.py:188} INFO - [2026-05-08T09:20:14.078+0000] {dag.py:3954} INFO - Setting next_dagrun for dynamic_etl_framework to 2026-05-08 00:00:00+00:00, run_after=2026-05-09 00:00:00+00:00
[2026-05-08T09:20:14.120+0000] {processor.py:183} INFO - Processing /opt/airflow/dags/dynamic_etl_dag.py took 1.103 seconds
[2026-05-08T09:20:44.481+0000] {processor.py:161} INFO - Started process (PID=3367) to work on /opt/airflow/dags/dynamic_etl_dag.py
[2026-05-08T09:20:44.484+0000] {processor.py:830} INFO - Processing file /opt/airflow/dags/dynamic_etl_dag.py for tasks to queue
[2026-05-08T09:20:44.487+0000] {logging_mixin.py:188} INFO - [2026-05-08T09:20:44.487+0000] {dagbag.py:545} INFO - Filling up the DagBag from /opt/airflow/dags/dynamic_etl_dag.py
[2026-05-08T09:20:45.210+0000] {processor.py:840} INFO - DAG(s) 'dynamic_etl_framework' retrieved from /opt/airflow/dags/dynamic_etl_dag.py
[2026-05-08T09:20:45.360+0000] {logging_mixin.py:188} INFO - [2026-05-08T09:20:45.359+0000] {dag.py:3096} INFO - Sync 1 DAGs
[2026-05-08T09:20:45.380+0000] {logging_mixin.py:188} INFO - [2026-05-08T09:20:45.380+0000] {dag.py:3954} INFO - Setting next_dagrun for dynamic_etl_framework to 2026-05-08 00:00:00+00:00, run_after=2026-05-09 00:00:00+00:00
[2026-05-08T09:20:45.411+0000] {processor.py:183} INFO - Processing /opt/airflow/dags/dynamic_etl_dag.py took 0.937 seconds
[2026-05-08T09:21:15.938+0000] {processor.py:161} INFO - Started process (PID=3373) to work on /opt/airflow/dags/dynamic_etl_dag.py
[2026-05-08T09:21:15.939+0000] {processor.py:830} INFO - Processing file /opt/airflow/dags/dynamic_etl_dag.py for tasks to queue
[2026-05-08T09:21:15.942+0000] {logging_mixin.py:188} INFO - [2026-05-08T09:21:15.942+0000] {dagbag.py:545} INFO - Filling up the DagBag from /opt/airflow/dags/dynamic_etl_dag.py
[2026-05-08T09:21:16.684+0000] {processor.py:840} INFO - DAG(s) 'dynamic_etl_framework' retrieved from /opt/airflow/dags/dynamic_etl_dag.py
[2026-05-08T09:21:16.902+0000] {logging_mixin.py:188} INFO - [2026-05-08T09:21:16.902+0000] {dag.py:3096} INFO - Sync 1 DAGs
[2026-05-08T09:21:16.928+0000] {logging_mixin.py:188} INFO - [2026-05-08T09:21:16.928+0000] {dag.py:3954} INFO - Setting next_dagrun for dynamic_etl_framework to 2026-05-08 00:00:00+00:00, run_after=2026-05-09 00:00:00+00:00
[2026-05-08T09:21:16.974+0000] {processor.py:183} INFO - Processing /opt/airflow/dags/dynamic_etl_dag.py took 1.041 seconds
[2026-05-08T09:21:47.374+0000] {processor.py:161} INFO - Started process (PID=3379) to work on /opt/airflow/dags/dynamic_etl_dag.py
[2026-05-08T09:21:47.376+0000] {processor.py:830} INFO - Processing file /opt/airflow/dags/dynamic_etl_dag.py for tasks to queue
[2026-05-08T09:21:47.378+0000] {logging_mixin.py:188} INFO - [2026-05-08T09:21:47.377+0000] {dagbag.py:545} INFO - Filling up the DagBag from /opt/airflow/dags/dynamic_etl_dag.py
[2026-05-08T09:21:48.119+0000] {processor.py:840} INFO - DAG(s) 'dynamic_etl_framework' retrieved from /opt/airflow/dags/dynamic_etl_dag.py
[2026-05-08T09:21:48.281+0000] {logging_mixin.py:188} INFO - [2026-05-08T09:21:48.280+0000] {dag.py:3096} INFO - Sync 1 DAGs
[2026-05-08T09:21:48.301+0000] {logging_mixin.py:188} INFO - [2026-05-08T09:21:48.301+0000] {dag.py:3954} INFO - Setting next_dagrun for dynamic_etl_framework to 2026-05-08 00:00:00+00:00, run_after=2026-05-09 00:00:00+00:00
[2026-05-08T09:21:48.332+0000] {processor.py:183} INFO - Processing /opt/airflow/dags/dynamic_etl_dag.py took 0.965 seconds
[2026-05-08T09:22:18.740+0000] {processor.py:161} INFO - Started process (PID=3385) to work on /opt/airflow/dags/dynamic_etl_dag.py
[2026-05-08T09:22:18.742+0000] {processor.py:830} INFO - Processing file /opt/airflow/dags/dynamic_etl_dag.py for tasks to queue
[2026-05-08T09:22:18.746+0000] {logging_mixin.py:188} INFO - [2026-05-08T09:22:18.745+0000] {dagbag.py:545} INFO - Filling up the DagBag from /opt/airflow/dags/dynamic_etl_dag.py
[2026-05-08T09:22:19.465+0000] {processor.py:840} INFO - DAG(s) 'dynamic_etl_framework' retrieved from /opt/airflow/dags/dynamic_etl_dag.py
[2026-05-08T09:22:19.625+0000] {logging_mixin.py:188} INFO - [2026-05-08T09:22:19.624+0000] {dag.py:3096} INFO - Sync 1 DAGs
[2026-05-08T09:22:19.648+0000] {logging_mixin.py:188} INFO - [2026-05-08T09:22:19.648+0000] {dag.py:3954} INFO - Setting next_dagrun for dynamic_etl_framework to 2026-05-08 00:00:00+00:00, run_after=2026-05-09 00:00:00+00:00
[2026-05-08T09:22:19.678+0000] {processor.py:183} INFO - Processing /opt/airflow/dags/dynamic_etl_dag.py took 0.943 seconds
[2026-05-08T09:22:50.139+0000] {processor.py:161} INFO - Started process (PID=3391) to work on /opt/airflow/dags/dynamic_etl_dag.py
[2026-05-08T09:22:50.140+0000] {processor.py:830} INFO - Processing file /opt/airflow/dags/dynamic_etl_dag.py for tasks to queue
[2026-05-08T09:22:50.143+0000] {logging_mixin.py:188} INFO - [2026-05-08T09:22:50.143+0000] {dagbag.py:545} INFO - Filling up the DagBag from /opt/airflow/dags/dynamic_etl_dag.py
[2026-05-08T09:22:50.980+0000] {processor.py:840} INFO - DAG(s) 'dynamic_etl_framework' retrieved from /opt/airflow/dags/dynamic_etl_dag.py
[2026-05-08T09:22:51.133+0000] {logging_mixin.py:188} INFO - [2026-05-08T09:22:51.133+0000] {dag.py:3096} INFO - Sync 1 DAGs
[2026-05-08T09:22:51.156+0000] {logging_mixin.py:188} INFO - [2026-05-08T09:22:51.156+0000] {dag.py:3954} INFO - Setting next_dagrun for dynamic_etl_framework to 2026-05-08 00:00:00+00:00, run_after=2026-05-09 00:00:00+00:00
[2026-05-08T09:22:51.188+0000] {processor.py:183} INFO - Processing /opt/airflow/dags/dynamic_etl_dag.py took 1.054 seconds
[2026-05-08T09:23:21.524+0000] {processor.py:161} INFO - Started process (PID=3397) to work on /opt/airflow/dags/dynamic_etl_dag.py
[2026-05-08T09:23:21.525+0000] {processor.py:830} INFO - Processing file /opt/airflow/dags/dynamic_etl_dag.py for tasks to queue
[2026-05-08T09:23:21.527+0000] {logging_mixin.py:188} INFO - [2026-05-08T09:23:21.527+0000] {dagbag.py:545} INFO - Filling up the DagBag from /opt/airflow/dags/dynamic_etl_dag.py
[2026-05-08T09:23:22.271+0000] {processor.py:840} INFO - DAG(s) 'dynamic_etl_framework' retrieved from /opt/airflow/dags/dynamic_etl_dag.py
[2026-05-08T09:23:22.419+0000] {logging_mixin.py:188} INFO - [2026-05-08T09:23:22.418+0000] {dag.py:3096} INFO - Sync 1 DAGs
[2026-05-08T09:23:22.446+0000] {logging_mixin.py:188} INFO - [2026-05-08T09:23:22.445+0000] {dag.py:3954} INFO - Setting next_dagrun for dynamic_etl_framework to 2026-05-08 00:00:00+00:00, run_after=2026-05-09 00:00:00+00:00
[2026-05-08T09:23:22.482+0000] {processor.py:183} INFO - Processing /opt/airflow/dags/dynamic_etl_dag.py took 0.965 seconds
[2026-05-08T09:23:52.868+0000] {processor.py:161} INFO - Started process (PID=3403) to work on /opt/airflow/dags/dynamic_etl_dag.py
[2026-05-08T09:23:52.869+0000] {processor.py:830} INFO - Processing file /opt/airflow/dags/dynamic_etl_dag.py for tasks to queue
[2026-05-08T09:23:52.871+0000] {logging_mixin.py:188} INFO - [2026-05-08T09:23:52.871+0000] {dagbag.py:545} INFO - Filling up the DagBag from /opt/airflow/dags/dynamic_etl_dag.py
[2026-05-08T09:23:53.652+0000] {processor.py:840} INFO - DAG(s) 'dynamic_etl_framework' retrieved from /opt/airflow/dags/dynamic_etl_dag.py
[2026-05-08T09:23:53.816+0000] {logging_mixin.py:188} INFO - [2026-05-08T09:23:53.815+0000] {dag.py:3096} INFO - Sync 1 DAGs
[2026-05-08T09:23:53.838+0000] {logging_mixin.py:188} INFO - [2026-05-08T09:23:53.838+0000] {dag.py:3954} INFO - Setting next_dagrun for dynamic_etl_framework to 2026-05-08 00:00:00+00:00, run_after=2026-05-09 00:00:00+00:00
[2026-05-08T09:23:53.875+0000] {processor.py:183} INFO - Processing /opt/airflow/dags/dynamic_etl_dag.py took 1.011 seconds
[2026-05-08T09:24:24.396+0000] {processor.py:161} INFO - Started process (PID=3409) to work on /opt/airflow/dags/dynamic_etl_dag.py
[2026-05-08T09:24:24.397+0000] {processor.py:830} INFO - Processing file /opt/airflow/dags/dynamic_etl_dag.py for tasks to queue
[2026-05-08T09:24:24.400+0000] {logging_mixin.py:188} INFO - [2026-05-08T09:24:24.399+0000] {dagbag.py:545} INFO - Filling up the DagBag from /opt/airflow/dags/dynamic_etl_dag.py
[2026-05-08T09:24:25.264+0000] {processor.py:840} INFO - DAG(s) 'dynamic_etl_framework' retrieved from /opt/airflow/dags/dynamic_etl_dag.py
[2026-05-08T09:24:25.433+0000] {logging_mixin.py:188} INFO - [2026-05-08T09:24:25.432+0000] {dag.py:3096} INFO - Sync 1 DAGs
[2026-05-08T09:24:25.453+0000] {logging_mixin.py:188} INFO - [2026-05-08T09:24:25.452+0000] {dag.py:3954} INFO - Setting next_dagrun for dynamic_etl_framework to 2026-05-08 00:00:00+00:00, run_after=2026-05-09 00:00:00+00:00
[2026-05-08T09:24:25.497+0000] {processor.py:183} INFO - Processing /opt/airflow/dags/dynamic_etl_dag.py took 1.107 seconds
[2026-05-08T09:24:55.849+0000] {processor.py:161} INFO - Started process (PID=3415) to work on /opt/airflow/dags/dynamic_etl_dag.py
[2026-05-08T09:24:55.851+0000] {processor.py:830} INFO - Processing file /opt/airflow/dags/dynamic_etl_dag.py for tasks to queue
[2026-05-08T09:24:55.853+0000] {logging_mixin.py:188} INFO - [2026-05-08T09:24:55.853+0000] {dagbag.py:545} INFO - Filling up the DagBag from /opt/airflow/dags/dynamic_etl_dag.py
[2026-05-08T09:24:56.596+0000] {processor.py:840} INFO - DAG(s) 'dynamic_etl_framework' retrieved from /opt/airflow/dags/dynamic_etl_dag.py
[2026-05-08T09:24:56.827+0000] {logging_mixin.py:188} INFO - [2026-05-08T09:24:56.827+0000] {dag.py:3096} INFO - Sync 1 DAGs
[2026-05-08T09:24:56.851+0000] {logging_mixin.py:188} INFO - [2026-05-08T09:24:56.850+0000] {dag.py:3954} INFO - Setting next_dagrun for dynamic_etl_framework to 2026-05-08 00:00:00+00:00, run_after=2026-05-09 00:00:00+00:00
[2026-05-08T09:24:56.885+0000] {processor.py:183} INFO - Processing /opt/airflow/dags/dynamic_etl_dag.py took 1.040 seconds
[2026-05-08T09:25:27.218+0000] {processor.py:161} INFO - Started process (PID=3421) to work on /opt/airflow/dags/dynamic_etl_dag.py
[2026-05-08T09:25:27.219+0000] {processor.py:830} INFO - Processing file /opt/airflow/dags/dynamic_etl_dag.py for tasks to queue
[2026-05-08T09:25:27.222+0000] {logging_mixin.py:188} INFO - [2026-05-08T09:25:27.222+0000] {dagbag.py:545} INFO - Filling up the DagBag from /opt/airflow/dags/dynamic_etl_dag.py
[2026-05-08T09:25:27.941+0000] {processor.py:840} INFO - DAG(s) 'dynamic_etl_framework' retrieved from /opt/airflow/dags/dynamic_etl_dag.py
[2026-05-08T09:25:28.105+0000] {logging_mixin.py:188} INFO - [2026-05-08T09:25:28.105+0000] {dag.py:3096} INFO - Sync 1 DAGs
[2026-05-08T09:25:28.125+0000] {logging_mixin.py:188} INFO - [2026-05-08T09:25:28.125+0000] {dag.py:3954} INFO - Setting next_dagrun for dynamic_etl_framework to 2026-05-08 00:00:00+00:00, run_after=2026-05-09 00:00:00+00:00
[2026-05-08T09:25:28.164+0000] {processor.py:183} INFO - Processing /opt/airflow/dags/dynamic_etl_dag.py took 0.951 seconds
[2026-05-08T09:25:58.707+0000] {processor.py:161} INFO - Started process (PID=3427) to work on /opt/airflow/dags/dynamic_etl_dag.py
[2026-05-08T09:25:58.709+0000] {processor.py:830} INFO - Processing file /opt/airflow/dags/dynamic_etl_dag.py for tasks to queue
[2026-05-08T09:25:58.711+0000] {logging_mixin.py:188} INFO - [2026-05-08T09:25:58.711+0000] {dagbag.py:545} INFO - Filling up the DagBag from /opt/airflow/dags/dynamic_etl_dag.py
[2026-05-08T09:25:59.418+0000] {processor.py:840} INFO - DAG(s) 'dynamic_etl_framework' retrieved from /opt/airflow/dags/dynamic_etl_dag.py
[2026-05-08T09:25:59.582+0000] {logging_mixin.py:188} INFO - [2026-05-08T09:25:59.582+0000] {dag.py:3096} INFO - Sync 1 DAGs
[2026-05-08T09:25:59.604+0000] {logging_mixin.py:188} INFO - [2026-05-08T09:25:59.604+0000] {dag.py:3954} INFO - Setting next_dagrun for dynamic_etl_framework to 2026-05-08 00:00:00+00:00, run_after=2026-05-09 00:00:00+00:00
[2026-05-08T09:25:59.645+0000] {processor.py:183} INFO - Processing /opt/airflow/dags/dynamic_etl_dag.py took 0.942 seconds
[2026-05-08T09:26:30.123+0000] {processor.py:161} INFO - Started process (PID=3433) to work on /opt/airflow/dags/dynamic_etl_dag.py
[2026-05-08T09:26:30.124+0000] {processor.py:830} INFO - Processing file /opt/airflow/dags/dynamic_etl_dag.py for tasks to queue
[2026-05-08T09:26:30.126+0000] {logging_mixin.py:188} INFO - [2026-05-08T09:26:30.125+0000] {dagbag.py:545} INFO - Filling up the DagBag from /opt/airflow/dags/dynamic_etl_dag.py
[2026-05-08T09:26:30.807+0000] {processor.py:840} INFO - DAG(s) 'dynamic_etl_framework' retrieved from /opt/airflow/dags/dynamic_etl_dag.py
[2026-05-08T09:26:30.957+0000] {logging_mixin.py:188} INFO - [2026-05-08T09:26:30.957+0000] {dag.py:3096} INFO - Sync 1 DAGs
[2026-05-08T09:26:30.980+0000] {logging_mixin.py:188} INFO - [2026-05-08T09:26:30.980+0000] {dag.py:3954} INFO - Setting next_dagrun for dynamic_etl_framework to 2026-05-08 00:00:00+00:00, run_after=2026-05-09 00:00:00+00:00
[2026-05-08T09:26:31.014+0000] {processor.py:183} INFO - Processing /opt/airflow/dags/dynamic_etl_dag.py took 0.896 seconds
[2026-05-08T09:27:01.786+0000] {processor.py:161} INFO - Started process (PID=3439) to work on /opt/airflow/dags/dynamic_etl_dag.py
[2026-05-08T09:27:01.827+0000] {processor.py:830} INFO - Processing file /opt/airflow/dags/dynamic_etl_dag.py for tasks to queue
[2026-05-08T09:27:01.918+0000] {logging_mixin.py:188} INFO - [2026-05-08T09:27:01.913+0000] {dagbag.py:545} INFO - Filling up the DagBag from /opt/airflow/dags/dynamic_etl_dag.py
[2026-05-08T09:27:07.284+0000] {processor.py:840} INFO - DAG(s) 'dynamic_etl_framework' retrieved from /opt/airflow/dags/dynamic_etl_dag.py
[2026-05-08T09:27:07.465+0000] {logging_mixin.py:188} INFO - [2026-05-08T09:27:07.464+0000] {dag.py:3096} INFO - Sync 1 DAGs
[2026-05-08T09:27:07.494+0000] {logging_mixin.py:188} INFO - [2026-05-08T09:27:07.494+0000] {dag.py:3954} INFO - Setting next_dagrun for dynamic_etl_framework to 2026-05-08 00:00:00+00:00, run_after=2026-05-09 00:00:00+00:00
[2026-05-08T09:27:07.546+0000] {processor.py:183} INFO - Processing /opt/airflow/dags/dynamic_etl_dag.py took 5.972 seconds
[2026-05-08T09:27:38.059+0000] {processor.py:161} INFO - Started process (PID=3445) to work on /opt/airflow/dags/dynamic_etl_dag.py
[2026-05-08T09:27:38.061+0000] {processor.py:830} INFO - Processing file /opt/airflow/dags/dynamic_etl_dag.py for tasks to queue
[2026-05-08T09:27:38.063+0000] {logging_mixin.py:188} INFO - [2026-05-08T09:27:38.063+0000] {dagbag.py:545} INFO - Filling up the DagBag from /opt/airflow/dags/dynamic_etl_dag.py
[2026-05-08T09:27:38.895+0000] {processor.py:840} INFO - DAG(s) 'dynamic_etl_framework' retrieved from /opt/airflow/dags/dynamic_etl_dag.py
[2026-05-08T09:27:39.049+0000] {logging_mixin.py:188} INFO - [2026-05-08T09:27:39.049+0000] {dag.py:3096} INFO - Sync 1 DAGs
[2026-05-08T09:27:39.072+0000] {logging_mixin.py:188} INFO - [2026-05-08T09:27:39.071+0000] {dag.py:3954} INFO - Setting next_dagrun for dynamic_etl_framework to 2026-05-08 00:00:00+00:00, run_after=2026-05-09 00:00:00+00:00
[2026-05-08T09:27:39.106+0000] {processor.py:183} INFO - Processing /opt/airflow/dags/dynamic_etl_dag.py took 1.052 seconds
[2026-05-08T09:28:09.435+0000] {processor.py:161} INFO - Started process (PID=3451) to work on /opt/airflow/dags/dynamic_etl_dag.py
[2026-05-08T09:28:09.437+0000] {processor.py:830} INFO - Processing file /opt/airflow/dags/dynamic_etl_dag.py for tasks to queue
[2026-05-08T09:28:09.440+0000] {logging_mixin.py:188} INFO - [2026-05-08T09:28:09.439+0000] {dagbag.py:545} INFO - Filling up the DagBag from /opt/airflow/dags/dynamic_etl_dag.py
[2026-05-08T09:28:10.151+0000] {processor.py:840} INFO - DAG(s) 'dynamic_etl_framework' retrieved from /opt/airflow/dags/dynamic_etl_dag.py
[2026-05-08T09:28:10.301+0000] {logging_mixin.py:188} INFO - [2026-05-08T09:28:10.300+0000] {dag.py:3096} INFO - Sync 1 DAGs
[2026-05-08T09:28:10.321+0000] {logging_mixin.py:188} INFO - [2026-05-08T09:28:10.321+0000] {dag.py:3954} INFO - Setting next_dagrun for dynamic_etl_framework to 2026-05-08 00:00:00+00:00, run_after=2026-05-09 00:00:00+00:00
[2026-05-08T09:28:10.360+0000] {processor.py:183} INFO - Processing /opt/airflow/dags/dynamic_etl_dag.py took 0.932 seconds
[2026-05-08T09:28:40.824+0000] {processor.py:161} INFO - Started process (PID=3457) to work on /opt/airflow/dags/dynamic_etl_dag.py
[2026-05-08T09:28:40.826+0000] {processor.py:830} INFO - Processing file /opt/airflow/dags/dynamic_etl_dag.py for tasks to queue
[2026-05-08T09:28:40.830+0000] {logging_mixin.py:188} INFO - [2026-05-08T09:28:40.830+0000] {dagbag.py:545} INFO - Filling up the DagBag from /opt/airflow/dags/dynamic_etl_dag.py
[2026-05-08T09:28:41.548+0000] {processor.py:840} INFO - DAG(s) 'dynamic_etl_framework' retrieved from /opt/airflow/dags/dynamic_etl_dag.py
[2026-05-08T09:28:41.707+0000] {logging_mixin.py:188} INFO - [2026-05-08T09:28:41.706+0000] {dag.py:3096} INFO - Sync 1 DAGs
[2026-05-08T09:28:41.728+0000] {logging_mixin.py:188} INFO - [2026-05-08T09:28:41.728+0000] {dag.py:3954} INFO - Setting next_dagrun for dynamic_etl_framework to 2026-05-08 00:00:00+00:00, run_after=2026-05-09 00:00:00+00:00
[2026-05-08T09:28:41.777+0000] {processor.py:183} INFO - Processing /opt/airflow/dags/dynamic_etl_dag.py took 0.960 seconds
[2026-05-08T09:29:12.386+0000] {processor.py:161} INFO - Started process (PID=3463) to work on /opt/airflow/dags/dynamic_etl_dag.py
[2026-05-08T09:29:12.387+0000] {processor.py:830} INFO - Processing file /opt/airflow/dags/dynamic_etl_dag.py for tasks to queue
[2026-05-08T09:29:12.390+0000] {logging_mixin.py:188} INFO - [2026-05-08T09:29:12.389+0000] {dagbag.py:545} INFO - Filling up the DagBag from /opt/airflow/dags/dynamic_etl_dag.py
[2026-05-08T09:29:13.117+0000] {processor.py:840} INFO - DAG(s) 'dynamic_etl_framework' retrieved from /opt/airflow/dags/dynamic_etl_dag.py
[2026-05-08T09:29:13.277+0000] {logging_mixin.py:188} INFO - [2026-05-08T09:29:13.277+0000] {dag.py:3096} INFO - Sync 1 DAGs
[2026-05-08T09:29:13.296+0000] {logging_mixin.py:188} INFO - [2026-05-08T09:29:13.296+0000] {dag.py:3954} INFO - Setting next_dagrun for dynamic_etl_framework to 2026-05-08 00:00:00+00:00, run_after=2026-05-09 00:00:00+00:00
[2026-05-08T09:29:13.332+0000] {processor.py:183} INFO - Processing /opt/airflow/dags/dynamic_etl_dag.py took 0.951 seconds
[2026-05-08T09:29:43.728+0000] {processor.py:161} INFO - Started process (PID=3469) to work on /opt/airflow/dags/dynamic_etl_dag.py
[2026-05-08T09:29:43.729+0000] {processor.py:830} INFO - Processing file /opt/airflow/dags/dynamic_etl_dag.py for tasks to queue
[2026-05-08T09:29:43.732+0000] {logging_mixin.py:188} INFO - [2026-05-08T09:29:43.731+0000] {dagbag.py:545} INFO - Filling up the DagBag from /opt/airflow/dags/dynamic_etl_dag.py
[2026-05-08T09:29:44.458+0000] {processor.py:840} INFO - DAG(s) 'dynamic_etl_framework' retrieved from /opt/airflow/dags/dynamic_etl_dag.py
[2026-05-08T09:29:44.617+0000] {logging_mixin.py:188} INFO - [2026-05-08T09:29:44.616+0000] {dag.py:3096} INFO - Sync 1 DAGs
[2026-05-08T09:29:44.639+0000] {logging_mixin.py:188} INFO - [2026-05-08T09:29:44.639+0000] {dag.py:3954} INFO - Setting next_dagrun for dynamic_etl_framework to 2026-05-08 00:00:00+00:00, run_after=2026-05-09 00:00:00+00:00
[2026-05-08T09:29:44.672+0000] {processor.py:183} INFO - Processing /opt/airflow/dags/dynamic_etl_dag.py took 0.948 seconds
[2026-05-08T09:30:15.219+0000] {processor.py:161} INFO - Started process (PID=3475) to work on /opt/airflow/dags/dynamic_etl_dag.py
[2026-05-08T09:30:15.221+0000] {processor.py:830} INFO - Processing file /opt/airflow/dags/dynamic_etl_dag.py for tasks to queue
[2026-05-08T09:30:15.223+0000] {logging_mixin.py:188} INFO - [2026-05-08T09:30:15.223+0000] {dagbag.py:545} INFO - Filling up the DagBag from /opt/airflow/dags/dynamic_etl_dag.py
[2026-05-08T09:30:15.967+0000] {processor.py:840} INFO - DAG(s) 'dynamic_etl_framework' retrieved from /opt/airflow/dags/dynamic_etl_dag.py
[2026-05-08T09:30:16.134+0000] {logging_mixin.py:188} INFO - [2026-05-08T09:30:16.133+0000] {dag.py:3096} INFO - Sync 1 DAGs
[2026-05-08T09:30:16.153+0000] {logging_mixin.py:188} INFO - [2026-05-08T09:30:16.153+0000] {dag.py:3954} INFO - Setting next_dagrun for dynamic_etl_framework to 2026-05-08 00:00:00+00:00, run_after=2026-05-09 00:00:00+00:00
[2026-05-08T09:30:16.185+0000] {processor.py:183} INFO - Processing /opt/airflow/dags/dynamic_etl_dag.py took 0.971 seconds
[2026-05-08T09:30:46.700+0000] {processor.py:161} INFO - Started process (PID=3481) to work on /opt/airflow/dags/dynamic_etl_dag.py
[2026-05-08T09:30:46.701+0000] {processor.py:830} INFO - Processing file /opt/airflow/dags/dynamic_etl_dag.py for tasks to queue
[2026-05-08T09:30:46.704+0000] {logging_mixin.py:188} INFO - [2026-05-08T09:30:46.703+0000] {dagbag.py:545} INFO - Filling up the DagBag from /opt/airflow/dags/dynamic_etl_dag.py
[2026-05-08T09:30:47.394+0000] {processor.py:840} INFO - DAG(s) 'dynamic_etl_framework' retrieved from /opt/airflow/dags/dynamic_etl_dag.py
[2026-05-08T09:30:47.550+0000] {logging_mixin.py:188} INFO - [2026-05-08T09:30:47.549+0000] {dag.py:3096} INFO - Sync 1 DAGs
[2026-05-08T09:30:47.570+0000] {logging_mixin.py:188} INFO - [2026-05-08T09:30:47.570+0000] {dag.py:3954} INFO - Setting next_dagrun for dynamic_etl_framework to 2026-05-08 00:00:00+00:00, run_after=2026-05-09 00:00:00+00:00
[2026-05-08T09:30:47.608+0000] {processor.py:183} INFO - Processing /opt/airflow/dags/dynamic_etl_dag.py took 0.913 seconds
[2026-05-08T09:31:18.290+0000] {processor.py:161} INFO - Started process (PID=3487) to work on /opt/airflow/dags/dynamic_etl_dag.py
[2026-05-08T09:31:18.291+0000] {processor.py:830} INFO - Processing file /opt/airflow/dags/dynamic_etl_dag.py for tasks to queue
[2026-05-08T09:31:18.294+0000] {logging_mixin.py:188} INFO - [2026-05-08T09:31:18.293+0000] {dagbag.py:545} INFO - Filling up the DagBag from /opt/airflow/dags/dynamic_etl_dag.py
[2026-05-08T09:31:19.004+0000] {processor.py:840} INFO - DAG(s) 'dynamic_etl_framework' retrieved from /opt/airflow/dags/dynamic_etl_dag.py
[2026-05-08T09:31:19.152+0000] {logging_mixin.py:188} INFO - [2026-05-08T09:31:19.152+0000] {dag.py:3096} INFO - Sync 1 DAGs
[2026-05-08T09:31:19.172+0000] {logging_mixin.py:188} INFO - [2026-05-08T09:31:19.171+0000] {dag.py:3954} INFO - Setting next_dagrun for dynamic_etl_framework to 2026-05-08 00:00:00+00:00, run_after=2026-05-09 00:00:00+00:00
[2026-05-08T09:31:19.211+0000] {processor.py:183} INFO - Processing /opt/airflow/dags/dynamic_etl_dag.py took 0.927 seconds
[2026-05-08T09:31:49.652+0000] {processor.py:161} INFO - Started process (PID=3493) to work on /opt/airflow/dags/dynamic_etl_dag.py
[2026-05-08T09:31:49.654+0000] {processor.py:830} INFO - Processing file /opt/airflow/dags/dynamic_etl_dag.py for tasks to queue
[2026-05-08T09:31:49.656+0000] {logging_mixin.py:188} INFO - [2026-05-08T09:31:49.656+0000] {dagbag.py:545} INFO - Filling up the DagBag from /opt/airflow/dags/dynamic_etl_dag.py
[2026-05-08T09:31:50.486+0000] {processor.py:840} INFO - DAG(s) 'dynamic_etl_framework' retrieved from /opt/airflow/dags/dynamic_etl_dag.py
[2026-05-08T09:31:50.639+0000] {logging_mixin.py:188} INFO - [2026-05-08T09:31:50.639+0000] {dag.py:3096} INFO - Sync 1 DAGs
[2026-05-08T09:31:50.660+0000] {logging_mixin.py:188} INFO - [2026-05-08T09:31:50.660+0000] {dag.py:3954} INFO - Setting next_dagrun for dynamic_etl_framework to 2026-05-08 00:00:00+00:00, run_after=2026-05-09 00:00:00+00:00
[2026-05-08T09:31:50.694+0000] {processor.py:183} INFO - Processing /opt/airflow/dags/dynamic_etl_dag.py took 1.048 seconds
[2026-05-08T09:32:21.009+0000] {processor.py:161} INFO - Started process (PID=3499) to work on /opt/airflow/dags/dynamic_etl_dag.py
[2026-05-08T09:32:21.011+0000] {processor.py:830} INFO - Processing file /opt/airflow/dags/dynamic_etl_dag.py for tasks to queue
[2026-05-08T09:32:21.013+0000] {logging_mixin.py:188} INFO - [2026-05-08T09:32:21.013+0000] {dagbag.py:545} INFO - Filling up the DagBag from /opt/airflow/dags/dynamic_etl_dag.py
[2026-05-08T09:32:21.752+0000] {processor.py:840} INFO - DAG(s) 'dynamic_etl_framework' retrieved from /opt/airflow/dags/dynamic_etl_dag.py
[2026-05-08T09:32:21.900+0000] {logging_mixin.py:188} INFO - [2026-05-08T09:32:21.899+0000] {dag.py:3096} INFO - Sync 1 DAGs
[2026-05-08T09:32:21.923+0000] {logging_mixin.py:188} INFO - [2026-05-08T09:32:21.922+0000] {dag.py:3954} INFO - Setting next_dagrun for dynamic_etl_framework to 2026-05-08 00:00:00+00:00, run_after=2026-05-09 00:00:00+00:00
[2026-05-08T09:32:21.968+0000] {processor.py:183} INFO - Processing /opt/airflow/dags/dynamic_etl_dag.py took 0.965 seconds
[2026-05-08T09:32:52.381+0000] {processor.py:161} INFO - Started process (PID=3505) to work on /opt/airflow/dags/dynamic_etl_dag.py
[2026-05-08T09:32:52.383+0000] {processor.py:830} INFO - Processing file /opt/airflow/dags/dynamic_etl_dag.py for tasks to queue
[2026-05-08T09:32:52.385+0000] {logging_mixin.py:188} INFO - [2026-05-08T09:32:52.385+0000] {dagbag.py:545} INFO - Filling up the DagBag from /opt/airflow/dags/dynamic_etl_dag.py
[2026-05-08T09:32:53.097+0000] {processor.py:840} INFO - DAG(s) 'dynamic_etl_framework' retrieved from /opt/airflow/dags/dynamic_etl_dag.py
[2026-05-08T09:32:53.254+0000] {logging_mixin.py:188} INFO - [2026-05-08T09:32:53.253+0000] {dag.py:3096} INFO - Sync 1 DAGs
[2026-05-08T09:32:53.285+0000] {logging_mixin.py:188} INFO - [2026-05-08T09:32:53.284+0000] {dag.py:3954} INFO - Setting next_dagrun for dynamic_etl_framework to 2026-05-08 00:00:00+00:00, run_after=2026-05-09 00:00:00+00:00
[2026-05-08T09:32:53.326+0000] {processor.py:183} INFO - Processing /opt/airflow/dags/dynamic_etl_dag.py took 0.951 seconds
[2026-05-08T09:33:23.753+0000] {processor.py:161} INFO - Started process (PID=3511) to work on /opt/airflow/dags/dynamic_etl_dag.py
[2026-05-08T09:33:23.755+0000] {processor.py:830} INFO - Processing file /opt/airflow/dags/dynamic_etl_dag.py for tasks to queue
[2026-05-08T09:33:23.756+0000] {logging_mixin.py:188} INFO - [2026-05-08T09:33:23.756+0000] {dagbag.py:545} INFO - Filling up the DagBag from /opt/airflow/dags/dynamic_etl_dag.py
[2026-05-08T09:33:24.438+0000] {processor.py:840} INFO - DAG(s) 'dynamic_etl_framework' retrieved from /opt/airflow/dags/dynamic_etl_dag.py
[2026-05-08T09:33:24.597+0000] {logging_mixin.py:188} INFO - [2026-05-08T09:33:24.596+0000] {dag.py:3096} INFO - Sync 1 DAGs
[2026-05-08T09:33:24.620+0000] {logging_mixin.py:188} INFO - [2026-05-08T09:33:24.620+0000] {dag.py:3954} INFO - Setting next_dagrun for dynamic_etl_framework to 2026-05-08 00:00:00+00:00, run_after=2026-05-09 00:00:00+00:00
[2026-05-08T09:33:24.655+0000] {processor.py:183} INFO - Processing /opt/airflow/dags/dynamic_etl_dag.py took 0.907 seconds
[2026-05-08T09:33:55.143+0000] {processor.py:161} INFO - Started process (PID=3517) to work on /opt/airflow/dags/dynamic_etl_dag.py
[2026-05-08T09:33:55.145+0000] {processor.py:830} INFO - Processing file /opt/airflow/dags/dynamic_etl_dag.py for tasks to queue
[2026-05-08T09:33:55.146+0000] {logging_mixin.py:188} INFO - [2026-05-08T09:33:55.146+0000] {dagbag.py:545} INFO - Filling up the DagBag from /opt/airflow/dags/dynamic_etl_dag.py
[2026-05-08T09:33:55.921+0000] {processor.py:840} INFO - DAG(s) 'dynamic_etl_framework' retrieved from /opt/airflow/dags/dynamic_etl_dag.py
[2026-05-08T09:33:56.104+0000] {logging_mixin.py:188} INFO - [2026-05-08T09:33:56.103+0000] {dag.py:3096} INFO - Sync 1 DAGs
[2026-05-08T09:33:56.127+0000] {logging_mixin.py:188} INFO - [2026-05-08T09:33:56.127+0000] {dag.py:3954} INFO - Setting next_dagrun for dynamic_etl_framework to 2026-05-08 00:00:00+00:00, run_after=2026-05-09 00:00:00+00:00
[2026-05-08T09:33:56.163+0000] {processor.py:183} INFO - Processing /opt/airflow/dags/dynamic_etl_dag.py took 1.026 seconds
[2026-05-08T09:34:26.872+0000] {processor.py:161} INFO - Started process (PID=3523) to work on /opt/airflow/dags/dynamic_etl_dag.py
[2026-05-08T09:34:26.873+0000] {processor.py:830} INFO - Processing file /opt/airflow/dags/dynamic_etl_dag.py for tasks to queue
[2026-05-08T09:34:26.875+0000] {logging_mixin.py:188} INFO - [2026-05-08T09:34:26.875+0000] {dagbag.py:545} INFO - Filling up the DagBag from /opt/airflow/dags/dynamic_etl_dag.py
[2026-05-08T09:34:27.586+0000] {processor.py:840} INFO - DAG(s) 'dynamic_etl_framework' retrieved from /opt/airflow/dags/dynamic_etl_dag.py
[2026-05-08T09:34:27.740+0000] {logging_mixin.py:188} INFO - [2026-05-08T09:34:27.740+0000] {dag.py:3096} INFO - Sync 1 DAGs
[2026-05-08T09:34:27.766+0000] {logging_mixin.py:188} INFO - [2026-05-08T09:34:27.766+0000] {dag.py:3954} INFO - Setting next_dagrun for dynamic_etl_framework to 2026-05-08 00:00:00+00:00, run_after=2026-05-09 00:00:00+00:00
[2026-05-08T09:34:27.809+0000] {processor.py:183} INFO - Processing /opt/airflow/dags/dynamic_etl_dag.py took 0.941 seconds
[2026-05-08T09:34:58.335+0000] {processor.py:161} INFO - Started process (PID=3529) to work on /opt/airflow/dags/dynamic_etl_dag.py
[2026-05-08T09:34:58.337+0000] {processor.py:830} INFO - Processing file /opt/airflow/dags/dynamic_etl_dag.py for tasks to queue
[2026-05-08T09:34:58.339+0000] {logging_mixin.py:188} INFO - [2026-05-08T09:34:58.339+0000] {dagbag.py:545} INFO - Filling up the DagBag from /opt/airflow/dags/dynamic_etl_dag.py
[2026-05-08T09:34:59.378+0000] {processor.py:840} INFO - DAG(s) 'dynamic_etl_framework' retrieved from /opt/airflow/dags/dynamic_etl_dag.py
[2026-05-08T09:34:59.543+0000] {logging_mixin.py:188} INFO - [2026-05-08T09:34:59.542+0000] {dag.py:3096} INFO - Sync 1 DAGs
[2026-05-08T09:34:59.562+0000] {logging_mixin.py:188} INFO - [2026-05-08T09:34:59.562+0000] {dag.py:3954} INFO - Setting next_dagrun for dynamic_etl_framework to 2026-05-08 00:00:00+00:00, run_after=2026-05-09 00:00:00+00:00
[2026-05-08T09:34:59.597+0000] {processor.py:183} INFO - Processing /opt/airflow/dags/dynamic_etl_dag.py took 1.268 seconds
[2026-05-08T09:35:29.740+0000] {processor.py:161} INFO - Started process (PID=3535) to work on /opt/airflow/dags/dynamic_etl_dag.py
[2026-05-08T09:35:29.742+0000] {processor.py:830} INFO - Processing file /opt/airflow/dags/dynamic_etl_dag.py for tasks to queue
[2026-05-08T09:35:29.743+0000] {logging_mixin.py:188} INFO - [2026-05-08T09:35:29.743+0000] {dagbag.py:545} INFO - Filling up the DagBag from /opt/airflow/dags/dynamic_etl_dag.py
[2026-05-08T09:35:30.450+0000] {processor.py:840} INFO - DAG(s) 'dynamic_etl_framework' retrieved from /opt/airflow/dags/dynamic_etl_dag.py
[2026-05-08T09:35:30.597+0000] {logging_mixin.py:188} INFO - [2026-05-08T09:35:30.597+0000] {dag.py:3096} INFO - Sync 1 DAGs
[2026-05-08T09:35:30.618+0000] {logging_mixin.py:188} INFO - [2026-05-08T09:35:30.617+0000] {dag.py:3954} INFO - Setting next_dagrun for dynamic_etl_framework to 2026-05-08 00:00:00+00:00, run_after=2026-05-09 00:00:00+00:00
[2026-05-08T09:35:30.646+0000] {processor.py:183} INFO - Processing /opt/airflow/dags/dynamic_etl_dag.py took 0.910 seconds
[2026-05-08T09:36:01.068+0000] {processor.py:161} INFO - Started process (PID=3541) to work on /opt/airflow/dags/dynamic_etl_dag.py
[2026-05-08T09:36:01.069+0000] {processor.py:830} INFO - Processing file /opt/airflow/dags/dynamic_etl_dag.py for tasks to queue
[2026-05-08T09:36:01.072+0000] {logging_mixin.py:188} INFO - [2026-05-08T09:36:01.072+0000] {dagbag.py:545} INFO - Filling up the DagBag from /opt/airflow/dags/dynamic_etl_dag.py
[2026-05-08T09:36:02.031+0000] {processor.py:840} INFO - DAG(s) 'dynamic_etl_framework' retrieved from /opt/airflow/dags/dynamic_etl_dag.py
[2026-05-08T09:36:02.192+0000] {logging_mixin.py:188} INFO - [2026-05-08T09:36:02.191+0000] {dag.py:3096} INFO - Sync 1 DAGs
[2026-05-08T09:36:02.216+0000] {logging_mixin.py:188} INFO - [2026-05-08T09:36:02.216+0000] {dag.py:3954} INFO - Setting next_dagrun for dynamic_etl_framework to 2026-05-08 00:00:00+00:00, run_after=2026-05-09 00:00:00+00:00
[2026-05-08T09:36:02.259+0000] {processor.py:183} INFO - Processing /opt/airflow/dags/dynamic_etl_dag.py took 1.197 seconds
[2026-05-08T09:36:32.473+0000] {processor.py:161} INFO - Started process (PID=3547) to work on /opt/airflow/dags/dynamic_etl_dag.py
[2026-05-08T09:36:32.475+0000] {processor.py:830} INFO - Processing file /opt/airflow/dags/dynamic_etl_dag.py for tasks to queue
[2026-05-08T09:36:32.477+0000] {logging_mixin.py:188} INFO - [2026-05-08T09:36:32.477+0000] {dagbag.py:545} INFO - Filling up the DagBag from /opt/airflow/dags/dynamic_etl_dag.py
[2026-05-08T09:36:33.177+0000] {processor.py:840} INFO - DAG(s) 'dynamic_etl_framework' retrieved from /opt/airflow/dags/dynamic_etl_dag.py
[2026-05-08T09:36:33.330+0000] {logging_mixin.py:188} INFO - [2026-05-08T09:36:33.330+0000] {dag.py:3096} INFO - Sync 1 DAGs
[2026-05-08T09:36:33.351+0000] {logging_mixin.py:188} INFO - [2026-05-08T09:36:33.350+0000] {dag.py:3954} INFO - Setting next_dagrun for dynamic_etl_framework to 2026-05-08 00:00:00+00:00, run_after=2026-05-09 00:00:00+00:00
[2026-05-08T09:36:33.386+0000] {processor.py:183} INFO - Processing /opt/airflow/dags/dynamic_etl_dag.py took 0.918 seconds
[2026-05-08T09:37:03.824+0000] {processor.py:161} INFO - Started process (PID=3553) to work on /opt/airflow/dags/dynamic_etl_dag.py
[2026-05-08T09:37:03.825+0000] {processor.py:830} INFO - Processing file /opt/airflow/dags/dynamic_etl_dag.py for tasks to queue
[2026-05-08T09:37:03.827+0000] {logging_mixin.py:188} INFO - [2026-05-08T09:37:03.827+0000] {dagbag.py:545} INFO - Filling up the DagBag from /opt/airflow/dags/dynamic_etl_dag.py
[2026-05-08T09:37:04.462+0000] {processor.py:840} INFO - DAG(s) 'dynamic_etl_framework' retrieved from /opt/airflow/dags/dynamic_etl_dag.py
[2026-05-08T09:37:04.615+0000] {logging_mixin.py:188} INFO - [2026-05-08T09:37:04.615+0000] {dag.py:3096} INFO - Sync 1 DAGs
[2026-05-08T09:37:04.636+0000] {logging_mixin.py:188} INFO - [2026-05-08T09:37:04.635+0000] {dag.py:3954} INFO - Setting next_dagrun for dynamic_etl_framework to 2026-05-08 00:00:00+00:00, run_after=2026-05-09 00:00:00+00:00
[2026-05-08T09:37:04.669+0000] {processor.py:183} INFO - Processing /opt/airflow/dags/dynamic_etl_dag.py took 0.852 seconds
[2026-05-08T09:37:35.083+0000] {processor.py:161} INFO - Started process (PID=3559) to work on /opt/airflow/dags/dynamic_etl_dag.py
[2026-05-08T09:37:35.084+0000] {processor.py:830} INFO - Processing file /opt/airflow/dags/dynamic_etl_dag.py for tasks to queue
[2026-05-08T09:37:35.086+0000] {logging_mixin.py:188} INFO - [2026-05-08T09:37:35.086+0000] {dagbag.py:545} INFO - Filling up the DagBag from /opt/airflow/dags/dynamic_etl_dag.py
[2026-05-08T09:37:35.811+0000] {processor.py:840} INFO - DAG(s) 'dynamic_etl_framework' retrieved from /opt/airflow/dags/dynamic_etl_dag.py
[2026-05-08T09:37:35.967+0000] {logging_mixin.py:188} INFO - [2026-05-08T09:37:35.966+0000] {dag.py:3096} INFO - Sync 1 DAGs
[2026-05-08T09:37:35.991+0000] {logging_mixin.py:188} INFO - [2026-05-08T09:37:35.990+0000] {dag.py:3954} INFO - Setting next_dagrun for dynamic_etl_framework to 2026-05-08 00:00:00+00:00, run_after=2026-05-09 00:00:00+00:00
[2026-05-08T09:37:36.023+0000] {processor.py:183} INFO - Processing /opt/airflow/dags/dynamic_etl_dag.py took 0.945 seconds
[2026-05-08T09:38:06.552+0000] {processor.py:161} INFO - Started process (PID=3565) to work on /opt/airflow/dags/dynamic_etl_dag.py
[2026-05-08T09:38:06.554+0000] {processor.py:830} INFO - Processing file /opt/airflow/dags/dynamic_etl_dag.py for tasks to queue
[2026-05-08T09:38:06.556+0000] {logging_mixin.py:188} INFO - [2026-05-08T09:38:06.556+0000] {dagbag.py:545} INFO - Filling up the DagBag from /opt/airflow/dags/dynamic_etl_dag.py
[2026-05-08T09:38:07.241+0000] {processor.py:840} INFO - DAG(s) 'dynamic_etl_framework' retrieved from /opt/airflow/dags/dynamic_etl_dag.py
[2026-05-08T09:38:07.402+0000] {logging_mixin.py:188} INFO - [2026-05-08T09:38:07.402+0000] {dag.py:3096} INFO - Sync 1 DAGs
[2026-05-08T09:38:07.424+0000] {logging_mixin.py:188} INFO - [2026-05-08T09:38:07.424+0000] {dag.py:3954} INFO - Setting next_dagrun for dynamic_etl_framework to 2026-05-08 00:00:00+00:00, run_after=2026-05-09 00:00:00+00:00
[2026-05-08T09:38:07.466+0000] {processor.py:183} INFO - Processing /opt/airflow/dags/dynamic_etl_dag.py took 0.919 seconds
[2026-05-08T09:38:37.991+0000] {processor.py:161} INFO - Started process (PID=3571) to work on /opt/airflow/dags/dynamic_etl_dag.py
[2026-05-08T09:38:37.992+0000] {processor.py:830} INFO - Processing file /opt/airflow/dags/dynamic_etl_dag.py for tasks to queue
[2026-05-08T09:38:37.994+0000] {logging_mixin.py:188} INFO - [2026-05-08T09:38:37.994+0000] {dagbag.py:545} INFO - Filling up the DagBag from /opt/airflow/dags/dynamic_etl_dag.py
[2026-05-08T09:38:38.757+0000] {processor.py:840} INFO - DAG(s) 'dynamic_etl_framework' retrieved from /opt/airflow/dags/dynamic_etl_dag.py
[2026-05-08T09:38:38.888+0000] {logging_mixin.py:188} INFO - [2026-05-08T09:38:38.887+0000] {dag.py:3096} INFO - Sync 1 DAGs
[2026-05-08T09:38:38.907+0000] {logging_mixin.py:188} INFO - [2026-05-08T09:38:38.907+0000] {dag.py:3954} INFO - Setting next_dagrun for dynamic_etl_framework to 2026-05-08 00:00:00+00:00, run_after=2026-05-09 00:00:00+00:00
[2026-05-08T09:38:38.940+0000] {processor.py:183} INFO - Processing /opt/airflow/dags/dynamic_etl_dag.py took 0.957 seconds
[2026-05-08T09:39:09.384+0000] {processor.py:161} INFO - Started process (PID=3577) to work on /opt/airflow/dags/dynamic_etl_dag.py
[2026-05-08T09:39:09.385+0000] {processor.py:830} INFO - Processing file /opt/airflow/dags/dynamic_etl_dag.py for tasks to queue
[2026-05-08T09:39:09.388+0000] {logging_mixin.py:188} INFO - [2026-05-08T09:39:09.387+0000] {dagbag.py:545} INFO - Filling up the DagBag from /opt/airflow/dags/dynamic_etl_dag.py
[2026-05-08T09:39:10.284+0000] {processor.py:840} INFO - DAG(s) 'dynamic_etl_framework' retrieved from /opt/airflow/dags/dynamic_etl_dag.py
[2026-05-08T09:39:10.442+0000] {logging_mixin.py:188} INFO - [2026-05-08T09:39:10.442+0000] {dag.py:3096} INFO - Sync 1 DAGs
[2026-05-08T09:39:10.466+0000] {logging_mixin.py:188} INFO - [2026-05-08T09:39:10.466+0000] {dag.py:3954} INFO - Setting next_dagrun for dynamic_etl_framework to 2026-05-08 00:00:00+00:00, run_after=2026-05-09 00:00:00+00:00
[2026-05-08T09:39:10.502+0000] {processor.py:183} INFO - Processing /opt/airflow/dags/dynamic_etl_dag.py took 1.124 seconds
[2026-05-08T09:39:40.835+0000] {processor.py:161} INFO - Started process (PID=3583) to work on /opt/airflow/dags/dynamic_etl_dag.py
[2026-05-08T09:39:40.836+0000] {processor.py:830} INFO - Processing file /opt/airflow/dags/dynamic_etl_dag.py for tasks to queue
[2026-05-08T09:39:40.838+0000] {logging_mixin.py:188} INFO - [2026-05-08T09:39:40.838+0000] {dagbag.py:545} INFO - Filling up the DagBag from /opt/airflow/dags/dynamic_etl_dag.py
[2026-05-08T09:39:41.583+0000] {processor.py:840} INFO - DAG(s) 'dynamic_etl_framework' retrieved from /opt/airflow/dags/dynamic_etl_dag.py
[2026-05-08T09:39:41.734+0000] {logging_mixin.py:188} INFO - [2026-05-08T09:39:41.734+0000] {dag.py:3096} INFO - Sync 1 DAGs
[2026-05-08T09:39:41.753+0000] {logging_mixin.py:188} INFO - [2026-05-08T09:39:41.753+0000] {dag.py:3954} INFO - Setting next_dagrun for dynamic_etl_framework to 2026-05-08 00:00:00+00:00, run_after=2026-05-09 00:00:00+00:00
[2026-05-08T09:39:41.785+0000] {processor.py:183} INFO - Processing /opt/airflow/dags/dynamic_etl_dag.py took 0.955 seconds
[2026-05-08T09:40:12.407+0000] {processor.py:161} INFO - Started process (PID=3589) to work on /opt/airflow/dags/dynamic_etl_dag.py
[2026-05-08T09:40:12.413+0000] {processor.py:830} INFO - Processing file /opt/airflow/dags/dynamic_etl_dag.py for tasks to queue
[2026-05-08T09:40:12.430+0000] {logging_mixin.py:188} INFO - [2026-05-08T09:40:12.429+0000] {dagbag.py:545} INFO - Filling up the DagBag from /opt/airflow/dags/dynamic_etl_dag.py
[2026-05-08T09:40:13.509+0000] {processor.py:840} INFO - DAG(s) 'dynamic_etl_framework' retrieved from /opt/airflow/dags/dynamic_etl_dag.py
[2026-05-08T09:40:13.709+0000] {logging_mixin.py:188} INFO - [2026-05-08T09:40:13.709+0000] {dag.py:3096} INFO - Sync 1 DAGs
[2026-05-08T09:40:13.732+0000] {logging_mixin.py:188} INFO - [2026-05-08T09:40:13.732+0000] {dag.py:3954} INFO - Setting next_dagrun for dynamic_etl_framework to 2026-05-08 00:00:00+00:00, run_after=2026-05-09 00:00:00+00:00
[2026-05-08T09:40:13.767+0000] {processor.py:183} INFO - Processing /opt/airflow/dags/dynamic_etl_dag.py took 1.411 seconds
[2026-05-08T09:40:44.235+0000] {processor.py:161} INFO - Started process (PID=3595) to work on /opt/airflow/dags/dynamic_etl_dag.py
[2026-05-08T09:40:44.237+0000] {processor.py:830} INFO - Processing file /opt/airflow/dags/dynamic_etl_dag.py for tasks to queue
[2026-05-08T09:40:44.239+0000] {logging_mixin.py:188} INFO - [2026-05-08T09:40:44.239+0000] {dagbag.py:545} INFO - Filling up the DagBag from /opt/airflow/dags/dynamic_etl_dag.py
[2026-05-08T09:40:44.922+0000] {processor.py:840} INFO - DAG(s) 'dynamic_etl_framework' retrieved from /opt/airflow/dags/dynamic_etl_dag.py
[2026-05-08T09:40:45.073+0000] {logging_mixin.py:188} INFO - [2026-05-08T09:40:45.073+0000] {dag.py:3096} INFO - Sync 1 DAGs
[2026-05-08T09:40:45.095+0000] {logging_mixin.py:188} INFO - [2026-05-08T09:40:45.095+0000] {dag.py:3954} INFO - Setting next_dagrun for dynamic_etl_framework to 2026-05-08 00:00:00+00:00, run_after=2026-05-09 00:00:00+00:00
[2026-05-08T09:40:45.137+0000] {processor.py:183} INFO - Processing /opt/airflow/dags/dynamic_etl_dag.py took 0.907 seconds
[2026-05-08T09:41:15.300+0000] {processor.py:161} INFO - Started process (PID=3601) to work on /opt/airflow/dags/dynamic_etl_dag.py
[2026-05-08T09:41:15.301+0000] {processor.py:830} INFO - Processing file /opt/airflow/dags/dynamic_etl_dag.py for tasks to queue
[2026-05-08T09:41:15.304+0000] {logging_mixin.py:188} INFO - [2026-05-08T09:41:15.304+0000] {dagbag.py:545} INFO - Filling up the DagBag from /opt/airflow/dags/dynamic_etl_dag.py
[2026-05-08T09:41:15.981+0000] {processor.py:840} INFO - DAG(s) 'dynamic_etl_framework' retrieved from /opt/airflow/dags/dynamic_etl_dag.py
[2026-05-08T09:41:16.149+0000] {logging_mixin.py:188} INFO - [2026-05-08T09:41:16.148+0000] {dag.py:3096} INFO - Sync 1 DAGs
[2026-05-08T09:41:16.171+0000] {logging_mixin.py:188} INFO - [2026-05-08T09:41:16.170+0000] {dag.py:3954} INFO - Setting next_dagrun for dynamic_etl_framework to 2026-05-08 00:00:00+00:00, run_after=2026-05-09 00:00:00+00:00
[2026-05-08T09:41:16.211+0000] {processor.py:183} INFO - Processing /opt/airflow/dags/dynamic_etl_dag.py took 0.916 seconds
[2026-05-08T09:41:46.753+0000] {processor.py:161} INFO - Started process (PID=3607) to work on /opt/airflow/dags/dynamic_etl_dag.py
[2026-05-08T09:41:46.754+0000] {processor.py:830} INFO - Processing file /opt/airflow/dags/dynamic_etl_dag.py for tasks to queue
[2026-05-08T09:41:46.757+0000] {logging_mixin.py:188} INFO - [2026-05-08T09:41:46.757+0000] {dagbag.py:545} INFO - Filling up the DagBag from /opt/airflow/dags/dynamic_etl_dag.py
[2026-05-08T09:41:47.455+0000] {processor.py:840} INFO - DAG(s) 'dynamic_etl_framework' retrieved from /opt/airflow/dags/dynamic_etl_dag.py
[2026-05-08T09:41:47.667+0000] {logging_mixin.py:188} INFO - [2026-05-08T09:41:47.666+0000] {dag.py:3096} INFO - Sync 1 DAGs
[2026-05-08T09:41:47.690+0000] {logging_mixin.py:188} INFO - [2026-05-08T09:41:47.690+0000] {dag.py:3954} INFO - Setting next_dagrun for dynamic_etl_framework to 2026-05-08 00:00:00+00:00, run_after=2026-05-09 00:00:00+00:00
[2026-05-08T09:41:47.735+0000] {processor.py:183} INFO - Processing /opt/airflow/dags/dynamic_etl_dag.py took 0.988 seconds
[2026-05-08T09:42:18.220+0000] {processor.py:161} INFO - Started process (PID=3613) to work on /opt/airflow/dags/dynamic_etl_dag.py
[2026-05-08T09:42:18.221+0000] {processor.py:830} INFO - Processing file /opt/airflow/dags/dynamic_etl_dag.py for tasks to queue
[2026-05-08T09:42:18.224+0000] {logging_mixin.py:188} INFO - [2026-05-08T09:42:18.223+0000] {dagbag.py:545} INFO - Filling up the DagBag from /opt/airflow/dags/dynamic_etl_dag.py
[2026-05-08T09:42:18.991+0000] {processor.py:840} INFO - DAG(s) 'dynamic_etl_framework' retrieved from /opt/airflow/dags/dynamic_etl_dag.py
[2026-05-08T09:42:19.144+0000] {logging_mixin.py:188} INFO - [2026-05-08T09:42:19.144+0000] {dag.py:3096} INFO - Sync 1 DAGs
[2026-05-08T09:42:19.170+0000] {logging_mixin.py:188} INFO - [2026-05-08T09:42:19.170+0000] {dag.py:3954} INFO - Setting next_dagrun for dynamic_etl_framework to 2026-05-08 00:00:00+00:00, run_after=2026-05-09 00:00:00+00:00
[2026-05-08T09:42:19.203+0000] {processor.py:183} INFO - Processing /opt/airflow/dags/dynamic_etl_dag.py took 0.988 seconds
[2026-05-08T09:42:49.673+0000] {processor.py:161} INFO - Started process (PID=3619) to work on /opt/airflow/dags/dynamic_etl_dag.py
[2026-05-08T09:42:49.674+0000] {processor.py:830} INFO - Processing file /opt/airflow/dags/dynamic_etl_dag.py for tasks to queue
[2026-05-08T09:42:49.677+0000] {logging_mixin.py:188} INFO - [2026-05-08T09:42:49.677+0000] {dagbag.py:545} INFO - Filling up the DagBag from /opt/airflow/dags/dynamic_etl_dag.py
[2026-05-08T09:42:50.391+0000] {processor.py:840} INFO - DAG(s) 'dynamic_etl_framework' retrieved from /opt/airflow/dags/dynamic_etl_dag.py
[2026-05-08T09:42:50.533+0000] {logging_mixin.py:188} INFO - [2026-05-08T09:42:50.532+0000] {dag.py:3096} INFO - Sync 1 DAGs
[2026-05-08T09:42:50.553+0000] {logging_mixin.py:188} INFO - [2026-05-08T09:42:50.553+0000] {dag.py:3954} INFO - Setting next_dagrun for dynamic_etl_framework to 2026-05-08 00:00:00+00:00, run_after=2026-05-09 00:00:00+00:00
[2026-05-08T09:42:50.592+0000] {processor.py:183} INFO - Processing /opt/airflow/dags/dynamic_etl_dag.py took 0.926 seconds
[2026-05-08T09:43:21.168+0000] {processor.py:161} INFO - Started process (PID=3625) to work on /opt/airflow/dags/dynamic_etl_dag.py
[2026-05-08T09:43:21.170+0000] {processor.py:830} INFO - Processing file /opt/airflow/dags/dynamic_etl_dag.py for tasks to queue
[2026-05-08T09:43:21.172+0000] {logging_mixin.py:188} INFO - [2026-05-08T09:43:21.171+0000] {dagbag.py:545} INFO - Filling up the DagBag from /opt/airflow/dags/dynamic_etl_dag.py
[2026-05-08T09:43:21.910+0000] {processor.py:840} INFO - DAG(s) 'dynamic_etl_framework' retrieved from /opt/airflow/dags/dynamic_etl_dag.py
[2026-05-08T09:43:22.066+0000] {logging_mixin.py:188} INFO - [2026-05-08T09:43:22.065+0000] {dag.py:3096} INFO - Sync 1 DAGs
[2026-05-08T09:43:22.086+0000] {logging_mixin.py:188} INFO - [2026-05-08T09:43:22.086+0000] {dag.py:3954} INFO - Setting next_dagrun for dynamic_etl_framework to 2026-05-08 00:00:00+00:00, run_after=2026-05-09 00:00:00+00:00
[2026-05-08T09:43:22.122+0000] {processor.py:183} INFO - Processing /opt/airflow/dags/dynamic_etl_dag.py took 0.958 seconds
[2026-05-08T09:43:52.543+0000] {processor.py:161} INFO - Started process (PID=3631) to work on /opt/airflow/dags/dynamic_etl_dag.py
[2026-05-08T09:43:52.544+0000] {processor.py:830} INFO - Processing file /opt/airflow/dags/dynamic_etl_dag.py for tasks to queue
[2026-05-08T09:43:52.547+0000] {logging_mixin.py:188} INFO - [2026-05-08T09:43:52.546+0000] {dagbag.py:545} INFO - Filling up the DagBag from /opt/airflow/dags/dynamic_etl_dag.py
[2026-05-08T09:43:53.296+0000] {processor.py:840} INFO - DAG(s) 'dynamic_etl_framework' retrieved from /opt/airflow/dags/dynamic_etl_dag.py
[2026-05-08T09:43:53.453+0000] {logging_mixin.py:188} INFO - [2026-05-08T09:43:53.452+0000] {dag.py:3096} INFO - Sync 1 DAGs
[2026-05-08T09:43:53.474+0000] {logging_mixin.py:188} INFO - [2026-05-08T09:43:53.474+0000] {dag.py:3954} INFO - Setting next_dagrun for dynamic_etl_framework to 2026-05-08 00:00:00+00:00, run_after=2026-05-09 00:00:00+00:00
[2026-05-08T09:43:53.507+0000] {processor.py:183} INFO - Processing /opt/airflow/dags/dynamic_etl_dag.py took 0.969 seconds
[2026-05-08T09:58:38.010+0000] {processor.py:161} INFO - Started process (PID=3637) to work on /opt/airflow/dags/dynamic_etl_dag.py
[2026-05-08T09:58:38.013+0000] {processor.py:830} INFO - Processing file /opt/airflow/dags/dynamic_etl_dag.py for tasks to queue
[2026-05-08T09:58:38.017+0000] {logging_mixin.py:188} INFO - [2026-05-08T09:58:38.017+0000] {dagbag.py:545} INFO - Filling up the DagBag from /opt/airflow/dags/dynamic_etl_dag.py
[2026-05-08T09:58:39.006+0000] {processor.py:840} INFO - DAG(s) 'dynamic_etl_framework' retrieved from /opt/airflow/dags/dynamic_etl_dag.py
[2026-05-08T09:58:39.362+0000] {logging_mixin.py:188} INFO - [2026-05-08T09:58:39.361+0000] {dag.py:3096} INFO - Sync 1 DAGs
[2026-05-08T09:58:39.411+0000] {logging_mixin.py:188} INFO - [2026-05-08T09:58:39.411+0000] {dag.py:3954} INFO - Setting next_dagrun for dynamic_etl_framework to 2026-05-08 00:00:00+00:00, run_after=2026-05-09 00:00:00+00:00
[2026-05-08T09:58:39.464+0000] {processor.py:183} INFO - Processing /opt/airflow/dags/dynamic_etl_dag.py took 1.462 seconds
[2026-05-08T09:59:10.123+0000] {processor.py:161} INFO - Started process (PID=3643) to work on /opt/airflow/dags/dynamic_etl_dag.py
[2026-05-08T09:59:10.124+0000] {processor.py:830} INFO - Processing file /opt/airflow/dags/dynamic_etl_dag.py for tasks to queue
[2026-05-08T09:59:10.126+0000] {logging_mixin.py:188} INFO - [2026-05-08T09:59:10.125+0000] {dagbag.py:545} INFO - Filling up the DagBag from /opt/airflow/dags/dynamic_etl_dag.py
[2026-05-08T09:59:10.796+0000] {processor.py:840} INFO - DAG(s) 'dynamic_etl_framework' retrieved from /opt/airflow/dags/dynamic_etl_dag.py
[2026-05-08T09:59:10.954+0000] {logging_mixin.py:188} INFO - [2026-05-08T09:59:10.953+0000] {dag.py:3096} INFO - Sync 1 DAGs
[2026-05-08T09:59:10.975+0000] {logging_mixin.py:188} INFO - [2026-05-08T09:59:10.975+0000] {dag.py:3954} INFO - Setting next_dagrun for dynamic_etl_framework to 2026-05-08 00:00:00+00:00, run_after=2026-05-09 00:00:00+00:00
[2026-05-08T09:59:11.013+0000] {processor.py:183} INFO - Processing /opt/airflow/dags/dynamic_etl_dag.py took 0.896 seconds
[2026-05-08T09:59:41.527+0000] {processor.py:161} INFO - Started process (PID=3649) to work on /opt/airflow/dags/dynamic_etl_dag.py
[2026-05-08T09:59:41.529+0000] {processor.py:830} INFO - Processing file /opt/airflow/dags/dynamic_etl_dag.py for tasks to queue
[2026-05-08T09:59:41.531+0000] {logging_mixin.py:188} INFO - [2026-05-08T09:59:41.531+0000] {dagbag.py:545} INFO - Filling up the DagBag from /opt/airflow/dags/dynamic_etl_dag.py
[2026-05-08T09:59:42.367+0000] {processor.py:840} INFO - DAG(s) 'dynamic_etl_framework' retrieved from /opt/airflow/dags/dynamic_etl_dag.py
[2026-05-08T09:59:42.563+0000] {logging_mixin.py:188} INFO - [2026-05-08T09:59:42.562+0000] {dag.py:3096} INFO - Sync 1 DAGs
[2026-05-08T09:59:42.598+0000] {logging_mixin.py:188} INFO - [2026-05-08T09:59:42.598+0000] {dag.py:3954} INFO - Setting next_dagrun for dynamic_etl_framework to 2026-05-08 00:00:00+00:00, run_after=2026-05-09 00:00:00+00:00
[2026-05-08T09:59:42.636+0000] {processor.py:183} INFO - Processing /opt/airflow/dags/dynamic_etl_dag.py took 1.114 seconds
[2026-05-08T10:00:12.912+0000] {processor.py:161} INFO - Started process (PID=3655) to work on /opt/airflow/dags/dynamic_etl_dag.py
[2026-05-08T10:00:12.913+0000] {processor.py:830} INFO - Processing file /opt/airflow/dags/dynamic_etl_dag.py for tasks to queue
[2026-05-08T10:00:12.915+0000] {logging_mixin.py:188} INFO - [2026-05-08T10:00:12.915+0000] {dagbag.py:545} INFO - Filling up the DagBag from /opt/airflow/dags/dynamic_etl_dag.py
[2026-05-08T10:00:13.548+0000] {processor.py:840} INFO - DAG(s) 'dynamic_etl_framework' retrieved from /opt/airflow/dags/dynamic_etl_dag.py
[2026-05-08T10:00:13.706+0000] {logging_mixin.py:188} INFO - [2026-05-08T10:00:13.706+0000] {dag.py:3096} INFO - Sync 1 DAGs
[2026-05-08T10:00:13.730+0000] {logging_mixin.py:188} INFO - [2026-05-08T10:00:13.729+0000] {dag.py:3954} INFO - Setting next_dagrun for dynamic_etl_framework to 2026-05-08 00:00:00+00:00, run_after=2026-05-09 00:00:00+00:00
[2026-05-08T10:00:13.763+0000] {processor.py:183} INFO - Processing /opt/airflow/dags/dynamic_etl_dag.py took 0.857 seconds
[2026-05-08T10:00:44.252+0000] {processor.py:161} INFO - Started process (PID=3661) to work on /opt/airflow/dags/dynamic_etl_dag.py
[2026-05-08T10:00:44.253+0000] {processor.py:830} INFO - Processing file /opt/airflow/dags/dynamic_etl_dag.py for tasks to queue
[2026-05-08T10:00:44.256+0000] {logging_mixin.py:188} INFO - [2026-05-08T10:00:44.255+0000] {dagbag.py:545} INFO - Filling up the DagBag from /opt/airflow/dags/dynamic_etl_dag.py
[2026-05-08T10:00:45.075+0000] {processor.py:840} INFO - DAG(s) 'dynamic_etl_framework' retrieved from /opt/airflow/dags/dynamic_etl_dag.py
[2026-05-08T10:00:45.244+0000] {logging_mixin.py:188} INFO - [2026-05-08T10:00:45.243+0000] {dag.py:3096} INFO - Sync 1 DAGs
[2026-05-08T10:00:45.268+0000] {logging_mixin.py:188} INFO - [2026-05-08T10:00:45.268+0000] {dag.py:3954} INFO - Setting next_dagrun for dynamic_etl_framework to 2026-05-08 00:00:00+00:00, run_after=2026-05-09 00:00:00+00:00
[2026-05-08T10:00:45.316+0000] {processor.py:183} INFO - Processing /opt/airflow/dags/dynamic_etl_dag.py took 1.069 seconds
[2026-05-08T10:01:15.905+0000] {processor.py:161} INFO - Started process (PID=3667) to work on /opt/airflow/dags/dynamic_etl_dag.py
[2026-05-08T10:01:15.907+0000] {processor.py:830} INFO - Processing file /opt/airflow/dags/dynamic_etl_dag.py for tasks to queue
[2026-05-08T10:01:15.910+0000] {logging_mixin.py:188} INFO - [2026-05-08T10:01:15.910+0000] {dagbag.py:545} INFO - Filling up the DagBag from /opt/airflow/dags/dynamic_etl_dag.py
[2026-05-08T10:01:16.608+0000] {processor.py:840} INFO - DAG(s) 'dynamic_etl_framework' retrieved from /opt/airflow/dags/dynamic_etl_dag.py
[2026-05-08T10:01:16.764+0000] {logging_mixin.py:188} INFO - [2026-05-08T10:01:16.763+0000] {dag.py:3096} INFO - Sync 1 DAGs
[2026-05-08T10:01:16.784+0000] {logging_mixin.py:188} INFO - [2026-05-08T10:01:16.784+0000] {dag.py:3954} INFO - Setting next_dagrun for dynamic_etl_framework to 2026-05-08 00:00:00+00:00, run_after=2026-05-09 00:00:00+00:00
[2026-05-08T10:01:16.819+0000] {processor.py:183} INFO - Processing /opt/airflow/dags/dynamic_etl_dag.py took 0.919 seconds
[2026-05-08T10:01:47.314+0000] {processor.py:161} INFO - Started process (PID=3673) to work on /opt/airflow/dags/dynamic_etl_dag.py
[2026-05-08T10:01:47.316+0000] {processor.py:830} INFO - Processing file /opt/airflow/dags/dynamic_etl_dag.py for tasks to queue
[2026-05-08T10:01:47.318+0000] {logging_mixin.py:188} INFO - [2026-05-08T10:01:47.318+0000] {dagbag.py:545} INFO - Filling up the DagBag from /opt/airflow/dags/dynamic_etl_dag.py
[2026-05-08T10:01:47.955+0000] {processor.py:840} INFO - DAG(s) 'dynamic_etl_framework' retrieved from /opt/airflow/dags/dynamic_etl_dag.py
[2026-05-08T10:01:48.102+0000] {logging_mixin.py:188} INFO - [2026-05-08T10:01:48.102+0000] {dag.py:3096} INFO - Sync 1 DAGs
[2026-05-08T10:01:48.123+0000] {logging_mixin.py:188} INFO - [2026-05-08T10:01:48.123+0000] {dag.py:3954} INFO - Setting next_dagrun for dynamic_etl_framework to 2026-05-08 00:00:00+00:00, run_after=2026-05-09 00:00:00+00:00
[2026-05-08T10:01:48.158+0000] {processor.py:183} INFO - Processing /opt/airflow/dags/dynamic_etl_dag.py took 0.849 seconds
[2026-05-08T10:02:18.819+0000] {processor.py:161} INFO - Started process (PID=3679) to work on /opt/airflow/dags/dynamic_etl_dag.py
[2026-05-08T10:02:18.820+0000] {processor.py:830} INFO - Processing file /opt/airflow/dags/dynamic_etl_dag.py for tasks to queue
[2026-05-08T10:02:18.823+0000] {logging_mixin.py:188} INFO - [2026-05-08T10:02:18.822+0000] {dagbag.py:545} INFO - Filling up the DagBag from /opt/airflow/dags/dynamic_etl_dag.py
[2026-05-08T10:02:19.589+0000] {processor.py:840} INFO - DAG(s) 'dynamic_etl_framework' retrieved from /opt/airflow/dags/dynamic_etl_dag.py
[2026-05-08T10:02:19.742+0000] {logging_mixin.py:188} INFO - [2026-05-08T10:02:19.742+0000] {dag.py:3096} INFO - Sync 1 DAGs
[2026-05-08T10:02:19.763+0000] {logging_mixin.py:188} INFO - [2026-05-08T10:02:19.763+0000] {dag.py:3954} INFO - Setting next_dagrun for dynamic_etl_framework to 2026-05-08 00:00:00+00:00, run_after=2026-05-09 00:00:00+00:00
[2026-05-08T10:02:19.795+0000] {processor.py:183} INFO - Processing /opt/airflow/dags/dynamic_etl_dag.py took 0.981 seconds
[2026-05-08T10:02:50.266+0000] {processor.py:161} INFO - Started process (PID=3685) to work on /opt/airflow/dags/dynamic_etl_dag.py
[2026-05-08T10:02:50.267+0000] {processor.py:830} INFO - Processing file /opt/airflow/dags/dynamic_etl_dag.py for tasks to queue
[2026-05-08T10:02:50.270+0000] {logging_mixin.py:188} INFO - [2026-05-08T10:02:50.269+0000] {dagbag.py:545} INFO - Filling up the DagBag from /opt/airflow/dags/dynamic_etl_dag.py
[2026-05-08T10:02:50.984+0000] {processor.py:840} INFO - DAG(s) 'dynamic_etl_framework' retrieved from /opt/airflow/dags/dynamic_etl_dag.py
[2026-05-08T10:02:51.136+0000] {logging_mixin.py:188} INFO - [2026-05-08T10:02:51.136+0000] {dag.py:3096} INFO - Sync 1 DAGs
[2026-05-08T10:02:51.157+0000] {logging_mixin.py:188} INFO - [2026-05-08T10:02:51.157+0000] {dag.py:3954} INFO - Setting next_dagrun for dynamic_etl_framework to 2026-05-08 00:00:00+00:00, run_after=2026-05-09 00:00:00+00:00
[2026-05-08T10:02:51.189+0000] {processor.py:183} INFO - Processing /opt/airflow/dags/dynamic_etl_dag.py took 0.931 seconds
[2026-05-08T10:03:21.681+0000] {processor.py:161} INFO - Started process (PID=3691) to work on /opt/airflow/dags/dynamic_etl_dag.py
[2026-05-08T10:03:21.682+0000] {processor.py:830} INFO - Processing file /opt/airflow/dags/dynamic_etl_dag.py for tasks to queue
[2026-05-08T10:03:21.685+0000] {logging_mixin.py:188} INFO - [2026-05-08T10:03:21.685+0000] {dagbag.py:545} INFO - Filling up the DagBag from /opt/airflow/dags/dynamic_etl_dag.py
[2026-05-08T10:03:22.463+0000] {processor.py:840} INFO - DAG(s) 'dynamic_etl_framework' retrieved from /opt/airflow/dags/dynamic_etl_dag.py
[2026-05-08T10:03:22.617+0000] {logging_mixin.py:188} INFO - [2026-05-08T10:03:22.616+0000] {dag.py:3096} INFO - Sync 1 DAGs
[2026-05-08T10:03:22.636+0000] {logging_mixin.py:188} INFO - [2026-05-08T10:03:22.636+0000] {dag.py:3954} INFO - Setting next_dagrun for dynamic_etl_framework to 2026-05-08 00:00:00+00:00, run_after=2026-05-09 00:00:00+00:00
[2026-05-08T10:03:22.667+0000] {processor.py:183} INFO - Processing /opt/airflow/dags/dynamic_etl_dag.py took 0.992 seconds
[2026-05-08T10:03:53.109+0000] {processor.py:161} INFO - Started process (PID=3697) to work on /opt/airflow/dags/dynamic_etl_dag.py
[2026-05-08T10:03:53.110+0000] {processor.py:830} INFO - Processing file /opt/airflow/dags/dynamic_etl_dag.py for tasks to queue
[2026-05-08T10:03:53.112+0000] {logging_mixin.py:188} INFO - [2026-05-08T10:03:53.112+0000] {dagbag.py:545} INFO - Filling up the DagBag from /opt/airflow/dags/dynamic_etl_dag.py
[2026-05-08T10:03:53.839+0000] {processor.py:840} INFO - DAG(s) 'dynamic_etl_framework' retrieved from /opt/airflow/dags/dynamic_etl_dag.py
[2026-05-08T10:03:54.014+0000] {logging_mixin.py:188} INFO - [2026-05-08T10:03:54.013+0000] {dag.py:3096} INFO - Sync 1 DAGs
[2026-05-08T10:03:54.033+0000] {logging_mixin.py:188} INFO - [2026-05-08T10:03:54.033+0000] {dag.py:3954} INFO - Setting next_dagrun for dynamic_etl_framework to 2026-05-08 00:00:00+00:00, run_after=2026-05-09 00:00:00+00:00
[2026-05-08T10:03:54.073+0000] {processor.py:183} INFO - Processing /opt/airflow/dags/dynamic_etl_dag.py took 0.969 seconds
[2026-05-08T10:04:24.568+0000] {processor.py:161} INFO - Started process (PID=3703) to work on /opt/airflow/dags/dynamic_etl_dag.py
[2026-05-08T10:04:24.569+0000] {processor.py:830} INFO - Processing file /opt/airflow/dags/dynamic_etl_dag.py for tasks to queue
[2026-05-08T10:04:24.572+0000] {logging_mixin.py:188} INFO - [2026-05-08T10:04:24.572+0000] {dagbag.py:545} INFO - Filling up the DagBag from /opt/airflow/dags/dynamic_etl_dag.py
[2026-05-08T10:04:25.266+0000] {processor.py:840} INFO - DAG(s) 'dynamic_etl_framework' retrieved from /opt/airflow/dags/dynamic_etl_dag.py
[2026-05-08T10:04:25.414+0000] {logging_mixin.py:188} INFO - [2026-05-08T10:04:25.413+0000] {dag.py:3096} INFO - Sync 1 DAGs
[2026-05-08T10:04:25.435+0000] {logging_mixin.py:188} INFO - [2026-05-08T10:04:25.435+0000] {dag.py:3954} INFO - Setting next_dagrun for dynamic_etl_framework to 2026-05-08 00:00:00+00:00, run_after=2026-05-09 00:00:00+00:00
[2026-05-08T10:04:25.465+0000] {processor.py:183} INFO - Processing /opt/airflow/dags/dynamic_etl_dag.py took 0.901 seconds
[2026-05-08T10:04:56.055+0000] {processor.py:161} INFO - Started process (PID=3709) to work on /opt/airflow/dags/dynamic_etl_dag.py
[2026-05-08T10:04:56.056+0000] {processor.py:830} INFO - Processing file /opt/airflow/dags/dynamic_etl_dag.py for tasks to queue
[2026-05-08T10:04:56.058+0000] {logging_mixin.py:188} INFO - [2026-05-08T10:04:56.058+0000] {dagbag.py:545} INFO - Filling up the DagBag from /opt/airflow/dags/dynamic_etl_dag.py
[2026-05-08T10:04:56.776+0000] {processor.py:840} INFO - DAG(s) 'dynamic_etl_framework' retrieved from /opt/airflow/dags/dynamic_etl_dag.py
[2026-05-08T10:04:56.930+0000] {logging_mixin.py:188} INFO - [2026-05-08T10:04:56.929+0000] {dag.py:3096} INFO - Sync 1 DAGs
[2026-05-08T10:04:56.953+0000] {logging_mixin.py:188} INFO - [2026-05-08T10:04:56.953+0000] {dag.py:3954} INFO - Setting next_dagrun for dynamic_etl_framework to 2026-05-08 00:00:00+00:00, run_after=2026-05-09 00:00:00+00:00
[2026-05-08T10:04:56.991+0000] {processor.py:183} INFO - Processing /opt/airflow/dags/dynamic_etl_dag.py took 0.941 seconds
[2026-05-08T10:05:27.447+0000] {processor.py:161} INFO - Started process (PID=3715) to work on /opt/airflow/dags/dynamic_etl_dag.py
[2026-05-08T10:05:27.449+0000] {processor.py:830} INFO - Processing file /opt/airflow/dags/dynamic_etl_dag.py for tasks to queue
[2026-05-08T10:05:27.452+0000] {logging_mixin.py:188} INFO - [2026-05-08T10:05:27.451+0000] {dagbag.py:545} INFO - Filling up the DagBag from /opt/airflow/dags/dynamic_etl_dag.py
[2026-05-08T10:05:28.255+0000] {processor.py:840} INFO - DAG(s) 'dynamic_etl_framework' retrieved from /opt/airflow/dags/dynamic_etl_dag.py
[2026-05-08T10:05:28.415+0000] {logging_mixin.py:188} INFO - [2026-05-08T10:05:28.414+0000] {dag.py:3096} INFO - Sync 1 DAGs
[2026-05-08T10:05:28.441+0000] {logging_mixin.py:188} INFO - [2026-05-08T10:05:28.441+0000] {dag.py:3954} INFO - Setting next_dagrun for dynamic_etl_framework to 2026-05-08 00:00:00+00:00, run_after=2026-05-09 00:00:00+00:00
[2026-05-08T10:05:28.487+0000] {processor.py:183} INFO - Processing /opt/airflow/dags/dynamic_etl_dag.py took 1.044 seconds
[2026-05-08T10:05:58.906+0000] {processor.py:161} INFO - Started process (PID=3721) to work on /opt/airflow/dags/dynamic_etl_dag.py
[2026-05-08T10:05:58.907+0000] {processor.py:830} INFO - Processing file /opt/airflow/dags/dynamic_etl_dag.py for tasks to queue
[2026-05-08T10:05:58.909+0000] {logging_mixin.py:188} INFO - [2026-05-08T10:05:58.909+0000] {dagbag.py:545} INFO - Filling up the DagBag from /opt/airflow/dags/dynamic_etl_dag.py
[2026-05-08T10:05:59.775+0000] {processor.py:840} INFO - DAG(s) 'dynamic_etl_framework' retrieved from /opt/airflow/dags/dynamic_etl_dag.py
[2026-05-08T10:05:59.934+0000] {logging_mixin.py:188} INFO - [2026-05-08T10:05:59.934+0000] {dag.py:3096} INFO - Sync 1 DAGs
[2026-05-08T10:05:59.954+0000] {logging_mixin.py:188} INFO - [2026-05-08T10:05:59.953+0000] {dag.py:3954} INFO - Setting next_dagrun for dynamic_etl_framework to 2026-05-08 00:00:00+00:00, run_after=2026-05-09 00:00:00+00:00
[2026-05-08T10:05:59.986+0000] {processor.py:183} INFO - Processing /opt/airflow/dags/dynamic_etl_dag.py took 1.085 seconds
[2026-05-08T10:06:30.397+0000] {processor.py:161} INFO - Started process (PID=3727) to work on /opt/airflow/dags/dynamic_etl_dag.py
[2026-05-08T10:06:30.399+0000] {processor.py:830} INFO - Processing file /opt/airflow/dags/dynamic_etl_dag.py for tasks to queue
[2026-05-08T10:06:30.401+0000] {logging_mixin.py:188} INFO - [2026-05-08T10:06:30.400+0000] {dagbag.py:545} INFO - Filling up the DagBag from /opt/airflow/dags/dynamic_etl_dag.py
[2026-05-08T10:06:31.178+0000] {processor.py:840} INFO - DAG(s) 'dynamic_etl_framework' retrieved from /opt/airflow/dags/dynamic_etl_dag.py
[2026-05-08T10:06:31.337+0000] {logging_mixin.py:188} INFO - [2026-05-08T10:06:31.336+0000] {dag.py:3096} INFO - Sync 1 DAGs
[2026-05-08T10:06:31.358+0000] {logging_mixin.py:188} INFO - [2026-05-08T10:06:31.357+0000] {dag.py:3954} INFO - Setting next_dagrun for dynamic_etl_framework to 2026-05-08 00:00:00+00:00, run_after=2026-05-09 00:00:00+00:00
[2026-05-08T10:06:31.390+0000] {processor.py:183} INFO - Processing /opt/airflow/dags/dynamic_etl_dag.py took 0.999 seconds
[2026-05-08T10:07:01.840+0000] {processor.py:161} INFO - Started process (PID=3733) to work on /opt/airflow/dags/dynamic_etl_dag.py
[2026-05-08T10:07:01.841+0000] {processor.py:830} INFO - Processing file /opt/airflow/dags/dynamic_etl_dag.py for tasks to queue
[2026-05-08T10:07:01.843+0000] {logging_mixin.py:188} INFO - [2026-05-08T10:07:01.843+0000] {dagbag.py:545} INFO - Filling up the DagBag from /opt/airflow/dags/dynamic_etl_dag.py
[2026-05-08T10:07:02.657+0000] {processor.py:840} INFO - DAG(s) 'dynamic_etl_framework' retrieved from /opt/airflow/dags/dynamic_etl_dag.py
[2026-05-08T10:07:02.918+0000] {logging_mixin.py:188} INFO - [2026-05-08T10:07:02.918+0000] {dag.py:3096} INFO - Sync 1 DAGs
[2026-05-08T10:07:02.938+0000] {logging_mixin.py:188} INFO - [2026-05-08T10:07:02.938+0000] {dag.py:3954} INFO - Setting next_dagrun for dynamic_etl_framework to 2026-05-08 00:00:00+00:00, run_after=2026-05-09 00:00:00+00:00
[2026-05-08T10:07:02.973+0000] {processor.py:183} INFO - Processing /opt/airflow/dags/dynamic_etl_dag.py took 1.138 seconds
[2026-05-08T10:07:33.307+0000] {processor.py:161} INFO - Started process (PID=3739) to work on /opt/airflow/dags/dynamic_etl_dag.py
[2026-05-08T10:07:33.308+0000] {processor.py:830} INFO - Processing file /opt/airflow/dags/dynamic_etl_dag.py for tasks to queue
[2026-05-08T10:07:33.311+0000] {logging_mixin.py:188} INFO - [2026-05-08T10:07:33.311+0000] {dagbag.py:545} INFO - Filling up the DagBag from /opt/airflow/dags/dynamic_etl_dag.py
[2026-05-08T10:07:34.008+0000] {processor.py:840} INFO - DAG(s) 'dynamic_etl_framework' retrieved from /opt/airflow/dags/dynamic_etl_dag.py
[2026-05-08T10:07:34.177+0000] {logging_mixin.py:188} INFO - [2026-05-08T10:07:34.176+0000] {dag.py:3096} INFO - Sync 1 DAGs
[2026-05-08T10:07:34.197+0000] {logging_mixin.py:188} INFO - [2026-05-08T10:07:34.196+0000] {dag.py:3954} INFO - Setting next_dagrun for dynamic_etl_framework to 2026-05-08 00:00:00+00:00, run_after=2026-05-09 00:00:00+00:00
[2026-05-08T10:07:34.232+0000] {processor.py:183} INFO - Processing /opt/airflow/dags/dynamic_etl_dag.py took 0.930 seconds
[2026-05-08T10:08:04.703+0000] {processor.py:161} INFO - Started process (PID=3745) to work on /opt/airflow/dags/dynamic_etl_dag.py
[2026-05-08T10:08:04.705+0000] {processor.py:830} INFO - Processing file /opt/airflow/dags/dynamic_etl_dag.py for tasks to queue
[2026-05-08T10:08:04.707+0000] {logging_mixin.py:188} INFO - [2026-05-08T10:08:04.706+0000] {dagbag.py:545} INFO - Filling up the DagBag from /opt/airflow/dags/dynamic_etl_dag.py
[2026-05-08T10:08:05.456+0000] {processor.py:840} INFO - DAG(s) 'dynamic_etl_framework' retrieved from /opt/airflow/dags/dynamic_etl_dag.py
[2026-05-08T10:08:05.609+0000] {logging_mixin.py:188} INFO - [2026-05-08T10:08:05.609+0000] {dag.py:3096} INFO - Sync 1 DAGs
[2026-05-08T10:08:05.630+0000] {logging_mixin.py:188} INFO - [2026-05-08T10:08:05.630+0000] {dag.py:3954} INFO - Setting next_dagrun for dynamic_etl_framework to 2026-05-08 00:00:00+00:00, run_after=2026-05-09 00:00:00+00:00
[2026-05-08T10:08:05.668+0000] {processor.py:183} INFO - Processing /opt/airflow/dags/dynamic_etl_dag.py took 0.969 seconds
[2026-05-08T10:08:36.080+0000] {processor.py:161} INFO - Started process (PID=3751) to work on /opt/airflow/dags/dynamic_etl_dag.py
[2026-05-08T10:08:36.082+0000] {processor.py:830} INFO - Processing file /opt/airflow/dags/dynamic_etl_dag.py for tasks to queue
[2026-05-08T10:08:36.085+0000] {logging_mixin.py:188} INFO - [2026-05-08T10:08:36.084+0000] {dagbag.py:545} INFO - Filling up the DagBag from /opt/airflow/dags/dynamic_etl_dag.py
[2026-05-08T10:08:36.857+0000] {processor.py:840} INFO - DAG(s) 'dynamic_etl_framework' retrieved from /opt/airflow/dags/dynamic_etl_dag.py
[2026-05-08T10:08:37.016+0000] {logging_mixin.py:188} INFO - [2026-05-08T10:08:37.015+0000] {dag.py:3096} INFO - Sync 1 DAGs
[2026-05-08T10:08:37.046+0000] {logging_mixin.py:188} INFO - [2026-05-08T10:08:37.046+0000] {dag.py:3954} INFO - Setting next_dagrun for dynamic_etl_framework to 2026-05-08 00:00:00+00:00, run_after=2026-05-09 00:00:00+00:00
[2026-05-08T10:08:37.083+0000] {processor.py:183} INFO - Processing /opt/airflow/dags/dynamic_etl_dag.py took 1.011 seconds
[2026-05-08T10:09:07.545+0000] {processor.py:161} INFO - Started process (PID=3757) to work on /opt/airflow/dags/dynamic_etl_dag.py
[2026-05-08T10:09:07.546+0000] {processor.py:830} INFO - Processing file /opt/airflow/dags/dynamic_etl_dag.py for tasks to queue
[2026-05-08T10:09:07.548+0000] {logging_mixin.py:188} INFO - [2026-05-08T10:09:07.548+0000] {dagbag.py:545} INFO - Filling up the DagBag from /opt/airflow/dags/dynamic_etl_dag.py
[2026-05-08T10:09:08.196+0000] {processor.py:840} INFO - DAG(s) 'dynamic_etl_framework' retrieved from /opt/airflow/dags/dynamic_etl_dag.py
[2026-05-08T10:09:08.370+0000] {logging_mixin.py:188} INFO - [2026-05-08T10:09:08.370+0000] {dag.py:3096} INFO - Sync 1 DAGs
[2026-05-08T10:09:08.405+0000] {logging_mixin.py:188} INFO - [2026-05-08T10:09:08.405+0000] {dag.py:3954} INFO - Setting next_dagrun for dynamic_etl_framework to 2026-05-08 00:00:00+00:00, run_after=2026-05-09 00:00:00+00:00
[2026-05-08T10:09:08.447+0000] {processor.py:183} INFO - Processing /opt/airflow/dags/dynamic_etl_dag.py took 0.906 seconds
[2026-05-08T10:09:38.916+0000] {processor.py:161} INFO - Started process (PID=3763) to work on /opt/airflow/dags/dynamic_etl_dag.py
[2026-05-08T10:09:38.917+0000] {processor.py:830} INFO - Processing file /opt/airflow/dags/dynamic_etl_dag.py for tasks to queue
[2026-05-08T10:09:38.919+0000] {logging_mixin.py:188} INFO - [2026-05-08T10:09:38.919+0000] {dagbag.py:545} INFO - Filling up the DagBag from /opt/airflow/dags/dynamic_etl_dag.py
[2026-05-08T10:09:39.626+0000] {processor.py:840} INFO - DAG(s) 'dynamic_etl_framework' retrieved from /opt/airflow/dags/dynamic_etl_dag.py
[2026-05-08T10:09:39.794+0000] {logging_mixin.py:188} INFO - [2026-05-08T10:09:39.794+0000] {dag.py:3096} INFO - Sync 1 DAGs
[2026-05-08T10:09:39.822+0000] {logging_mixin.py:188} INFO - [2026-05-08T10:09:39.822+0000] {dag.py:3954} INFO - Setting next_dagrun for dynamic_etl_framework to 2026-05-08 00:00:00+00:00, run_after=2026-05-09 00:00:00+00:00
[2026-05-08T10:09:39.863+0000] {processor.py:183} INFO - Processing /opt/airflow/dags/dynamic_etl_dag.py took 0.953 seconds
[2026-05-08T10:10:10.307+0000] {processor.py:161} INFO - Started process (PID=3769) to work on /opt/airflow/dags/dynamic_etl_dag.py
[2026-05-08T10:10:10.308+0000] {processor.py:830} INFO - Processing file /opt/airflow/dags/dynamic_etl_dag.py for tasks to queue
[2026-05-08T10:10:10.310+0000] {logging_mixin.py:188} INFO - [2026-05-08T10:10:10.310+0000] {dagbag.py:545} INFO - Filling up the DagBag from /opt/airflow/dags/dynamic_etl_dag.py
[2026-05-08T10:10:11.041+0000] {processor.py:840} INFO - DAG(s) 'dynamic_etl_framework' retrieved from /opt/airflow/dags/dynamic_etl_dag.py
[2026-05-08T10:10:11.200+0000] {logging_mixin.py:188} INFO - [2026-05-08T10:10:11.200+0000] {dag.py:3096} INFO - Sync 1 DAGs
[2026-05-08T10:10:11.223+0000] {logging_mixin.py:188} INFO - [2026-05-08T10:10:11.223+0000] {dag.py:3954} INFO - Setting next_dagrun for dynamic_etl_framework to 2026-05-08 00:00:00+00:00, run_after=2026-05-09 00:00:00+00:00
[2026-05-08T10:10:11.255+0000] {processor.py:183} INFO - Processing /opt/airflow/dags/dynamic_etl_dag.py took 0.952 seconds
[2026-05-08T10:10:41.768+0000] {processor.py:161} INFO - Started process (PID=3775) to work on /opt/airflow/dags/dynamic_etl_dag.py
[2026-05-08T10:10:41.769+0000] {processor.py:830} INFO - Processing file /opt/airflow/dags/dynamic_etl_dag.py for tasks to queue
[2026-05-08T10:10:41.771+0000] {logging_mixin.py:188} INFO - [2026-05-08T10:10:41.771+0000] {dagbag.py:545} INFO - Filling up the DagBag from /opt/airflow/dags/dynamic_etl_dag.py
[2026-05-08T10:10:42.525+0000] {processor.py:840} INFO - DAG(s) 'dynamic_etl_framework' retrieved from /opt/airflow/dags/dynamic_etl_dag.py
[2026-05-08T10:10:42.667+0000] {logging_mixin.py:188} INFO - [2026-05-08T10:10:42.667+0000] {dag.py:3096} INFO - Sync 1 DAGs
[2026-05-08T10:10:42.687+0000] {logging_mixin.py:188} INFO - [2026-05-08T10:10:42.687+0000] {dag.py:3954} INFO - Setting next_dagrun for dynamic_etl_framework to 2026-05-08 00:00:00+00:00, run_after=2026-05-09 00:00:00+00:00
[2026-05-08T10:10:42.722+0000] {processor.py:183} INFO - Processing /opt/airflow/dags/dynamic_etl_dag.py took 0.958 seconds
[2026-05-08T10:11:13.182+0000] {processor.py:161} INFO - Started process (PID=3781) to work on /opt/airflow/dags/dynamic_etl_dag.py
[2026-05-08T10:11:13.184+0000] {processor.py:830} INFO - Processing file /opt/airflow/dags/dynamic_etl_dag.py for tasks to queue
[2026-05-08T10:11:13.186+0000] {logging_mixin.py:188} INFO - [2026-05-08T10:11:13.185+0000] {dagbag.py:545} INFO - Filling up the DagBag from /opt/airflow/dags/dynamic_etl_dag.py
[2026-05-08T10:11:13.931+0000] {processor.py:840} INFO - DAG(s) 'dynamic_etl_framework' retrieved from /opt/airflow/dags/dynamic_etl_dag.py
[2026-05-08T10:11:14.093+0000] {logging_mixin.py:188} INFO - [2026-05-08T10:11:14.093+0000] {dag.py:3096} INFO - Sync 1 DAGs
[2026-05-08T10:11:14.118+0000] {logging_mixin.py:188} INFO - [2026-05-08T10:11:14.118+0000] {dag.py:3954} INFO - Setting next_dagrun for dynamic_etl_framework to 2026-05-08 00:00:00+00:00, run_after=2026-05-09 00:00:00+00:00
[2026-05-08T10:11:14.168+0000] {processor.py:183} INFO - Processing /opt/airflow/dags/dynamic_etl_dag.py took 0.990 seconds
[2026-05-08T10:11:44.632+0000] {processor.py:161} INFO - Started process (PID=3787) to work on /opt/airflow/dags/dynamic_etl_dag.py
[2026-05-08T10:11:44.634+0000] {processor.py:830} INFO - Processing file /opt/airflow/dags/dynamic_etl_dag.py for tasks to queue
[2026-05-08T10:11:44.636+0000] {logging_mixin.py:188} INFO - [2026-05-08T10:11:44.636+0000] {dagbag.py:545} INFO - Filling up the DagBag from /opt/airflow/dags/dynamic_etl_dag.py
[2026-05-08T10:11:45.340+0000] {processor.py:840} INFO - DAG(s) 'dynamic_etl_framework' retrieved from /opt/airflow/dags/dynamic_etl_dag.py
[2026-05-08T10:11:45.502+0000] {logging_mixin.py:188} INFO - [2026-05-08T10:11:45.501+0000] {dag.py:3096} INFO - Sync 1 DAGs
[2026-05-08T10:11:45.526+0000] {logging_mixin.py:188} INFO - [2026-05-08T10:11:45.525+0000] {dag.py:3954} INFO - Setting next_dagrun for dynamic_etl_framework to 2026-05-08 00:00:00+00:00, run_after=2026-05-09 00:00:00+00:00
[2026-05-08T10:11:45.572+0000] {processor.py:183} INFO - Processing /opt/airflow/dags/dynamic_etl_dag.py took 0.946 seconds
[2026-05-08T10:12:16.050+0000] {processor.py:161} INFO - Started process (PID=3793) to work on /opt/airflow/dags/dynamic_etl_dag.py
[2026-05-08T10:12:16.052+0000] {processor.py:830} INFO - Processing file /opt/airflow/dags/dynamic_etl_dag.py for tasks to queue
[2026-05-08T10:12:16.054+0000] {logging_mixin.py:188} INFO - [2026-05-08T10:12:16.054+0000] {dagbag.py:545} INFO - Filling up the DagBag from /opt/airflow/dags/dynamic_etl_dag.py
[2026-05-08T10:12:17.017+0000] {processor.py:840} INFO - DAG(s) 'dynamic_etl_framework' retrieved from /opt/airflow/dags/dynamic_etl_dag.py
[2026-05-08T10:12:17.180+0000] {logging_mixin.py:188} INFO - [2026-05-08T10:12:17.179+0000] {dag.py:3096} INFO - Sync 1 DAGs
[2026-05-08T10:12:17.202+0000] {logging_mixin.py:188} INFO - [2026-05-08T10:12:17.201+0000] {dag.py:3954} INFO - Setting next_dagrun for dynamic_etl_framework to 2026-05-08 00:00:00+00:00, run_after=2026-05-09 00:00:00+00:00
[2026-05-08T10:12:17.235+0000] {processor.py:183} INFO - Processing /opt/airflow/dags/dynamic_etl_dag.py took 1.190 seconds
[2026-05-08T10:12:47.433+0000] {processor.py:161} INFO - Started process (PID=3799) to work on /opt/airflow/dags/dynamic_etl_dag.py
[2026-05-08T10:12:47.434+0000] {processor.py:830} INFO - Processing file /opt/airflow/dags/dynamic_etl_dag.py for tasks to queue
[2026-05-08T10:12:47.437+0000] {logging_mixin.py:188} INFO - [2026-05-08T10:12:47.437+0000] {dagbag.py:545} INFO - Filling up the DagBag from /opt/airflow/dags/dynamic_etl_dag.py
[2026-05-08T10:12:48.095+0000] {processor.py:840} INFO - DAG(s) 'dynamic_etl_framework' retrieved from /opt/airflow/dags/dynamic_etl_dag.py
[2026-05-08T10:12:48.256+0000] {logging_mixin.py:188} INFO - [2026-05-08T10:12:48.256+0000] {dag.py:3096} INFO - Sync 1 DAGs
[2026-05-08T10:12:48.279+0000] {logging_mixin.py:188} INFO - [2026-05-08T10:12:48.278+0000] {dag.py:3954} INFO - Setting next_dagrun for dynamic_etl_framework to 2026-05-08 00:00:00+00:00, run_after=2026-05-09 00:00:00+00:00
[2026-05-08T10:12:48.316+0000] {processor.py:183} INFO - Processing /opt/airflow/dags/dynamic_etl_dag.py took 0.888 seconds
[2026-05-08T10:13:18.744+0000] {processor.py:161} INFO - Started process (PID=3805) to work on /opt/airflow/dags/dynamic_etl_dag.py
[2026-05-08T10:13:18.746+0000] {processor.py:830} INFO - Processing file /opt/airflow/dags/dynamic_etl_dag.py for tasks to queue
[2026-05-08T10:13:18.752+0000] {logging_mixin.py:188} INFO - [2026-05-08T10:13:18.751+0000] {dagbag.py:545} INFO - Filling up the DagBag from /opt/airflow/dags/dynamic_etl_dag.py
[2026-05-08T10:13:19.795+0000] {processor.py:840} INFO - DAG(s) 'dynamic_etl_framework' retrieved from /opt/airflow/dags/dynamic_etl_dag.py
[2026-05-08T10:13:19.981+0000] {logging_mixin.py:188} INFO - [2026-05-08T10:13:19.981+0000] {dag.py:3096} INFO - Sync 1 DAGs
[2026-05-08T10:13:20.008+0000] {logging_mixin.py:188} INFO - [2026-05-08T10:13:20.008+0000] {dag.py:3954} INFO - Setting next_dagrun for dynamic_etl_framework to 2026-05-08 00:00:00+00:00, run_after=2026-05-09 00:00:00+00:00
[2026-05-08T10:13:20.046+0000] {processor.py:183} INFO - Processing /opt/airflow/dags/dynamic_etl_dag.py took 1.312 seconds
[2026-05-08T10:13:50.566+0000] {processor.py:161} INFO - Started process (PID=3811) to work on /opt/airflow/dags/dynamic_etl_dag.py
[2026-05-08T10:13:50.567+0000] {processor.py:830} INFO - Processing file /opt/airflow/dags/dynamic_etl_dag.py for tasks to queue
[2026-05-08T10:13:50.570+0000] {logging_mixin.py:188} INFO - [2026-05-08T10:13:50.569+0000] {dagbag.py:545} INFO - Filling up the DagBag from /opt/airflow/dags/dynamic_etl_dag.py
[2026-05-08T10:13:51.456+0000] {processor.py:840} INFO - DAG(s) 'dynamic_etl_framework' retrieved from /opt/airflow/dags/dynamic_etl_dag.py
[2026-05-08T10:13:51.609+0000] {logging_mixin.py:188} INFO - [2026-05-08T10:13:51.609+0000] {dag.py:3096} INFO - Sync 1 DAGs
[2026-05-08T10:13:51.633+0000] {logging_mixin.py:188} INFO - [2026-05-08T10:13:51.633+0000] {dag.py:3954} INFO - Setting next_dagrun for dynamic_etl_framework to 2026-05-08 00:00:00+00:00, run_after=2026-05-09 00:00:00+00:00
[2026-05-08T10:13:51.665+0000] {processor.py:183} INFO - Processing /opt/airflow/dags/dynamic_etl_dag.py took 1.109 seconds
[2026-05-08T10:14:21.936+0000] {processor.py:161} INFO - Started process (PID=3817) to work on /opt/airflow/dags/dynamic_etl_dag.py
[2026-05-08T10:14:21.938+0000] {processor.py:830} INFO - Processing file /opt/airflow/dags/dynamic_etl_dag.py for tasks to queue
[2026-05-08T10:14:21.940+0000] {logging_mixin.py:188} INFO - [2026-05-08T10:14:21.940+0000] {dagbag.py:545} INFO - Filling up the DagBag from /opt/airflow/dags/dynamic_etl_dag.py
[2026-05-08T10:14:22.627+0000] {processor.py:840} INFO - DAG(s) 'dynamic_etl_framework' retrieved from /opt/airflow/dags/dynamic_etl_dag.py
[2026-05-08T10:14:22.784+0000] {logging_mixin.py:188} INFO - [2026-05-08T10:14:22.784+0000] {dag.py:3096} INFO - Sync 1 DAGs
[2026-05-08T10:14:22.806+0000] {logging_mixin.py:188} INFO - [2026-05-08T10:14:22.805+0000] {dag.py:3954} INFO - Setting next_dagrun for dynamic_etl_framework to 2026-05-08 00:00:00+00:00, run_after=2026-05-09 00:00:00+00:00
[2026-05-08T10:14:22.847+0000] {processor.py:183} INFO - Processing /opt/airflow/dags/dynamic_etl_dag.py took 0.916 seconds
[2026-05-08T10:14:53.273+0000] {processor.py:161} INFO - Started process (PID=3823) to work on /opt/airflow/dags/dynamic_etl_dag.py
[2026-05-08T10:14:53.274+0000] {processor.py:830} INFO - Processing file /opt/airflow/dags/dynamic_etl_dag.py for tasks to queue
[2026-05-08T10:14:53.277+0000] {logging_mixin.py:188} INFO - [2026-05-08T10:14:53.277+0000] {dagbag.py:545} INFO - Filling up the DagBag from /opt/airflow/dags/dynamic_etl_dag.py
[2026-05-08T10:14:54.017+0000] {processor.py:840} INFO - DAG(s) 'dynamic_etl_framework' retrieved from /opt/airflow/dags/dynamic_etl_dag.py
[2026-05-08T10:14:54.200+0000] {logging_mixin.py:188} INFO - [2026-05-08T10:14:54.199+0000] {dag.py:3096} INFO - Sync 1 DAGs
[2026-05-08T10:14:54.229+0000] {logging_mixin.py:188} INFO - [2026-05-08T10:14:54.229+0000] {dag.py:3954} INFO - Setting next_dagrun for dynamic_etl_framework to 2026-05-08 00:00:00+00:00, run_after=2026-05-09 00:00:00+00:00
[2026-05-08T10:14:54.277+0000] {processor.py:183} INFO - Processing /opt/airflow/dags/dynamic_etl_dag.py took 1.009 seconds
[2026-05-08T10:15:24.695+0000] {processor.py:161} INFO - Started process (PID=3829) to work on /opt/airflow/dags/dynamic_etl_dag.py
[2026-05-08T10:15:24.697+0000] {processor.py:830} INFO - Processing file /opt/airflow/dags/dynamic_etl_dag.py for tasks to queue
[2026-05-08T10:15:24.699+0000] {logging_mixin.py:188} INFO - [2026-05-08T10:15:24.699+0000] {dagbag.py:545} INFO - Filling up the DagBag from /opt/airflow/dags/dynamic_etl_dag.py
[2026-05-08T10:15:25.393+0000] {processor.py:840} INFO - DAG(s) 'dynamic_etl_framework' retrieved from /opt/airflow/dags/dynamic_etl_dag.py
[2026-05-08T10:15:25.544+0000] {logging_mixin.py:188} INFO - [2026-05-08T10:15:25.543+0000] {dag.py:3096} INFO - Sync 1 DAGs
[2026-05-08T10:15:25.562+0000] {logging_mixin.py:188} INFO - [2026-05-08T10:15:25.562+0000] {dag.py:3954} INFO - Setting next_dagrun for dynamic_etl_framework to 2026-05-08 00:00:00+00:00, run_after=2026-05-09 00:00:00+00:00
[2026-05-08T10:15:25.592+0000] {processor.py:183} INFO - Processing /opt/airflow/dags/dynamic_etl_dag.py took 0.902 seconds
[2026-05-08T10:15:56.260+0000] {processor.py:161} INFO - Started process (PID=3835) to work on /opt/airflow/dags/dynamic_etl_dag.py
[2026-05-08T10:15:56.262+0000] {processor.py:830} INFO - Processing file /opt/airflow/dags/dynamic_etl_dag.py for tasks to queue
[2026-05-08T10:15:56.263+0000] {logging_mixin.py:188} INFO - [2026-05-08T10:15:56.263+0000] {dagbag.py:545} INFO - Filling up the DagBag from /opt/airflow/dags/dynamic_etl_dag.py
[2026-05-08T10:15:56.993+0000] {processor.py:840} INFO - DAG(s) 'dynamic_etl_framework' retrieved from /opt/airflow/dags/dynamic_etl_dag.py
[2026-05-08T10:15:57.158+0000] {logging_mixin.py:188} INFO - [2026-05-08T10:15:57.158+0000] {dag.py:3096} INFO - Sync 1 DAGs
[2026-05-08T10:15:57.178+0000] {logging_mixin.py:188} INFO - [2026-05-08T10:15:57.178+0000] {dag.py:3954} INFO - Setting next_dagrun for dynamic_etl_framework to 2026-05-08 00:00:00+00:00, run_after=2026-05-09 00:00:00+00:00
[2026-05-08T10:15:57.211+0000] {processor.py:183} INFO - Processing /opt/airflow/dags/dynamic_etl_dag.py took 0.956 seconds
[2026-05-08T10:16:27.758+0000] {processor.py:161} INFO - Started process (PID=3841) to work on /opt/airflow/dags/dynamic_etl_dag.py
[2026-05-08T10:16:27.760+0000] {processor.py:830} INFO - Processing file /opt/airflow/dags/dynamic_etl_dag.py for tasks to queue
[2026-05-08T10:16:27.763+0000] {logging_mixin.py:188} INFO - [2026-05-08T10:16:27.762+0000] {dagbag.py:545} INFO - Filling up the DagBag from /opt/airflow/dags/dynamic_etl_dag.py
[2026-05-08T10:16:28.488+0000] {processor.py:840} INFO - DAG(s) 'dynamic_etl_framework' retrieved from /opt/airflow/dags/dynamic_etl_dag.py
[2026-05-08T10:16:28.643+0000] {logging_mixin.py:188} INFO - [2026-05-08T10:16:28.643+0000] {dag.py:3096} INFO - Sync 1 DAGs
[2026-05-08T10:16:28.664+0000] {logging_mixin.py:188} INFO - [2026-05-08T10:16:28.663+0000] {dag.py:3954} INFO - Setting next_dagrun for dynamic_etl_framework to 2026-05-08 00:00:00+00:00, run_after=2026-05-09 00:00:00+00:00
[2026-05-08T10:16:28.697+0000] {processor.py:183} INFO - Processing /opt/airflow/dags/dynamic_etl_dag.py took 0.944 seconds
[2026-05-08T10:16:59.325+0000] {processor.py:161} INFO - Started process (PID=3847) to work on /opt/airflow/dags/dynamic_etl_dag.py
[2026-05-08T10:16:59.326+0000] {processor.py:830} INFO - Processing file /opt/airflow/dags/dynamic_etl_dag.py for tasks to queue
[2026-05-08T10:16:59.328+0000] {logging_mixin.py:188} INFO - [2026-05-08T10:16:59.328+0000] {dagbag.py:545} INFO - Filling up the DagBag from /opt/airflow/dags/dynamic_etl_dag.py
[2026-05-08T10:17:00.092+0000] {processor.py:840} INFO - DAG(s) 'dynamic_etl_framework' retrieved from /opt/airflow/dags/dynamic_etl_dag.py
[2026-05-08T10:17:00.245+0000] {logging_mixin.py:188} INFO - [2026-05-08T10:17:00.245+0000] {dag.py:3096} INFO - Sync 1 DAGs
[2026-05-08T10:17:00.264+0000] {logging_mixin.py:188} INFO - [2026-05-08T10:17:00.263+0000] {dag.py:3954} INFO - Setting next_dagrun for dynamic_etl_framework to 2026-05-08 00:00:00+00:00, run_after=2026-05-09 00:00:00+00:00
[2026-05-08T10:17:00.306+0000] {processor.py:183} INFO - Processing /opt/airflow/dags/dynamic_etl_dag.py took 0.986 seconds
[2026-05-08T10:17:30.759+0000] {processor.py:161} INFO - Started process (PID=3853) to work on /opt/airflow/dags/dynamic_etl_dag.py
[2026-05-08T10:17:30.760+0000] {processor.py:830} INFO - Processing file /opt/airflow/dags/dynamic_etl_dag.py for tasks to queue
[2026-05-08T10:17:30.762+0000] {logging_mixin.py:188} INFO - [2026-05-08T10:17:30.762+0000] {dagbag.py:545} INFO - Filling up the DagBag from /opt/airflow/dags/dynamic_etl_dag.py
[2026-05-08T10:17:31.584+0000] {processor.py:840} INFO - DAG(s) 'dynamic_etl_framework' retrieved from /opt/airflow/dags/dynamic_etl_dag.py
[2026-05-08T10:17:31.732+0000] {logging_mixin.py:188} INFO - [2026-05-08T10:17:31.731+0000] {dag.py:3096} INFO - Sync 1 DAGs
[2026-05-08T10:17:31.753+0000] {logging_mixin.py:188} INFO - [2026-05-08T10:17:31.753+0000] {dag.py:3954} INFO - Setting next_dagrun for dynamic_etl_framework to 2026-05-08 00:00:00+00:00, run_after=2026-05-09 00:00:00+00:00
[2026-05-08T10:17:31.784+0000] {processor.py:183} INFO - Processing /opt/airflow/dags/dynamic_etl_dag.py took 1.032 seconds
[2026-05-08T10:18:02.233+0000] {processor.py:161} INFO - Started process (PID=3859) to work on /opt/airflow/dags/dynamic_etl_dag.py
[2026-05-08T10:18:02.235+0000] {processor.py:830} INFO - Processing file /opt/airflow/dags/dynamic_etl_dag.py for tasks to queue
[2026-05-08T10:18:02.237+0000] {logging_mixin.py:188} INFO - [2026-05-08T10:18:02.236+0000] {dagbag.py:545} INFO - Filling up the DagBag from /opt/airflow/dags/dynamic_etl_dag.py
[2026-05-08T10:18:02.979+0000] {processor.py:840} INFO - DAG(s) 'dynamic_etl_framework' retrieved from /opt/airflow/dags/dynamic_etl_dag.py
[2026-05-08T10:18:03.136+0000] {logging_mixin.py:188} INFO - [2026-05-08T10:18:03.135+0000] {dag.py:3096} INFO - Sync 1 DAGs
[2026-05-08T10:18:03.158+0000] {logging_mixin.py:188} INFO - [2026-05-08T10:18:03.158+0000] {dag.py:3954} INFO - Setting next_dagrun for dynamic_etl_framework to 2026-05-08 00:00:00+00:00, run_after=2026-05-09 00:00:00+00:00
[2026-05-08T10:18:03.201+0000] {processor.py:183} INFO - Processing /opt/airflow/dags/dynamic_etl_dag.py took 0.974 seconds
[2026-05-08T10:18:33.648+0000] {processor.py:161} INFO - Started process (PID=3865) to work on /opt/airflow/dags/dynamic_etl_dag.py
[2026-05-08T10:18:33.649+0000] {processor.py:830} INFO - Processing file /opt/airflow/dags/dynamic_etl_dag.py for tasks to queue
[2026-05-08T10:18:33.651+0000] {logging_mixin.py:188} INFO - [2026-05-08T10:18:33.651+0000] {dagbag.py:545} INFO - Filling up the DagBag from /opt/airflow/dags/dynamic_etl_dag.py
[2026-05-08T10:18:34.351+0000] {processor.py:840} INFO - DAG(s) 'dynamic_etl_framework' retrieved from /opt/airflow/dags/dynamic_etl_dag.py
[2026-05-08T10:18:34.505+0000] {logging_mixin.py:188} INFO - [2026-05-08T10:18:34.504+0000] {dag.py:3096} INFO - Sync 1 DAGs
[2026-05-08T10:18:34.525+0000] {logging_mixin.py:188} INFO - [2026-05-08T10:18:34.524+0000] {dag.py:3954} INFO - Setting next_dagrun for dynamic_etl_framework to 2026-05-08 00:00:00+00:00, run_after=2026-05-09 00:00:00+00:00
[2026-05-08T10:18:34.565+0000] {processor.py:183} INFO - Processing /opt/airflow/dags/dynamic_etl_dag.py took 0.921 seconds
[2026-05-08T10:19:05.107+0000] {processor.py:161} INFO - Started process (PID=3871) to work on /opt/airflow/dags/dynamic_etl_dag.py
[2026-05-08T10:19:05.109+0000] {processor.py:830} INFO - Processing file /opt/airflow/dags/dynamic_etl_dag.py for tasks to queue
[2026-05-08T10:19:05.112+0000] {logging_mixin.py:188} INFO - [2026-05-08T10:19:05.111+0000] {dagbag.py:545} INFO - Filling up the DagBag from /opt/airflow/dags/dynamic_etl_dag.py
[2026-05-08T10:19:05.886+0000] {processor.py:840} INFO - DAG(s) 'dynamic_etl_framework' retrieved from /opt/airflow/dags/dynamic_etl_dag.py
[2026-05-08T10:19:06.050+0000] {logging_mixin.py:188} INFO - [2026-05-08T10:19:06.050+0000] {dag.py:3096} INFO - Sync 1 DAGs
[2026-05-08T10:19:06.070+0000] {logging_mixin.py:188} INFO - [2026-05-08T10:19:06.069+0000] {dag.py:3954} INFO - Setting next_dagrun for dynamic_etl_framework to 2026-05-08 00:00:00+00:00, run_after=2026-05-09 00:00:00+00:00
[2026-05-08T10:19:06.102+0000] {processor.py:183} INFO - Processing /opt/airflow/dags/dynamic_etl_dag.py took 0.999 seconds
[2026-05-08T10:19:36.625+0000] {processor.py:161} INFO - Started process (PID=3877) to work on /opt/airflow/dags/dynamic_etl_dag.py
[2026-05-08T10:19:36.627+0000] {processor.py:830} INFO - Processing file /opt/airflow/dags/dynamic_etl_dag.py for tasks to queue
[2026-05-08T10:19:36.629+0000] {logging_mixin.py:188} INFO - [2026-05-08T10:19:36.629+0000] {dagbag.py:545} INFO - Filling up the DagBag from /opt/airflow/dags/dynamic_etl_dag.py
[2026-05-08T10:19:37.364+0000] {processor.py:840} INFO - DAG(s) 'dynamic_etl_framework' retrieved from /opt/airflow/dags/dynamic_etl_dag.py
[2026-05-08T10:19:37.524+0000] {logging_mixin.py:188} INFO - [2026-05-08T10:19:37.523+0000] {dag.py:3096} INFO - Sync 1 DAGs
[2026-05-08T10:19:37.543+0000] {logging_mixin.py:188} INFO - [2026-05-08T10:19:37.543+0000] {dag.py:3954} INFO - Setting next_dagrun for dynamic_etl_framework to 2026-05-08 00:00:00+00:00, run_after=2026-05-09 00:00:00+00:00
[2026-05-08T10:19:37.590+0000] {processor.py:183} INFO - Processing /opt/airflow/dags/dynamic_etl_dag.py took 0.969 seconds
[2026-05-08T10:20:08.212+0000] {processor.py:161} INFO - Started process (PID=3883) to work on /opt/airflow/dags/dynamic_etl_dag.py
[2026-05-08T10:20:08.214+0000] {processor.py:830} INFO - Processing file /opt/airflow/dags/dynamic_etl_dag.py for tasks to queue
[2026-05-08T10:20:08.216+0000] {logging_mixin.py:188} INFO - [2026-05-08T10:20:08.215+0000] {dagbag.py:545} INFO - Filling up the DagBag from /opt/airflow/dags/dynamic_etl_dag.py
[2026-05-08T10:20:08.929+0000] {processor.py:840} INFO - DAG(s) 'dynamic_etl_framework' retrieved from /opt/airflow/dags/dynamic_etl_dag.py
[2026-05-08T10:20:09.086+0000] {logging_mixin.py:188} INFO - [2026-05-08T10:20:09.086+0000] {dag.py:3096} INFO - Sync 1 DAGs
[2026-05-08T10:20:09.106+0000] {logging_mixin.py:188} INFO - [2026-05-08T10:20:09.106+0000] {dag.py:3954} INFO - Setting next_dagrun for dynamic_etl_framework to 2026-05-08 00:00:00+00:00, run_after=2026-05-09 00:00:00+00:00
[2026-05-08T10:20:09.143+0000] {processor.py:183} INFO - Processing /opt/airflow/dags/dynamic_etl_dag.py took 0.935 seconds
[2026-05-08T10:20:39.621+0000] {processor.py:161} INFO - Started process (PID=3889) to work on /opt/airflow/dags/dynamic_etl_dag.py
[2026-05-08T10:20:39.622+0000] {processor.py:830} INFO - Processing file /opt/airflow/dags/dynamic_etl_dag.py for tasks to queue
[2026-05-08T10:20:39.624+0000] {logging_mixin.py:188} INFO - [2026-05-08T10:20:39.624+0000] {dagbag.py:545} INFO - Filling up the DagBag from /opt/airflow/dags/dynamic_etl_dag.py
[2026-05-08T10:20:40.383+0000] {processor.py:840} INFO - DAG(s) 'dynamic_etl_framework' retrieved from /opt/airflow/dags/dynamic_etl_dag.py
[2026-05-08T10:20:40.550+0000] {logging_mixin.py:188} INFO - [2026-05-08T10:20:40.549+0000] {dag.py:3096} INFO - Sync 1 DAGs
[2026-05-08T10:20:40.571+0000] {logging_mixin.py:188} INFO - [2026-05-08T10:20:40.570+0000] {dag.py:3954} INFO - Setting next_dagrun for dynamic_etl_framework to 2026-05-08 00:00:00+00:00, run_after=2026-05-09 00:00:00+00:00
[2026-05-08T10:20:40.606+0000] {processor.py:183} INFO - Processing /opt/airflow/dags/dynamic_etl_dag.py took 0.990 seconds
[2026-05-08T10:21:11.039+0000] {processor.py:161} INFO - Started process (PID=3895) to work on /opt/airflow/dags/dynamic_etl_dag.py
[2026-05-08T10:21:11.042+0000] {processor.py:830} INFO - Processing file /opt/airflow/dags/dynamic_etl_dag.py for tasks to queue
[2026-05-08T10:21:11.044+0000] {logging_mixin.py:188} INFO - [2026-05-08T10:21:11.044+0000] {dagbag.py:545} INFO - Filling up the DagBag from /opt/airflow/dags/dynamic_etl_dag.py
[2026-05-08T10:21:11.804+0000] {processor.py:840} INFO - DAG(s) 'dynamic_etl_framework' retrieved from /opt/airflow/dags/dynamic_etl_dag.py
[2026-05-08T10:21:11.954+0000] {logging_mixin.py:188} INFO - [2026-05-08T10:21:11.953+0000] {dag.py:3096} INFO - Sync 1 DAGs
[2026-05-08T10:21:11.974+0000] {logging_mixin.py:188} INFO - [2026-05-08T10:21:11.974+0000] {dag.py:3954} INFO - Setting next_dagrun for dynamic_etl_framework to 2026-05-08 00:00:00+00:00, run_after=2026-05-09 00:00:00+00:00
[2026-05-08T10:21:12.006+0000] {processor.py:183} INFO - Processing /opt/airflow/dags/dynamic_etl_dag.py took 0.970 seconds
[2026-05-08T10:21:42.410+0000] {processor.py:161} INFO - Started process (PID=3901) to work on /opt/airflow/dags/dynamic_etl_dag.py
[2026-05-08T10:21:42.413+0000] {processor.py:830} INFO - Processing file /opt/airflow/dags/dynamic_etl_dag.py for tasks to queue
[2026-05-08T10:21:42.416+0000] {logging_mixin.py:188} INFO - [2026-05-08T10:21:42.415+0000] {dagbag.py:545} INFO - Filling up the DagBag from /opt/airflow/dags/dynamic_etl_dag.py
[2026-05-08T10:21:43.211+0000] {processor.py:840} INFO - DAG(s) 'dynamic_etl_framework' retrieved from /opt/airflow/dags/dynamic_etl_dag.py
[2026-05-08T10:21:43.363+0000] {logging_mixin.py:188} INFO - [2026-05-08T10:21:43.362+0000] {dag.py:3096} INFO - Sync 1 DAGs
[2026-05-08T10:21:43.384+0000] {logging_mixin.py:188} INFO - [2026-05-08T10:21:43.384+0000] {dag.py:3954} INFO - Setting next_dagrun for dynamic_etl_framework to 2026-05-08 00:00:00+00:00, run_after=2026-05-09 00:00:00+00:00
[2026-05-08T10:21:43.416+0000] {processor.py:183} INFO - Processing /opt/airflow/dags/dynamic_etl_dag.py took 1.011 seconds
[2026-05-08T10:22:13.800+0000] {processor.py:161} INFO - Started process (PID=3907) to work on /opt/airflow/dags/dynamic_etl_dag.py
[2026-05-08T10:22:13.805+0000] {processor.py:830} INFO - Processing file /opt/airflow/dags/dynamic_etl_dag.py for tasks to queue
[2026-05-08T10:22:13.812+0000] {logging_mixin.py:188} INFO - [2026-05-08T10:22:13.812+0000] {dagbag.py:545} INFO - Filling up the DagBag from /opt/airflow/dags/dynamic_etl_dag.py
[2026-05-08T10:22:14.575+0000] {processor.py:840} INFO - DAG(s) 'dynamic_etl_framework' retrieved from /opt/airflow/dags/dynamic_etl_dag.py
[2026-05-08T10:22:14.738+0000] {logging_mixin.py:188} INFO - [2026-05-08T10:22:14.738+0000] {dag.py:3096} INFO - Sync 1 DAGs
[2026-05-08T10:22:14.768+0000] {logging_mixin.py:188} INFO - [2026-05-08T10:22:14.768+0000] {dag.py:3954} INFO - Setting next_dagrun for dynamic_etl_framework to 2026-05-08 00:00:00+00:00, run_after=2026-05-09 00:00:00+00:00
[2026-05-08T10:22:14.820+0000] {processor.py:183} INFO - Processing /opt/airflow/dags/dynamic_etl_dag.py took 1.024 seconds
[2026-05-08T10:22:45.320+0000] {processor.py:161} INFO - Started process (PID=3913) to work on /opt/airflow/dags/dynamic_etl_dag.py
[2026-05-08T10:22:45.321+0000] {processor.py:830} INFO - Processing file /opt/airflow/dags/dynamic_etl_dag.py for tasks to queue
[2026-05-08T10:22:45.324+0000] {logging_mixin.py:188} INFO - [2026-05-08T10:22:45.323+0000] {dagbag.py:545} INFO - Filling up the DagBag from /opt/airflow/dags/dynamic_etl_dag.py
[2026-05-08T10:22:46.089+0000] {processor.py:840} INFO - DAG(s) 'dynamic_etl_framework' retrieved from /opt/airflow/dags/dynamic_etl_dag.py
[2026-05-08T10:22:46.235+0000] {logging_mixin.py:188} INFO - [2026-05-08T10:22:46.234+0000] {dag.py:3096} INFO - Sync 1 DAGs
[2026-05-08T10:22:46.254+0000] {logging_mixin.py:188} INFO - [2026-05-08T10:22:46.254+0000] {dag.py:3954} INFO - Setting next_dagrun for dynamic_etl_framework to 2026-05-08 00:00:00+00:00, run_after=2026-05-09 00:00:00+00:00
[2026-05-08T10:22:46.288+0000] {processor.py:183} INFO - Processing /opt/airflow/dags/dynamic_etl_dag.py took 0.974 seconds
[2026-05-08T10:23:16.720+0000] {processor.py:161} INFO - Started process (PID=3919) to work on /opt/airflow/dags/dynamic_etl_dag.py
[2026-05-08T10:23:16.721+0000] {processor.py:830} INFO - Processing file /opt/airflow/dags/dynamic_etl_dag.py for tasks to queue
[2026-05-08T10:23:16.723+0000] {logging_mixin.py:188} INFO - [2026-05-08T10:23:16.723+0000] {dagbag.py:545} INFO - Filling up the DagBag from /opt/airflow/dags/dynamic_etl_dag.py
[2026-05-08T10:23:17.432+0000] {processor.py:840} INFO - DAG(s) 'dynamic_etl_framework' retrieved from /opt/airflow/dags/dynamic_etl_dag.py
[2026-05-08T10:23:17.610+0000] {logging_mixin.py:188} INFO - [2026-05-08T10:23:17.609+0000] {dag.py:3096} INFO - Sync 1 DAGs
[2026-05-08T10:23:17.632+0000] {logging_mixin.py:188} INFO - [2026-05-08T10:23:17.631+0000] {dag.py:3954} INFO - Setting next_dagrun for dynamic_etl_framework to 2026-05-08 00:00:00+00:00, run_after=2026-05-09 00:00:00+00:00
[2026-05-08T10:23:17.667+0000] {processor.py:183} INFO - Processing /opt/airflow/dags/dynamic_etl_dag.py took 0.951 seconds
[2026-05-08T10:23:48.224+0000] {processor.py:161} INFO - Started process (PID=3925) to work on /opt/airflow/dags/dynamic_etl_dag.py
[2026-05-08T10:23:48.225+0000] {processor.py:830} INFO - Processing file /opt/airflow/dags/dynamic_etl_dag.py for tasks to queue
[2026-05-08T10:23:48.227+0000] {logging_mixin.py:188} INFO - [2026-05-08T10:23:48.227+0000] {dagbag.py:545} INFO - Filling up the DagBag from /opt/airflow/dags/dynamic_etl_dag.py
[2026-05-08T10:23:48.994+0000] {processor.py:840} INFO - DAG(s) 'dynamic_etl_framework' retrieved from /opt/airflow/dags/dynamic_etl_dag.py
[2026-05-08T10:23:49.152+0000] {logging_mixin.py:188} INFO - [2026-05-08T10:23:49.151+0000] {dag.py:3096} INFO - Sync 1 DAGs
[2026-05-08T10:23:49.175+0000] {logging_mixin.py:188} INFO - [2026-05-08T10:23:49.175+0000] {dag.py:3954} INFO - Setting next_dagrun for dynamic_etl_framework to 2026-05-08 00:00:00+00:00, run_after=2026-05-09 00:00:00+00:00
[2026-05-08T10:23:49.216+0000] {processor.py:183} INFO - Processing /opt/airflow/dags/dynamic_etl_dag.py took 0.996 seconds
[2026-05-08T10:24:19.605+0000] {processor.py:161} INFO - Started process (PID=3931) to work on /opt/airflow/dags/dynamic_etl_dag.py
[2026-05-08T10:24:19.607+0000] {processor.py:830} INFO - Processing file /opt/airflow/dags/dynamic_etl_dag.py for tasks to queue
[2026-05-08T10:24:19.611+0000] {logging_mixin.py:188} INFO - [2026-05-08T10:24:19.610+0000] {dagbag.py:545} INFO - Filling up the DagBag from /opt/airflow/dags/dynamic_etl_dag.py
[2026-05-08T10:24:20.311+0000] {processor.py:840} INFO - DAG(s) 'dynamic_etl_framework' retrieved from /opt/airflow/dags/dynamic_etl_dag.py
[2026-05-08T10:24:20.463+0000] {logging_mixin.py:188} INFO - [2026-05-08T10:24:20.462+0000] {dag.py:3096} INFO - Sync 1 DAGs
[2026-05-08T10:24:20.488+0000] {logging_mixin.py:188} INFO - [2026-05-08T10:24:20.487+0000] {dag.py:3954} INFO - Setting next_dagrun for dynamic_etl_framework to 2026-05-08 00:00:00+00:00, run_after=2026-05-09 00:00:00+00:00
[2026-05-08T10:24:20.518+0000] {processor.py:183} INFO - Processing /opt/airflow/dags/dynamic_etl_dag.py took 0.917 seconds
[2026-05-08T10:24:50.906+0000] {processor.py:161} INFO - Started process (PID=3937) to work on /opt/airflow/dags/dynamic_etl_dag.py
[2026-05-08T10:24:50.907+0000] {processor.py:830} INFO - Processing file /opt/airflow/dags/dynamic_etl_dag.py for tasks to queue
[2026-05-08T10:24:50.909+0000] {logging_mixin.py:188} INFO - [2026-05-08T10:24:50.908+0000] {dagbag.py:545} INFO - Filling up the DagBag from /opt/airflow/dags/dynamic_etl_dag.py
[2026-05-08T10:24:51.661+0000] {processor.py:840} INFO - DAG(s) 'dynamic_etl_framework' retrieved from /opt/airflow/dags/dynamic_etl_dag.py
[2026-05-08T10:24:52.007+0000] {logging_mixin.py:188} INFO - [2026-05-08T10:24:52.007+0000] {dag.py:3096} INFO - Sync 1 DAGs
[2026-05-08T10:24:52.026+0000] {logging_mixin.py:188} INFO - [2026-05-08T10:24:52.026+0000] {dag.py:3954} INFO - Setting next_dagrun for dynamic_etl_framework to 2026-05-08 00:00:00+00:00, run_after=2026-05-09 00:00:00+00:00
[2026-05-08T10:24:52.061+0000] {processor.py:183} INFO - Processing /opt/airflow/dags/dynamic_etl_dag.py took 1.162 seconds
[2026-05-08T10:25:22.355+0000] {processor.py:161} INFO - Started process (PID=3943) to work on /opt/airflow/dags/dynamic_etl_dag.py
[2026-05-08T10:25:22.356+0000] {processor.py:830} INFO - Processing file /opt/airflow/dags/dynamic_etl_dag.py for tasks to queue
[2026-05-08T10:25:22.358+0000] {logging_mixin.py:188} INFO - [2026-05-08T10:25:22.358+0000] {dagbag.py:545} INFO - Filling up the DagBag from /opt/airflow/dags/dynamic_etl_dag.py
[2026-05-08T10:25:23.100+0000] {processor.py:840} INFO - DAG(s) 'dynamic_etl_framework' retrieved from /opt/airflow/dags/dynamic_etl_dag.py
[2026-05-08T10:25:23.258+0000] {logging_mixin.py:188} INFO - [2026-05-08T10:25:23.257+0000] {dag.py:3096} INFO - Sync 1 DAGs
[2026-05-08T10:25:23.279+0000] {logging_mixin.py:188} INFO - [2026-05-08T10:25:23.279+0000] {dag.py:3954} INFO - Setting next_dagrun for dynamic_etl_framework to 2026-05-08 00:00:00+00:00, run_after=2026-05-09 00:00:00+00:00
[2026-05-08T10:25:23.318+0000] {processor.py:183} INFO - Processing /opt/airflow/dags/dynamic_etl_dag.py took 0.969 seconds
[2026-05-08T10:25:53.883+0000] {processor.py:161} INFO - Started process (PID=3949) to work on /opt/airflow/dags/dynamic_etl_dag.py
[2026-05-08T10:25:53.884+0000] {processor.py:830} INFO - Processing file /opt/airflow/dags/dynamic_etl_dag.py for tasks to queue
[2026-05-08T10:25:53.887+0000] {logging_mixin.py:188} INFO - [2026-05-08T10:25:53.886+0000] {dagbag.py:545} INFO - Filling up the DagBag from /opt/airflow/dags/dynamic_etl_dag.py
[2026-05-08T10:25:54.682+0000] {processor.py:840} INFO - DAG(s) 'dynamic_etl_framework' retrieved from /opt/airflow/dags/dynamic_etl_dag.py
[2026-05-08T10:25:54.849+0000] {logging_mixin.py:188} INFO - [2026-05-08T10:25:54.849+0000] {dag.py:3096} INFO - Sync 1 DAGs
[2026-05-08T10:25:54.870+0000] {logging_mixin.py:188} INFO - [2026-05-08T10:25:54.870+0000] {dag.py:3954} INFO - Setting next_dagrun for dynamic_etl_framework to 2026-05-08 00:00:00+00:00, run_after=2026-05-09 00:00:00+00:00
[2026-05-08T10:25:54.903+0000] {processor.py:183} INFO - Processing /opt/airflow/dags/dynamic_etl_dag.py took 1.025 seconds
[2026-05-08T10:26:25.264+0000] {processor.py:161} INFO - Started process (PID=3955) to work on /opt/airflow/dags/dynamic_etl_dag.py
[2026-05-08T10:26:25.265+0000] {processor.py:830} INFO - Processing file /opt/airflow/dags/dynamic_etl_dag.py for tasks to queue
[2026-05-08T10:26:25.267+0000] {logging_mixin.py:188} INFO - [2026-05-08T10:26:25.266+0000] {dagbag.py:545} INFO - Filling up the DagBag from /opt/airflow/dags/dynamic_etl_dag.py
[2026-05-08T10:26:25.987+0000] {processor.py:840} INFO - DAG(s) 'dynamic_etl_framework' retrieved from /opt/airflow/dags/dynamic_etl_dag.py
[2026-05-08T10:26:26.146+0000] {logging_mixin.py:188} INFO - [2026-05-08T10:26:26.146+0000] {dag.py:3096} INFO - Sync 1 DAGs
[2026-05-08T10:26:26.167+0000] {logging_mixin.py:188} INFO - [2026-05-08T10:26:26.167+0000] {dag.py:3954} INFO - Setting next_dagrun for dynamic_etl_framework to 2026-05-08 00:00:00+00:00, run_after=2026-05-09 00:00:00+00:00
[2026-05-08T10:26:26.206+0000] {processor.py:183} INFO - Processing /opt/airflow/dags/dynamic_etl_dag.py took 0.947 seconds
[2026-05-08T10:26:56.650+0000] {processor.py:161} INFO - Started process (PID=3961) to work on /opt/airflow/dags/dynamic_etl_dag.py
[2026-05-08T10:26:56.651+0000] {processor.py:830} INFO - Processing file /opt/airflow/dags/dynamic_etl_dag.py for tasks to queue
[2026-05-08T10:26:56.653+0000] {logging_mixin.py:188} INFO - [2026-05-08T10:26:56.652+0000] {dagbag.py:545} INFO - Filling up the DagBag from /opt/airflow/dags/dynamic_etl_dag.py
[2026-05-08T10:26:57.349+0000] {processor.py:840} INFO - DAG(s) 'dynamic_etl_framework' retrieved from /opt/airflow/dags/dynamic_etl_dag.py
[2026-05-08T10:26:57.501+0000] {logging_mixin.py:188} INFO - [2026-05-08T10:26:57.501+0000] {dag.py:3096} INFO - Sync 1 DAGs
[2026-05-08T10:26:57.522+0000] {logging_mixin.py:188} INFO - [2026-05-08T10:26:57.521+0000] {dag.py:3954} INFO - Setting next_dagrun for dynamic_etl_framework to 2026-05-08 00:00:00+00:00, run_after=2026-05-09 00:00:00+00:00
[2026-05-08T10:26:57.556+0000] {processor.py:183} INFO - Processing /opt/airflow/dags/dynamic_etl_dag.py took 0.911 seconds
[2026-05-08T10:27:28.129+0000] {processor.py:161} INFO - Started process (PID=3967) to work on /opt/airflow/dags/dynamic_etl_dag.py
[2026-05-08T10:27:28.130+0000] {processor.py:830} INFO - Processing file /opt/airflow/dags/dynamic_etl_dag.py for tasks to queue
[2026-05-08T10:27:28.132+0000] {logging_mixin.py:188} INFO - [2026-05-08T10:27:28.132+0000] {dagbag.py:545} INFO - Filling up the DagBag from /opt/airflow/dags/dynamic_etl_dag.py
[2026-05-08T10:27:28.831+0000] {processor.py:840} INFO - DAG(s) 'dynamic_etl_framework' retrieved from /opt/airflow/dags/dynamic_etl_dag.py
[2026-05-08T10:27:28.988+0000] {logging_mixin.py:188} INFO - [2026-05-08T10:27:28.987+0000] {dag.py:3096} INFO - Sync 1 DAGs
[2026-05-08T10:27:29.010+0000] {logging_mixin.py:188} INFO - [2026-05-08T10:27:29.009+0000] {dag.py:3954} INFO - Setting next_dagrun for dynamic_etl_framework to 2026-05-08 00:00:00+00:00, run_after=2026-05-09 00:00:00+00:00
[2026-05-08T10:27:29.045+0000] {processor.py:183} INFO - Processing /opt/airflow/dags/dynamic_etl_dag.py took 0.922 seconds
[2026-05-08T10:27:59.489+0000] {processor.py:161} INFO - Started process (PID=3973) to work on /opt/airflow/dags/dynamic_etl_dag.py
[2026-05-08T10:27:59.490+0000] {processor.py:830} INFO - Processing file /opt/airflow/dags/dynamic_etl_dag.py for tasks to queue
[2026-05-08T10:27:59.493+0000] {logging_mixin.py:188} INFO - [2026-05-08T10:27:59.492+0000] {dagbag.py:545} INFO - Filling up the DagBag from /opt/airflow/dags/dynamic_etl_dag.py
[2026-05-08T10:28:00.201+0000] {processor.py:840} INFO - DAG(s) 'dynamic_etl_framework' retrieved from /opt/airflow/dags/dynamic_etl_dag.py
[2026-05-08T10:28:00.342+0000] {logging_mixin.py:188} INFO - [2026-05-08T10:28:00.342+0000] {dag.py:3096} INFO - Sync 1 DAGs
[2026-05-08T10:28:00.360+0000] {logging_mixin.py:188} INFO - [2026-05-08T10:28:00.360+0000] {dag.py:3954} INFO - Setting next_dagrun for dynamic_etl_framework to 2026-05-08 00:00:00+00:00, run_after=2026-05-09 00:00:00+00:00
[2026-05-08T10:28:00.390+0000] {processor.py:183} INFO - Processing /opt/airflow/dags/dynamic_etl_dag.py took 0.905 seconds
[2026-05-08T10:28:31.096+0000] {processor.py:161} INFO - Started process (PID=3979) to work on /opt/airflow/dags/dynamic_etl_dag.py
[2026-05-08T10:28:31.098+0000] {processor.py:830} INFO - Processing file /opt/airflow/dags/dynamic_etl_dag.py for tasks to queue
[2026-05-08T10:28:31.121+0000] {logging_mixin.py:188} INFO - [2026-05-08T10:28:31.121+0000] {dagbag.py:545} INFO - Filling up the DagBag from /opt/airflow/dags/dynamic_etl_dag.py
[2026-05-08T10:28:31.811+0000] {processor.py:840} INFO - DAG(s) 'dynamic_etl_framework' retrieved from /opt/airflow/dags/dynamic_etl_dag.py
[2026-05-08T10:28:31.968+0000] {logging_mixin.py:188} INFO - [2026-05-08T10:28:31.968+0000] {dag.py:3096} INFO - Sync 1 DAGs
[2026-05-08T10:28:31.989+0000] {logging_mixin.py:188} INFO - [2026-05-08T10:28:31.989+0000] {dag.py:3954} INFO - Setting next_dagrun for dynamic_etl_framework to 2026-05-08 00:00:00+00:00, run_after=2026-05-09 00:00:00+00:00
[2026-05-08T10:28:32.021+0000] {processor.py:183} INFO - Processing /opt/airflow/dags/dynamic_etl_dag.py took 0.932 seconds
[2026-05-08T10:29:02.762+0000] {processor.py:161} INFO - Started process (PID=3985) to work on /opt/airflow/dags/dynamic_etl_dag.py
[2026-05-08T10:29:02.763+0000] {processor.py:830} INFO - Processing file /opt/airflow/dags/dynamic_etl_dag.py for tasks to queue
[2026-05-08T10:29:02.765+0000] {logging_mixin.py:188} INFO - [2026-05-08T10:29:02.765+0000] {dagbag.py:545} INFO - Filling up the DagBag from /opt/airflow/dags/dynamic_etl_dag.py
[2026-05-08T10:29:03.492+0000] {processor.py:840} INFO - DAG(s) 'dynamic_etl_framework' retrieved from /opt/airflow/dags/dynamic_etl_dag.py
[2026-05-08T10:29:03.639+0000] {logging_mixin.py:188} INFO - [2026-05-08T10:29:03.639+0000] {dag.py:3096} INFO - Sync 1 DAGs
[2026-05-08T10:29:03.659+0000] {logging_mixin.py:188} INFO - [2026-05-08T10:29:03.659+0000] {dag.py:3954} INFO - Setting next_dagrun for dynamic_etl_framework to 2026-05-08 00:00:00+00:00, run_after=2026-05-09 00:00:00+00:00
[2026-05-08T10:29:03.694+0000] {processor.py:183} INFO - Processing /opt/airflow/dags/dynamic_etl_dag.py took 0.937 seconds
[2026-05-08T10:29:34.220+0000] {processor.py:161} INFO - Started process (PID=3991) to work on /opt/airflow/dags/dynamic_etl_dag.py
[2026-05-08T10:29:34.222+0000] {processor.py:830} INFO - Processing file /opt/airflow/dags/dynamic_etl_dag.py for tasks to queue
[2026-05-08T10:29:34.225+0000] {logging_mixin.py:188} INFO - [2026-05-08T10:29:34.225+0000] {dagbag.py:545} INFO - Filling up the DagBag from /opt/airflow/dags/dynamic_etl_dag.py
[2026-05-08T10:29:34.946+0000] {processor.py:840} INFO - DAG(s) 'dynamic_etl_framework' retrieved from /opt/airflow/dags/dynamic_etl_dag.py
[2026-05-08T10:29:35.096+0000] {logging_mixin.py:188} INFO - [2026-05-08T10:29:35.096+0000] {dag.py:3096} INFO - Sync 1 DAGs
[2026-05-08T10:29:35.115+0000] {logging_mixin.py:188} INFO - [2026-05-08T10:29:35.115+0000] {dag.py:3954} INFO - Setting next_dagrun for dynamic_etl_framework to 2026-05-08 00:00:00+00:00, run_after=2026-05-09 00:00:00+00:00
[2026-05-08T10:29:35.152+0000] {processor.py:183} INFO - Processing /opt/airflow/dags/dynamic_etl_dag.py took 0.940 seconds
[2026-05-08T10:30:05.609+0000] {processor.py:161} INFO - Started process (PID=3997) to work on /opt/airflow/dags/dynamic_etl_dag.py
[2026-05-08T10:30:05.611+0000] {processor.py:830} INFO - Processing file /opt/airflow/dags/dynamic_etl_dag.py for tasks to queue
[2026-05-08T10:30:05.613+0000] {logging_mixin.py:188} INFO - [2026-05-08T10:30:05.613+0000] {dagbag.py:545} INFO - Filling up the DagBag from /opt/airflow/dags/dynamic_etl_dag.py
[2026-05-08T10:30:06.394+0000] {processor.py:840} INFO - DAG(s) 'dynamic_etl_framework' retrieved from /opt/airflow/dags/dynamic_etl_dag.py
[2026-05-08T10:30:06.546+0000] {logging_mixin.py:188} INFO - [2026-05-08T10:30:06.545+0000] {dag.py:3096} INFO - Sync 1 DAGs
[2026-05-08T10:30:06.566+0000] {logging_mixin.py:188} INFO - [2026-05-08T10:30:06.566+0000] {dag.py:3954} INFO - Setting next_dagrun for dynamic_etl_framework to 2026-05-08 00:00:00+00:00, run_after=2026-05-09 00:00:00+00:00
[2026-05-08T10:30:06.599+0000] {processor.py:183} INFO - Processing /opt/airflow/dags/dynamic_etl_dag.py took 0.995 seconds
[2026-05-08T10:30:37.107+0000] {processor.py:161} INFO - Started process (PID=4003) to work on /opt/airflow/dags/dynamic_etl_dag.py
[2026-05-08T10:30:37.109+0000] {processor.py:830} INFO - Processing file /opt/airflow/dags/dynamic_etl_dag.py for tasks to queue
[2026-05-08T10:30:37.111+0000] {logging_mixin.py:188} INFO - [2026-05-08T10:30:37.111+0000] {dagbag.py:545} INFO - Filling up the DagBag from /opt/airflow/dags/dynamic_etl_dag.py
[2026-05-08T10:30:37.884+0000] {processor.py:840} INFO - DAG(s) 'dynamic_etl_framework' retrieved from /opt/airflow/dags/dynamic_etl_dag.py
[2026-05-08T10:30:38.037+0000] {logging_mixin.py:188} INFO - [2026-05-08T10:30:38.035+0000] {dag.py:3096} INFO - Sync 1 DAGs
[2026-05-08T10:30:38.057+0000] {logging_mixin.py:188} INFO - [2026-05-08T10:30:38.057+0000] {dag.py:3954} INFO - Setting next_dagrun for dynamic_etl_framework to 2026-05-08 00:00:00+00:00, run_after=2026-05-09 00:00:00+00:00
[2026-05-08T10:30:38.094+0000] {processor.py:183} INFO - Processing /opt/airflow/dags/dynamic_etl_dag.py took 0.993 seconds
[2026-05-08T10:31:08.688+0000] {processor.py:161} INFO - Started process (PID=4009) to work on /opt/airflow/dags/dynamic_etl_dag.py
[2026-05-08T10:31:08.690+0000] {processor.py:830} INFO - Processing file /opt/airflow/dags/dynamic_etl_dag.py for tasks to queue
[2026-05-08T10:31:08.692+0000] {logging_mixin.py:188} INFO - [2026-05-08T10:31:08.692+0000] {dagbag.py:545} INFO - Filling up the DagBag from /opt/airflow/dags/dynamic_etl_dag.py
[2026-05-08T10:31:09.466+0000] {processor.py:840} INFO - DAG(s) 'dynamic_etl_framework' retrieved from /opt/airflow/dags/dynamic_etl_dag.py
[2026-05-08T10:31:09.637+0000] {logging_mixin.py:188} INFO - [2026-05-08T10:31:09.637+0000] {dag.py:3096} INFO - Sync 1 DAGs
[2026-05-08T10:31:09.669+0000] {logging_mixin.py:188} INFO - [2026-05-08T10:31:09.669+0000] {dag.py:3954} INFO - Setting next_dagrun for dynamic_etl_framework to 2026-05-08 00:00:00+00:00, run_after=2026-05-09 00:00:00+00:00
[2026-05-08T10:31:09.711+0000] {processor.py:183} INFO - Processing /opt/airflow/dags/dynamic_etl_dag.py took 1.029 seconds
[2026-05-08T10:31:40.029+0000] {processor.py:161} INFO - Started process (PID=4015) to work on /opt/airflow/dags/dynamic_etl_dag.py
[2026-05-08T10:31:40.031+0000] {processor.py:830} INFO - Processing file /opt/airflow/dags/dynamic_etl_dag.py for tasks to queue
[2026-05-08T10:31:40.034+0000] {logging_mixin.py:188} INFO - [2026-05-08T10:31:40.033+0000] {dagbag.py:545} INFO - Filling up the DagBag from /opt/airflow/dags/dynamic_etl_dag.py
[2026-05-08T10:31:40.751+0000] {processor.py:840} INFO - DAG(s) 'dynamic_etl_framework' retrieved from /opt/airflow/dags/dynamic_etl_dag.py
[2026-05-08T10:31:40.907+0000] {logging_mixin.py:188} INFO - [2026-05-08T10:31:40.906+0000] {dag.py:3096} INFO - Sync 1 DAGs
[2026-05-08T10:31:40.927+0000] {logging_mixin.py:188} INFO - [2026-05-08T10:31:40.926+0000] {dag.py:3954} INFO - Setting next_dagrun for dynamic_etl_framework to 2026-05-08 00:00:00+00:00, run_after=2026-05-09 00:00:00+00:00
[2026-05-08T10:31:40.965+0000] {processor.py:183} INFO - Processing /opt/airflow/dags/dynamic_etl_dag.py took 0.941 seconds
[2026-05-08T10:32:11.425+0000] {processor.py:161} INFO - Started process (PID=4021) to work on /opt/airflow/dags/dynamic_etl_dag.py
[2026-05-08T10:32:11.426+0000] {processor.py:830} INFO - Processing file /opt/airflow/dags/dynamic_etl_dag.py for tasks to queue
[2026-05-08T10:32:11.427+0000] {logging_mixin.py:188} INFO - [2026-05-08T10:32:11.427+0000] {dagbag.py:545} INFO - Filling up the DagBag from /opt/airflow/dags/dynamic_etl_dag.py
[2026-05-08T10:32:12.113+0000] {processor.py:840} INFO - DAG(s) 'dynamic_etl_framework' retrieved from /opt/airflow/dags/dynamic_etl_dag.py
[2026-05-08T10:32:12.272+0000] {logging_mixin.py:188} INFO - [2026-05-08T10:32:12.272+0000] {dag.py:3096} INFO - Sync 1 DAGs
[2026-05-08T10:32:12.292+0000] {logging_mixin.py:188} INFO - [2026-05-08T10:32:12.292+0000] {dag.py:3954} INFO - Setting next_dagrun for dynamic_etl_framework to 2026-05-08 00:00:00+00:00, run_after=2026-05-09 00:00:00+00:00
[2026-05-08T10:32:12.388+0000] {processor.py:183} INFO - Processing /opt/airflow/dags/dynamic_etl_dag.py took 0.968 seconds
[2026-05-08T10:32:42.950+0000] {processor.py:161} INFO - Started process (PID=4027) to work on /opt/airflow/dags/dynamic_etl_dag.py
[2026-05-08T10:32:42.952+0000] {processor.py:830} INFO - Processing file /opt/airflow/dags/dynamic_etl_dag.py for tasks to queue
[2026-05-08T10:32:42.955+0000] {logging_mixin.py:188} INFO - [2026-05-08T10:32:42.954+0000] {dagbag.py:545} INFO - Filling up the DagBag from /opt/airflow/dags/dynamic_etl_dag.py
[2026-05-08T10:32:44.006+0000] {processor.py:840} INFO - DAG(s) 'dynamic_etl_framework' retrieved from /opt/airflow/dags/dynamic_etl_dag.py
[2026-05-08T10:32:44.189+0000] {logging_mixin.py:188} INFO - [2026-05-08T10:32:44.188+0000] {dag.py:3096} INFO - Sync 1 DAGs
[2026-05-08T10:32:44.215+0000] {logging_mixin.py:188} INFO - [2026-05-08T10:32:44.215+0000] {dag.py:3954} INFO - Setting next_dagrun for dynamic_etl_framework to 2026-05-08 00:00:00+00:00, run_after=2026-05-09 00:00:00+00:00
[2026-05-08T10:32:44.262+0000] {processor.py:183} INFO - Processing /opt/airflow/dags/dynamic_etl_dag.py took 1.318 seconds
[2026-05-08T10:33:14.637+0000] {processor.py:161} INFO - Started process (PID=4033) to work on /opt/airflow/dags/dynamic_etl_dag.py
[2026-05-08T10:33:14.639+0000] {processor.py:830} INFO - Processing file /opt/airflow/dags/dynamic_etl_dag.py for tasks to queue
[2026-05-08T10:33:14.642+0000] {logging_mixin.py:188} INFO - [2026-05-08T10:33:14.641+0000] {dagbag.py:545} INFO - Filling up the DagBag from /opt/airflow/dags/dynamic_etl_dag.py
[2026-05-08T10:33:15.636+0000] {processor.py:840} INFO - DAG(s) 'dynamic_etl_framework' retrieved from /opt/airflow/dags/dynamic_etl_dag.py
[2026-05-08T10:33:15.839+0000] {logging_mixin.py:188} INFO - [2026-05-08T10:33:15.838+0000] {dag.py:3096} INFO - Sync 1 DAGs
[2026-05-08T10:33:15.866+0000] {logging_mixin.py:188} INFO - [2026-05-08T10:33:15.866+0000] {dag.py:3954} INFO - Setting next_dagrun for dynamic_etl_framework to 2026-05-08 00:00:00+00:00, run_after=2026-05-09 00:00:00+00:00
[2026-05-08T10:33:15.914+0000] {processor.py:183} INFO - Processing /opt/airflow/dags/dynamic_etl_dag.py took 1.287 seconds
[2026-05-08T10:33:46.141+0000] {processor.py:161} INFO - Started process (PID=4039) to work on /opt/airflow/dags/dynamic_etl_dag.py
[2026-05-08T10:33:46.143+0000] {processor.py:830} INFO - Processing file /opt/airflow/dags/dynamic_etl_dag.py for tasks to queue
[2026-05-08T10:33:46.147+0000] {logging_mixin.py:188} INFO - [2026-05-08T10:33:46.146+0000] {dagbag.py:545} INFO - Filling up the DagBag from /opt/airflow/dags/dynamic_etl_dag.py
[2026-05-08T10:33:47.072+0000] {processor.py:840} INFO - DAG(s) 'dynamic_etl_framework' retrieved from /opt/airflow/dags/dynamic_etl_dag.py
[2026-05-08T10:33:47.275+0000] {logging_mixin.py:188} INFO - [2026-05-08T10:33:47.273+0000] {dag.py:3096} INFO - Sync 1 DAGs
[2026-05-08T10:33:47.309+0000] {logging_mixin.py:188} INFO - [2026-05-08T10:33:47.309+0000] {dag.py:3954} INFO - Setting next_dagrun for dynamic_etl_framework to 2026-05-08 00:00:00+00:00, run_after=2026-05-09 00:00:00+00:00
[2026-05-08T10:33:47.366+0000] {processor.py:183} INFO - Processing /opt/airflow/dags/dynamic_etl_dag.py took 1.232 seconds
[2026-05-08T10:34:17.823+0000] {processor.py:161} INFO - Started process (PID=4045) to work on /opt/airflow/dags/dynamic_etl_dag.py
[2026-05-08T10:34:17.836+0000] {processor.py:830} INFO - Processing file /opt/airflow/dags/dynamic_etl_dag.py for tasks to queue
[2026-05-08T10:34:17.839+0000] {logging_mixin.py:188} INFO - [2026-05-08T10:34:17.838+0000] {dagbag.py:545} INFO - Filling up the DagBag from /opt/airflow/dags/dynamic_etl_dag.py
[2026-05-08T10:34:18.873+0000] {processor.py:840} INFO - DAG(s) 'dynamic_etl_framework' retrieved from /opt/airflow/dags/dynamic_etl_dag.py
[2026-05-08T10:34:19.075+0000] {logging_mixin.py:188} INFO - [2026-05-08T10:34:19.074+0000] {dag.py:3096} INFO - Sync 1 DAGs
[2026-05-08T10:34:19.104+0000] {logging_mixin.py:188} INFO - [2026-05-08T10:34:19.104+0000] {dag.py:3954} INFO - Setting next_dagrun for dynamic_etl_framework to 2026-05-08 00:00:00+00:00, run_after=2026-05-09 00:00:00+00:00
[2026-05-08T10:34:19.160+0000] {processor.py:183} INFO - Processing /opt/airflow/dags/dynamic_etl_dag.py took 1.346 seconds
[2026-05-08T10:34:49.359+0000] {processor.py:161} INFO - Started process (PID=4051) to work on /opt/airflow/dags/dynamic_etl_dag.py
[2026-05-08T10:34:49.362+0000] {processor.py:830} INFO - Processing file /opt/airflow/dags/dynamic_etl_dag.py for tasks to queue
[2026-05-08T10:34:49.366+0000] {logging_mixin.py:188} INFO - [2026-05-08T10:34:49.366+0000] {dagbag.py:545} INFO - Filling up the DagBag from /opt/airflow/dags/dynamic_etl_dag.py
[2026-05-08T10:34:50.395+0000] {processor.py:840} INFO - DAG(s) 'dynamic_etl_framework' retrieved from /opt/airflow/dags/dynamic_etl_dag.py
[2026-05-08T10:34:50.613+0000] {logging_mixin.py:188} INFO - [2026-05-08T10:34:50.613+0000] {dag.py:3096} INFO - Sync 1 DAGs
[2026-05-08T10:34:50.639+0000] {logging_mixin.py:188} INFO - [2026-05-08T10:34:50.638+0000] {dag.py:3954} INFO - Setting next_dagrun for dynamic_etl_framework to 2026-05-08 00:00:00+00:00, run_after=2026-05-09 00:00:00+00:00
[2026-05-08T10:34:50.686+0000] {processor.py:183} INFO - Processing /opt/airflow/dags/dynamic_etl_dag.py took 1.333 seconds
[2026-05-08T10:35:21.302+0000] {processor.py:161} INFO - Started process (PID=4057) to work on /opt/airflow/dags/dynamic_etl_dag.py
[2026-05-08T10:35:21.303+0000] {processor.py:830} INFO - Processing file /opt/airflow/dags/dynamic_etl_dag.py for tasks to queue
[2026-05-08T10:35:21.306+0000] {logging_mixin.py:188} INFO - [2026-05-08T10:35:21.306+0000] {dagbag.py:545} INFO - Filling up the DagBag from /opt/airflow/dags/dynamic_etl_dag.py
[2026-05-08T10:35:22.216+0000] {processor.py:840} INFO - DAG(s) 'dynamic_etl_framework' retrieved from /opt/airflow/dags/dynamic_etl_dag.py
[2026-05-08T10:35:22.408+0000] {logging_mixin.py:188} INFO - [2026-05-08T10:35:22.407+0000] {dag.py:3096} INFO - Sync 1 DAGs
[2026-05-08T10:35:22.436+0000] {logging_mixin.py:188} INFO - [2026-05-08T10:35:22.435+0000] {dag.py:3954} INFO - Setting next_dagrun for dynamic_etl_framework to 2026-05-08 00:00:00+00:00, run_after=2026-05-09 00:00:00+00:00
[2026-05-08T10:35:22.489+0000] {processor.py:183} INFO - Processing /opt/airflow/dags/dynamic_etl_dag.py took 1.198 seconds
[2026-05-08T10:35:52.742+0000] {processor.py:161} INFO - Started process (PID=4063) to work on /opt/airflow/dags/dynamic_etl_dag.py
[2026-05-08T10:35:52.744+0000] {processor.py:830} INFO - Processing file /opt/airflow/dags/dynamic_etl_dag.py for tasks to queue
[2026-05-08T10:35:52.746+0000] {logging_mixin.py:188} INFO - [2026-05-08T10:35:52.746+0000] {dagbag.py:545} INFO - Filling up the DagBag from /opt/airflow/dags/dynamic_etl_dag.py
[2026-05-08T10:35:53.644+0000] {processor.py:840} INFO - DAG(s) 'dynamic_etl_framework' retrieved from /opt/airflow/dags/dynamic_etl_dag.py
[2026-05-08T10:35:53.850+0000] {logging_mixin.py:188} INFO - [2026-05-08T10:35:53.849+0000] {dag.py:3096} INFO - Sync 1 DAGs
[2026-05-08T10:35:53.882+0000] {logging_mixin.py:188} INFO - [2026-05-08T10:35:53.881+0000] {dag.py:3954} INFO - Setting next_dagrun for dynamic_etl_framework to 2026-05-08 00:00:00+00:00, run_after=2026-05-09 00:00:00+00:00
[2026-05-08T10:35:53.948+0000] {processor.py:183} INFO - Processing /opt/airflow/dags/dynamic_etl_dag.py took 1.213 seconds
[2026-05-08T10:36:24.445+0000] {processor.py:161} INFO - Started process (PID=4069) to work on /opt/airflow/dags/dynamic_etl_dag.py
[2026-05-08T10:36:24.449+0000] {processor.py:830} INFO - Processing file /opt/airflow/dags/dynamic_etl_dag.py for tasks to queue
[2026-05-08T10:36:24.456+0000] {logging_mixin.py:188} INFO - [2026-05-08T10:36:24.455+0000] {dagbag.py:545} INFO - Filling up the DagBag from /opt/airflow/dags/dynamic_etl_dag.py
[2026-05-08T10:36:25.575+0000] {processor.py:840} INFO - DAG(s) 'dynamic_etl_framework' retrieved from /opt/airflow/dags/dynamic_etl_dag.py
[2026-05-08T10:36:25.793+0000] {logging_mixin.py:188} INFO - [2026-05-08T10:36:25.792+0000] {dag.py:3096} INFO - Sync 1 DAGs
[2026-05-08T10:36:25.835+0000] {logging_mixin.py:188} INFO - [2026-05-08T10:36:25.834+0000] {dag.py:3954} INFO - Setting next_dagrun for dynamic_etl_framework to 2026-05-08 00:00:00+00:00, run_after=2026-05-09 00:00:00+00:00
[2026-05-08T10:36:25.890+0000] {processor.py:183} INFO - Processing /opt/airflow/dags/dynamic_etl_dag.py took 1.459 seconds
[2026-05-08T10:36:56.033+0000] {processor.py:161} INFO - Started process (PID=4075) to work on /opt/airflow/dags/dynamic_etl_dag.py
[2026-05-08T10:36:56.035+0000] {processor.py:830} INFO - Processing file /opt/airflow/dags/dynamic_etl_dag.py for tasks to queue
[2026-05-08T10:36:56.038+0000] {logging_mixin.py:188} INFO - [2026-05-08T10:36:56.038+0000] {dagbag.py:545} INFO - Filling up the DagBag from /opt/airflow/dags/dynamic_etl_dag.py
[2026-05-08T10:36:57.024+0000] {processor.py:840} INFO - DAG(s) 'dynamic_etl_framework' retrieved from /opt/airflow/dags/dynamic_etl_dag.py
[2026-05-08T10:36:57.255+0000] {logging_mixin.py:188} INFO - [2026-05-08T10:36:57.253+0000] {dag.py:3096} INFO - Sync 1 DAGs
[2026-05-08T10:36:57.283+0000] {logging_mixin.py:188} INFO - [2026-05-08T10:36:57.283+0000] {dag.py:3954} INFO - Setting next_dagrun for dynamic_etl_framework to 2026-05-08 00:00:00+00:00, run_after=2026-05-09 00:00:00+00:00
[2026-05-08T10:36:57.341+0000] {processor.py:183} INFO - Processing /opt/airflow/dags/dynamic_etl_dag.py took 1.315 seconds
[2026-05-08T10:37:27.516+0000] {processor.py:161} INFO - Started process (PID=4081) to work on /opt/airflow/dags/dynamic_etl_dag.py
[2026-05-08T10:37:27.517+0000] {processor.py:830} INFO - Processing file /opt/airflow/dags/dynamic_etl_dag.py for tasks to queue
[2026-05-08T10:37:27.520+0000] {logging_mixin.py:188} INFO - [2026-05-08T10:37:27.519+0000] {dagbag.py:545} INFO - Filling up the DagBag from /opt/airflow/dags/dynamic_etl_dag.py
[2026-05-08T10:37:28.624+0000] {processor.py:840} INFO - DAG(s) 'dynamic_etl_framework' retrieved from /opt/airflow/dags/dynamic_etl_dag.py
[2026-05-08T10:37:28.810+0000] {logging_mixin.py:188} INFO - [2026-05-08T10:37:28.809+0000] {dag.py:3096} INFO - Sync 1 DAGs
[2026-05-08T10:37:28.835+0000] {logging_mixin.py:188} INFO - [2026-05-08T10:37:28.835+0000] {dag.py:3954} INFO - Setting next_dagrun for dynamic_etl_framework to 2026-05-08 00:00:00+00:00, run_after=2026-05-09 00:00:00+00:00
[2026-05-08T10:37:28.872+0000] {processor.py:183} INFO - Processing /opt/airflow/dags/dynamic_etl_dag.py took 1.362 seconds
[2026-05-08T10:37:59.496+0000] {processor.py:161} INFO - Started process (PID=4087) to work on /opt/airflow/dags/dynamic_etl_dag.py
[2026-05-08T10:37:59.497+0000] {processor.py:830} INFO - Processing file /opt/airflow/dags/dynamic_etl_dag.py for tasks to queue
[2026-05-08T10:37:59.500+0000] {logging_mixin.py:188} INFO - [2026-05-08T10:37:59.500+0000] {dagbag.py:545} INFO - Filling up the DagBag from /opt/airflow/dags/dynamic_etl_dag.py
[2026-05-08T10:38:00.408+0000] {processor.py:840} INFO - DAG(s) 'dynamic_etl_framework' retrieved from /opt/airflow/dags/dynamic_etl_dag.py
[2026-05-08T10:38:00.588+0000] {logging_mixin.py:188} INFO - [2026-05-08T10:38:00.587+0000] {dag.py:3096} INFO - Sync 1 DAGs
[2026-05-08T10:38:00.616+0000] {logging_mixin.py:188} INFO - [2026-05-08T10:38:00.616+0000] {dag.py:3954} INFO - Setting next_dagrun for dynamic_etl_framework to 2026-05-08 00:00:00+00:00, run_after=2026-05-09 00:00:00+00:00
[2026-05-08T10:38:00.657+0000] {processor.py:183} INFO - Processing /opt/airflow/dags/dynamic_etl_dag.py took 1.169 seconds
[2026-05-08T10:38:30.946+0000] {processor.py:161} INFO - Started process (PID=4093) to work on /opt/airflow/dags/dynamic_etl_dag.py
[2026-05-08T10:38:30.947+0000] {processor.py:830} INFO - Processing file /opt/airflow/dags/dynamic_etl_dag.py for tasks to queue
[2026-05-08T10:38:30.950+0000] {logging_mixin.py:188} INFO - [2026-05-08T10:38:30.950+0000] {dagbag.py:545} INFO - Filling up the DagBag from /opt/airflow/dags/dynamic_etl_dag.py
[2026-05-08T10:38:31.865+0000] {processor.py:840} INFO - DAG(s) 'dynamic_etl_framework' retrieved from /opt/airflow/dags/dynamic_etl_dag.py
[2026-05-08T10:38:32.086+0000] {logging_mixin.py:188} INFO - [2026-05-08T10:38:32.086+0000] {dag.py:3096} INFO - Sync 1 DAGs
[2026-05-08T10:38:32.113+0000] {logging_mixin.py:188} INFO - [2026-05-08T10:38:32.113+0000] {dag.py:3954} INFO - Setting next_dagrun for dynamic_etl_framework to 2026-05-08 00:00:00+00:00, run_after=2026-05-09 00:00:00+00:00
[2026-05-08T10:38:32.155+0000] {processor.py:183} INFO - Processing /opt/airflow/dags/dynamic_etl_dag.py took 1.217 seconds
[2026-05-08T10:39:02.845+0000] {processor.py:161} INFO - Started process (PID=4099) to work on /opt/airflow/dags/dynamic_etl_dag.py
[2026-05-08T10:39:02.847+0000] {processor.py:830} INFO - Processing file /opt/airflow/dags/dynamic_etl_dag.py for tasks to queue
[2026-05-08T10:39:02.850+0000] {logging_mixin.py:188} INFO - [2026-05-08T10:39:02.849+0000] {dagbag.py:545} INFO - Filling up the DagBag from /opt/airflow/dags/dynamic_etl_dag.py
[2026-05-08T10:39:03.840+0000] {processor.py:840} INFO - DAG(s) 'dynamic_etl_framework' retrieved from /opt/airflow/dags/dynamic_etl_dag.py
[2026-05-08T10:39:04.036+0000] {logging_mixin.py:188} INFO - [2026-05-08T10:39:04.035+0000] {dag.py:3096} INFO - Sync 1 DAGs
[2026-05-08T10:39:04.062+0000] {logging_mixin.py:188} INFO - [2026-05-08T10:39:04.062+0000] {dag.py:3954} INFO - Setting next_dagrun for dynamic_etl_framework to 2026-05-08 00:00:00+00:00, run_after=2026-05-09 00:00:00+00:00
[2026-05-08T10:39:04.108+0000] {processor.py:183} INFO - Processing /opt/airflow/dags/dynamic_etl_dag.py took 1.269 seconds
[2026-05-08T10:39:34.367+0000] {processor.py:161} INFO - Started process (PID=4105) to work on /opt/airflow/dags/dynamic_etl_dag.py
[2026-05-08T10:39:34.369+0000] {processor.py:830} INFO - Processing file /opt/airflow/dags/dynamic_etl_dag.py for tasks to queue
[2026-05-08T10:39:34.372+0000] {logging_mixin.py:188} INFO - [2026-05-08T10:39:34.371+0000] {dagbag.py:545} INFO - Filling up the DagBag from /opt/airflow/dags/dynamic_etl_dag.py
[2026-05-08T10:39:35.418+0000] {processor.py:840} INFO - DAG(s) 'dynamic_etl_framework' retrieved from /opt/airflow/dags/dynamic_etl_dag.py
[2026-05-08T10:39:35.599+0000] {logging_mixin.py:188} INFO - [2026-05-08T10:39:35.598+0000] {dag.py:3096} INFO - Sync 1 DAGs
[2026-05-08T10:39:35.635+0000] {logging_mixin.py:188} INFO - [2026-05-08T10:39:35.635+0000] {dag.py:3954} INFO - Setting next_dagrun for dynamic_etl_framework to 2026-05-08 00:00:00+00:00, run_after=2026-05-09 00:00:00+00:00
[2026-05-08T10:39:35.684+0000] {processor.py:183} INFO - Processing /opt/airflow/dags/dynamic_etl_dag.py took 1.325 seconds
[2026-05-08T10:40:06.242+0000] {processor.py:161} INFO - Started process (PID=4111) to work on /opt/airflow/dags/dynamic_etl_dag.py
[2026-05-08T10:40:06.245+0000] {processor.py:830} INFO - Processing file /opt/airflow/dags/dynamic_etl_dag.py for tasks to queue
[2026-05-08T10:40:06.249+0000] {logging_mixin.py:188} INFO - [2026-05-08T10:40:06.249+0000] {dagbag.py:545} INFO - Filling up the DagBag from /opt/airflow/dags/dynamic_etl_dag.py
[2026-05-08T10:40:07.303+0000] {processor.py:840} INFO - DAG(s) 'dynamic_etl_framework' retrieved from /opt/airflow/dags/dynamic_etl_dag.py
[2026-05-08T10:40:07.497+0000] {logging_mixin.py:188} INFO - [2026-05-08T10:40:07.497+0000] {dag.py:3096} INFO - Sync 1 DAGs
[2026-05-08T10:40:07.524+0000] {logging_mixin.py:188} INFO - [2026-05-08T10:40:07.523+0000] {dag.py:3954} INFO - Setting next_dagrun for dynamic_etl_framework to 2026-05-08 00:00:00+00:00, run_after=2026-05-09 00:00:00+00:00
[2026-05-08T10:40:07.564+0000] {processor.py:183} INFO - Processing /opt/airflow/dags/dynamic_etl_dag.py took 1.328 seconds
[2026-05-08T10:40:37.710+0000] {processor.py:161} INFO - Started process (PID=4117) to work on /opt/airflow/dags/dynamic_etl_dag.py
[2026-05-08T10:40:37.712+0000] {processor.py:830} INFO - Processing file /opt/airflow/dags/dynamic_etl_dag.py for tasks to queue
[2026-05-08T10:40:37.715+0000] {logging_mixin.py:188} INFO - [2026-05-08T10:40:37.714+0000] {dagbag.py:545} INFO - Filling up the DagBag from /opt/airflow/dags/dynamic_etl_dag.py
[2026-05-08T10:40:38.803+0000] {processor.py:840} INFO - DAG(s) 'dynamic_etl_framework' retrieved from /opt/airflow/dags/dynamic_etl_dag.py
[2026-05-08T10:40:38.998+0000] {logging_mixin.py:188} INFO - [2026-05-08T10:40:38.998+0000] {dag.py:3096} INFO - Sync 1 DAGs
[2026-05-08T10:40:39.031+0000] {logging_mixin.py:188} INFO - [2026-05-08T10:40:39.030+0000] {dag.py:3954} INFO - Setting next_dagrun for dynamic_etl_framework to 2026-05-08 00:00:00+00:00, run_after=2026-05-09 00:00:00+00:00
[2026-05-08T10:40:39.080+0000] {processor.py:183} INFO - Processing /opt/airflow/dags/dynamic_etl_dag.py took 1.377 seconds
[2026-05-08T10:41:09.634+0000] {processor.py:161} INFO - Started process (PID=4123) to work on /opt/airflow/dags/dynamic_etl_dag.py
[2026-05-08T10:41:09.636+0000] {processor.py:830} INFO - Processing file /opt/airflow/dags/dynamic_etl_dag.py for tasks to queue
[2026-05-08T10:41:09.638+0000] {logging_mixin.py:188} INFO - [2026-05-08T10:41:09.638+0000] {dagbag.py:545} INFO - Filling up the DagBag from /opt/airflow/dags/dynamic_etl_dag.py
[2026-05-08T10:41:10.641+0000] {processor.py:840} INFO - DAG(s) 'dynamic_etl_framework' retrieved from /opt/airflow/dags/dynamic_etl_dag.py
[2026-05-08T10:41:10.818+0000] {logging_mixin.py:188} INFO - [2026-05-08T10:41:10.818+0000] {dag.py:3096} INFO - Sync 1 DAGs
[2026-05-08T10:41:10.845+0000] {logging_mixin.py:188} INFO - [2026-05-08T10:41:10.845+0000] {dag.py:3954} INFO - Setting next_dagrun for dynamic_etl_framework to 2026-05-08 00:00:00+00:00, run_after=2026-05-09 00:00:00+00:00
[2026-05-08T10:41:10.909+0000] {processor.py:183} INFO - Processing /opt/airflow/dags/dynamic_etl_dag.py took 1.284 seconds
[2026-05-08T10:41:41.440+0000] {processor.py:161} INFO - Started process (PID=4129) to work on /opt/airflow/dags/dynamic_etl_dag.py
[2026-05-08T10:41:41.441+0000] {processor.py:830} INFO - Processing file /opt/airflow/dags/dynamic_etl_dag.py for tasks to queue
[2026-05-08T10:41:41.444+0000] {logging_mixin.py:188} INFO - [2026-05-08T10:41:41.444+0000] {dagbag.py:545} INFO - Filling up the DagBag from /opt/airflow/dags/dynamic_etl_dag.py
[2026-05-08T10:41:42.399+0000] {processor.py:840} INFO - DAG(s) 'dynamic_etl_framework' retrieved from /opt/airflow/dags/dynamic_etl_dag.py
[2026-05-08T10:41:42.593+0000] {logging_mixin.py:188} INFO - [2026-05-08T10:41:42.592+0000] {dag.py:3096} INFO - Sync 1 DAGs
[2026-05-08T10:41:42.621+0000] {logging_mixin.py:188} INFO - [2026-05-08T10:41:42.621+0000] {dag.py:3954} INFO - Setting next_dagrun for dynamic_etl_framework to 2026-05-08 00:00:00+00:00, run_after=2026-05-09 00:00:00+00:00
[2026-05-08T10:41:42.679+0000] {processor.py:183} INFO - Processing /opt/airflow/dags/dynamic_etl_dag.py took 1.248 seconds
[2026-05-08T10:42:13.111+0000] {processor.py:161} INFO - Started process (PID=4135) to work on /opt/airflow/dags/dynamic_etl_dag.py
[2026-05-08T10:42:13.113+0000] {processor.py:830} INFO - Processing file /opt/airflow/dags/dynamic_etl_dag.py for tasks to queue
[2026-05-08T10:42:13.117+0000] {logging_mixin.py:188} INFO - [2026-05-08T10:42:13.116+0000] {dagbag.py:545} INFO - Filling up the DagBag from /opt/airflow/dags/dynamic_etl_dag.py
[2026-05-08T10:42:14.409+0000] {processor.py:840} INFO - DAG(s) 'dynamic_etl_framework' retrieved from /opt/airflow/dags/dynamic_etl_dag.py
[2026-05-08T10:42:14.627+0000] {logging_mixin.py:188} INFO - [2026-05-08T10:42:14.626+0000] {dag.py:3096} INFO - Sync 1 DAGs
[2026-05-08T10:42:14.660+0000] {logging_mixin.py:188} INFO - [2026-05-08T10:42:14.659+0000] {dag.py:3954} INFO - Setting next_dagrun for dynamic_etl_framework to 2026-05-08 00:00:00+00:00, run_after=2026-05-09 00:00:00+00:00
[2026-05-08T10:42:14.706+0000] {processor.py:183} INFO - Processing /opt/airflow/dags/dynamic_etl_dag.py took 1.610 seconds
[2026-05-08T10:42:45.010+0000] {processor.py:161} INFO - Started process (PID=4141) to work on /opt/airflow/dags/dynamic_etl_dag.py
[2026-05-08T10:42:45.011+0000] {processor.py:830} INFO - Processing file /opt/airflow/dags/dynamic_etl_dag.py for tasks to queue
[2026-05-08T10:42:45.013+0000] {logging_mixin.py:188} INFO - [2026-05-08T10:42:45.013+0000] {dagbag.py:545} INFO - Filling up the DagBag from /opt/airflow/dags/dynamic_etl_dag.py
[2026-05-08T10:42:45.984+0000] {processor.py:840} INFO - DAG(s) 'dynamic_etl_framework' retrieved from /opt/airflow/dags/dynamic_etl_dag.py
[2026-05-08T10:42:46.179+0000] {logging_mixin.py:188} INFO - [2026-05-08T10:42:46.178+0000] {dag.py:3096} INFO - Sync 1 DAGs
[2026-05-08T10:42:46.220+0000] {logging_mixin.py:188} INFO - [2026-05-08T10:42:46.219+0000] {dag.py:3954} INFO - Setting next_dagrun for dynamic_etl_framework to 2026-05-08 00:00:00+00:00, run_after=2026-05-09 00:00:00+00:00
[2026-05-08T10:42:46.265+0000] {processor.py:183} INFO - Processing /opt/airflow/dags/dynamic_etl_dag.py took 1.261 seconds
[2026-05-08T10:43:16.545+0000] {processor.py:161} INFO - Started process (PID=4147) to work on /opt/airflow/dags/dynamic_etl_dag.py
[2026-05-08T10:43:16.547+0000] {processor.py:830} INFO - Processing file /opt/airflow/dags/dynamic_etl_dag.py for tasks to queue
[2026-05-08T10:43:16.550+0000] {logging_mixin.py:188} INFO - [2026-05-08T10:43:16.550+0000] {dagbag.py:545} INFO - Filling up the DagBag from /opt/airflow/dags/dynamic_etl_dag.py
[2026-05-08T10:43:17.560+0000] {processor.py:840} INFO - DAG(s) 'dynamic_etl_framework' retrieved from /opt/airflow/dags/dynamic_etl_dag.py
[2026-05-08T10:43:17.752+0000] {logging_mixin.py:188} INFO - [2026-05-08T10:43:17.752+0000] {dag.py:3096} INFO - Sync 1 DAGs
[2026-05-08T10:43:17.778+0000] {logging_mixin.py:188} INFO - [2026-05-08T10:43:17.778+0000] {dag.py:3954} INFO - Setting next_dagrun for dynamic_etl_framework to 2026-05-08 00:00:00+00:00, run_after=2026-05-09 00:00:00+00:00
[2026-05-08T10:43:17.816+0000] {processor.py:183} INFO - Processing /opt/airflow/dags/dynamic_etl_dag.py took 1.278 seconds
[2026-05-08T10:43:48.782+0000] {processor.py:161} INFO - Started process (PID=4153) to work on /opt/airflow/dags/dynamic_etl_dag.py
[2026-05-08T10:43:48.784+0000] {processor.py:830} INFO - Processing file /opt/airflow/dags/dynamic_etl_dag.py for tasks to queue
[2026-05-08T10:43:48.786+0000] {logging_mixin.py:188} INFO - [2026-05-08T10:43:48.786+0000] {dagbag.py:545} INFO - Filling up the DagBag from /opt/airflow/dags/dynamic_etl_dag.py
[2026-05-08T10:43:49.965+0000] {processor.py:840} INFO - DAG(s) 'dynamic_etl_framework' retrieved from /opt/airflow/dags/dynamic_etl_dag.py
[2026-05-08T10:43:50.170+0000] {logging_mixin.py:188} INFO - [2026-05-08T10:43:50.169+0000] {dag.py:3096} INFO - Sync 1 DAGs
[2026-05-08T10:43:50.203+0000] {logging_mixin.py:188} INFO - [2026-05-08T10:43:50.203+0000] {dag.py:3954} INFO - Setting next_dagrun for dynamic_etl_framework to 2026-05-08 00:00:00+00:00, run_after=2026-05-09 00:00:00+00:00
[2026-05-08T10:43:50.250+0000] {processor.py:183} INFO - Processing /opt/airflow/dags/dynamic_etl_dag.py took 1.474 seconds
[2026-05-08T10:44:20.355+0000] {processor.py:161} INFO - Started process (PID=4159) to work on /opt/airflow/dags/dynamic_etl_dag.py
[2026-05-08T10:44:20.357+0000] {processor.py:830} INFO - Processing file /opt/airflow/dags/dynamic_etl_dag.py for tasks to queue
[2026-05-08T10:44:20.361+0000] {logging_mixin.py:188} INFO - [2026-05-08T10:44:20.361+0000] {dagbag.py:545} INFO - Filling up the DagBag from /opt/airflow/dags/dynamic_etl_dag.py
[2026-05-08T10:44:21.374+0000] {processor.py:840} INFO - DAG(s) 'dynamic_etl_framework' retrieved from /opt/airflow/dags/dynamic_etl_dag.py
[2026-05-08T10:44:21.577+0000] {logging_mixin.py:188} INFO - [2026-05-08T10:44:21.577+0000] {dag.py:3096} INFO - Sync 1 DAGs
[2026-05-08T10:44:21.632+0000] {logging_mixin.py:188} INFO - [2026-05-08T10:44:21.632+0000] {dag.py:3954} INFO - Setting next_dagrun for dynamic_etl_framework to 2026-05-08 00:00:00+00:00, run_after=2026-05-09 00:00:00+00:00
[2026-05-08T10:44:21.782+0000] {processor.py:183} INFO - Processing /opt/airflow/dags/dynamic_etl_dag.py took 1.438 seconds
[2026-05-08T10:44:52.482+0000] {processor.py:161} INFO - Started process (PID=4165) to work on /opt/airflow/dags/dynamic_etl_dag.py
[2026-05-08T10:44:52.484+0000] {processor.py:830} INFO - Processing file /opt/airflow/dags/dynamic_etl_dag.py for tasks to queue
[2026-05-08T10:44:52.488+0000] {logging_mixin.py:188} INFO - [2026-05-08T10:44:52.488+0000] {dagbag.py:545} INFO - Filling up the DagBag from /opt/airflow/dags/dynamic_etl_dag.py
[2026-05-08T10:44:53.633+0000] {processor.py:840} INFO - DAG(s) 'dynamic_etl_framework' retrieved from /opt/airflow/dags/dynamic_etl_dag.py
[2026-05-08T10:44:53.834+0000] {logging_mixin.py:188} INFO - [2026-05-08T10:44:53.833+0000] {dag.py:3096} INFO - Sync 1 DAGs
[2026-05-08T10:44:53.860+0000] {logging_mixin.py:188} INFO - [2026-05-08T10:44:53.859+0000] {dag.py:3954} INFO - Setting next_dagrun for dynamic_etl_framework to 2026-05-08 00:00:00+00:00, run_after=2026-05-09 00:00:00+00:00
[2026-05-08T10:44:53.903+0000] {processor.py:183} INFO - Processing /opt/airflow/dags/dynamic_etl_dag.py took 1.427 seconds
[2026-05-08T10:45:24.431+0000] {processor.py:161} INFO - Started process (PID=4171) to work on /opt/airflow/dags/dynamic_etl_dag.py
[2026-05-08T10:45:24.433+0000] {processor.py:830} INFO - Processing file /opt/airflow/dags/dynamic_etl_dag.py for tasks to queue
[2026-05-08T10:45:24.435+0000] {logging_mixin.py:188} INFO - [2026-05-08T10:45:24.435+0000] {dagbag.py:545} INFO - Filling up the DagBag from /opt/airflow/dags/dynamic_etl_dag.py
[2026-05-08T10:45:25.466+0000] {processor.py:840} INFO - DAG(s) 'dynamic_etl_framework' retrieved from /opt/airflow/dags/dynamic_etl_dag.py
[2026-05-08T10:45:25.669+0000] {logging_mixin.py:188} INFO - [2026-05-08T10:45:25.668+0000] {dag.py:3096} INFO - Sync 1 DAGs
[2026-05-08T10:45:25.701+0000] {logging_mixin.py:188} INFO - [2026-05-08T10:45:25.701+0000] {dag.py:3954} INFO - Setting next_dagrun for dynamic_etl_framework to 2026-05-08 00:00:00+00:00, run_after=2026-05-09 00:00:00+00:00
[2026-05-08T10:45:25.742+0000] {processor.py:183} INFO - Processing /opt/airflow/dags/dynamic_etl_dag.py took 1.317 seconds
[2026-05-08T10:45:56.057+0000] {processor.py:161} INFO - Started process (PID=4177) to work on /opt/airflow/dags/dynamic_etl_dag.py
[2026-05-08T10:45:56.059+0000] {processor.py:830} INFO - Processing file /opt/airflow/dags/dynamic_etl_dag.py for tasks to queue
[2026-05-08T10:45:56.062+0000] {logging_mixin.py:188} INFO - [2026-05-08T10:45:56.062+0000] {dagbag.py:545} INFO - Filling up the DagBag from /opt/airflow/dags/dynamic_etl_dag.py
[2026-05-08T10:45:57.092+0000] {processor.py:840} INFO - DAG(s) 'dynamic_etl_framework' retrieved from /opt/airflow/dags/dynamic_etl_dag.py
[2026-05-08T10:45:57.300+0000] {logging_mixin.py:188} INFO - [2026-05-08T10:45:57.299+0000] {dag.py:3096} INFO - Sync 1 DAGs
[2026-05-08T10:45:57.338+0000] {logging_mixin.py:188} INFO - [2026-05-08T10:45:57.337+0000] {dag.py:3954} INFO - Setting next_dagrun for dynamic_etl_framework to 2026-05-08 00:00:00+00:00, run_after=2026-05-09 00:00:00+00:00
[2026-05-08T10:45:57.393+0000] {processor.py:183} INFO - Processing /opt/airflow/dags/dynamic_etl_dag.py took 1.343 seconds
[2026-05-08T10:46:27.912+0000] {processor.py:161} INFO - Started process (PID=4183) to work on /opt/airflow/dags/dynamic_etl_dag.py
[2026-05-08T10:46:27.914+0000] {processor.py:830} INFO - Processing file /opt/airflow/dags/dynamic_etl_dag.py for tasks to queue
[2026-05-08T10:46:27.918+0000] {logging_mixin.py:188} INFO - [2026-05-08T10:46:27.918+0000] {dagbag.py:545} INFO - Filling up the DagBag from /opt/airflow/dags/dynamic_etl_dag.py
[2026-05-08T10:46:28.866+0000] {processor.py:840} INFO - DAG(s) 'dynamic_etl_framework' retrieved from /opt/airflow/dags/dynamic_etl_dag.py
[2026-05-08T10:46:29.092+0000] {logging_mixin.py:188} INFO - [2026-05-08T10:46:29.092+0000] {dag.py:3096} INFO - Sync 1 DAGs
[2026-05-08T10:46:29.119+0000] {logging_mixin.py:188} INFO - [2026-05-08T10:46:29.118+0000] {dag.py:3954} INFO - Setting next_dagrun for dynamic_etl_framework to 2026-05-08 00:00:00+00:00, run_after=2026-05-09 00:00:00+00:00
[2026-05-08T10:46:29.155+0000] {processor.py:183} INFO - Processing /opt/airflow/dags/dynamic_etl_dag.py took 1.251 seconds
[2026-05-08T10:46:59.656+0000] {processor.py:161} INFO - Started process (PID=4189) to work on /opt/airflow/dags/dynamic_etl_dag.py
[2026-05-08T10:46:59.657+0000] {processor.py:830} INFO - Processing file /opt/airflow/dags/dynamic_etl_dag.py for tasks to queue
[2026-05-08T10:46:59.660+0000] {logging_mixin.py:188} INFO - [2026-05-08T10:46:59.660+0000] {dagbag.py:545} INFO - Filling up the DagBag from /opt/airflow/dags/dynamic_etl_dag.py
[2026-05-08T10:47:00.571+0000] {processor.py:840} INFO - DAG(s) 'dynamic_etl_framework' retrieved from /opt/airflow/dags/dynamic_etl_dag.py
[2026-05-08T10:47:00.731+0000] {logging_mixin.py:188} INFO - [2026-05-08T10:47:00.730+0000] {dag.py:3096} INFO - Sync 1 DAGs
[2026-05-08T10:47:00.758+0000] {logging_mixin.py:188} INFO - [2026-05-08T10:47:00.758+0000] {dag.py:3954} INFO - Setting next_dagrun for dynamic_etl_framework to 2026-05-08 00:00:00+00:00, run_after=2026-05-09 00:00:00+00:00
[2026-05-08T10:47:00.795+0000] {processor.py:183} INFO - Processing /opt/airflow/dags/dynamic_etl_dag.py took 1.146 seconds
[2026-05-08T10:47:31.248+0000] {processor.py:161} INFO - Started process (PID=4195) to work on /opt/airflow/dags/dynamic_etl_dag.py
[2026-05-08T10:47:31.249+0000] {processor.py:830} INFO - Processing file /opt/airflow/dags/dynamic_etl_dag.py for tasks to queue
[2026-05-08T10:47:31.251+0000] {logging_mixin.py:188} INFO - [2026-05-08T10:47:31.251+0000] {dagbag.py:545} INFO - Filling up the DagBag from /opt/airflow/dags/dynamic_etl_dag.py
[2026-05-08T10:47:32.160+0000] {processor.py:840} INFO - DAG(s) 'dynamic_etl_framework' retrieved from /opt/airflow/dags/dynamic_etl_dag.py
[2026-05-08T10:47:32.368+0000] {logging_mixin.py:188} INFO - [2026-05-08T10:47:32.367+0000] {dag.py:3096} INFO - Sync 1 DAGs
[2026-05-08T10:47:32.397+0000] {logging_mixin.py:188} INFO - [2026-05-08T10:47:32.396+0000] {dag.py:3954} INFO - Setting next_dagrun for dynamic_etl_framework to 2026-05-08 00:00:00+00:00, run_after=2026-05-09 00:00:00+00:00
[2026-05-08T10:47:32.440+0000] {processor.py:183} INFO - Processing /opt/airflow/dags/dynamic_etl_dag.py took 1.201 seconds
[2026-05-08T10:48:02.915+0000] {processor.py:161} INFO - Started process (PID=4201) to work on /opt/airflow/dags/dynamic_etl_dag.py
[2026-05-08T10:48:02.917+0000] {processor.py:830} INFO - Processing file /opt/airflow/dags/dynamic_etl_dag.py for tasks to queue
[2026-05-08T10:48:02.920+0000] {logging_mixin.py:188} INFO - [2026-05-08T10:48:02.920+0000] {dagbag.py:545} INFO - Filling up the DagBag from /opt/airflow/dags/dynamic_etl_dag.py
[2026-05-08T10:48:04.126+0000] {processor.py:840} INFO - DAG(s) 'dynamic_etl_framework' retrieved from /opt/airflow/dags/dynamic_etl_dag.py
[2026-05-08T10:48:04.333+0000] {logging_mixin.py:188} INFO - [2026-05-08T10:48:04.333+0000] {dag.py:3096} INFO - Sync 1 DAGs
[2026-05-08T10:48:04.361+0000] {logging_mixin.py:188} INFO - [2026-05-08T10:48:04.361+0000] {dag.py:3954} INFO - Setting next_dagrun for dynamic_etl_framework to 2026-05-08 00:00:00+00:00, run_after=2026-05-09 00:00:00+00:00
[2026-05-08T10:48:04.435+0000] {processor.py:183} INFO - Processing /opt/airflow/dags/dynamic_etl_dag.py took 1.530 seconds
[2026-05-08T10:48:34.998+0000] {processor.py:161} INFO - Started process (PID=4207) to work on /opt/airflow/dags/dynamic_etl_dag.py
[2026-05-08T10:48:35.000+0000] {processor.py:830} INFO - Processing file /opt/airflow/dags/dynamic_etl_dag.py for tasks to queue
[2026-05-08T10:48:35.002+0000] {logging_mixin.py:188} INFO - [2026-05-08T10:48:35.002+0000] {dagbag.py:545} INFO - Filling up the DagBag from /opt/airflow/dags/dynamic_etl_dag.py
[2026-05-08T10:48:35.952+0000] {processor.py:840} INFO - DAG(s) 'dynamic_etl_framework' retrieved from /opt/airflow/dags/dynamic_etl_dag.py
[2026-05-08T10:48:36.183+0000] {logging_mixin.py:188} INFO - [2026-05-08T10:48:36.182+0000] {dag.py:3096} INFO - Sync 1 DAGs
[2026-05-08T10:48:36.228+0000] {logging_mixin.py:188} INFO - [2026-05-08T10:48:36.228+0000] {dag.py:3954} INFO - Setting next_dagrun for dynamic_etl_framework to 2026-05-08 00:00:00+00:00, run_after=2026-05-09 00:00:00+00:00
[2026-05-08T10:48:36.285+0000] {processor.py:183} INFO - Processing /opt/airflow/dags/dynamic_etl_dag.py took 1.295 seconds
[2026-05-08T10:49:06.459+0000] {processor.py:161} INFO - Started process (PID=4213) to work on /opt/airflow/dags/dynamic_etl_dag.py
[2026-05-08T10:49:06.461+0000] {processor.py:830} INFO - Processing file /opt/airflow/dags/dynamic_etl_dag.py for tasks to queue
[2026-05-08T10:49:06.464+0000] {logging_mixin.py:188} INFO - [2026-05-08T10:49:06.464+0000] {dagbag.py:545} INFO - Filling up the DagBag from /opt/airflow/dags/dynamic_etl_dag.py
[2026-05-08T10:49:07.488+0000] {processor.py:840} INFO - DAG(s) 'dynamic_etl_framework' retrieved from /opt/airflow/dags/dynamic_etl_dag.py
[2026-05-08T10:49:07.716+0000] {logging_mixin.py:188} INFO - [2026-05-08T10:49:07.712+0000] {dag.py:3096} INFO - Sync 1 DAGs
[2026-05-08T10:49:07.768+0000] {logging_mixin.py:188} INFO - [2026-05-08T10:49:07.768+0000] {dag.py:3954} INFO - Setting next_dagrun for dynamic_etl_framework to 2026-05-08 00:00:00+00:00, run_after=2026-05-09 00:00:00+00:00
[2026-05-08T10:49:07.827+0000] {processor.py:183} INFO - Processing /opt/airflow/dags/dynamic_etl_dag.py took 1.376 seconds
[2026-05-08T10:49:38.598+0000] {processor.py:161} INFO - Started process (PID=4219) to work on /opt/airflow/dags/dynamic_etl_dag.py
[2026-05-08T10:49:38.600+0000] {processor.py:830} INFO - Processing file /opt/airflow/dags/dynamic_etl_dag.py for tasks to queue
[2026-05-08T10:49:38.603+0000] {logging_mixin.py:188} INFO - [2026-05-08T10:49:38.602+0000] {dagbag.py:545} INFO - Filling up the DagBag from /opt/airflow/dags/dynamic_etl_dag.py
[2026-05-08T10:49:39.656+0000] {processor.py:840} INFO - DAG(s) 'dynamic_etl_framework' retrieved from /opt/airflow/dags/dynamic_etl_dag.py
[2026-05-08T10:49:39.897+0000] {logging_mixin.py:188} INFO - [2026-05-08T10:49:39.897+0000] {dag.py:3096} INFO - Sync 1 DAGs
[2026-05-08T10:49:39.931+0000] {logging_mixin.py:188} INFO - [2026-05-08T10:49:39.930+0000] {dag.py:3954} INFO - Setting next_dagrun for dynamic_etl_framework to 2026-05-08 00:00:00+00:00, run_after=2026-05-09 00:00:00+00:00
[2026-05-08T10:49:39.990+0000] {processor.py:183} INFO - Processing /opt/airflow/dags/dynamic_etl_dag.py took 1.399 seconds
[2026-05-08T10:50:10.217+0000] {processor.py:161} INFO - Started process (PID=4225) to work on /opt/airflow/dags/dynamic_etl_dag.py
[2026-05-08T10:50:10.219+0000] {processor.py:830} INFO - Processing file /opt/airflow/dags/dynamic_etl_dag.py for tasks to queue
[2026-05-08T10:50:10.223+0000] {logging_mixin.py:188} INFO - [2026-05-08T10:50:10.222+0000] {dagbag.py:545} INFO - Filling up the DagBag from /opt/airflow/dags/dynamic_etl_dag.py
[2026-05-08T10:50:11.217+0000] {processor.py:840} INFO - DAG(s) 'dynamic_etl_framework' retrieved from /opt/airflow/dags/dynamic_etl_dag.py
[2026-05-08T10:50:11.416+0000] {logging_mixin.py:188} INFO - [2026-05-08T10:50:11.415+0000] {dag.py:3096} INFO - Sync 1 DAGs
[2026-05-08T10:50:11.449+0000] {logging_mixin.py:188} INFO - [2026-05-08T10:50:11.448+0000] {dag.py:3954} INFO - Setting next_dagrun for dynamic_etl_framework to 2026-05-08 00:00:00+00:00, run_after=2026-05-09 00:00:00+00:00
[2026-05-08T10:50:11.495+0000] {processor.py:183} INFO - Processing /opt/airflow/dags/dynamic_etl_dag.py took 1.290 seconds
[2026-05-08T10:50:42.433+0000] {processor.py:161} INFO - Started process (PID=4231) to work on /opt/airflow/dags/dynamic_etl_dag.py
[2026-05-08T10:50:42.435+0000] {processor.py:830} INFO - Processing file /opt/airflow/dags/dynamic_etl_dag.py for tasks to queue
[2026-05-08T10:50:42.440+0000] {logging_mixin.py:188} INFO - [2026-05-08T10:50:42.439+0000] {dagbag.py:545} INFO - Filling up the DagBag from /opt/airflow/dags/dynamic_etl_dag.py
[2026-05-08T10:50:43.658+0000] {processor.py:840} INFO - DAG(s) 'dynamic_etl_framework' retrieved from /opt/airflow/dags/dynamic_etl_dag.py
[2026-05-08T10:50:43.929+0000] {logging_mixin.py:188} INFO - [2026-05-08T10:50:43.928+0000] {dag.py:3096} INFO - Sync 1 DAGs
[2026-05-08T10:50:43.968+0000] {logging_mixin.py:188} INFO - [2026-05-08T10:50:43.967+0000] {dag.py:3954} INFO - Setting next_dagrun for dynamic_etl_framework to 2026-05-08 00:00:00+00:00, run_after=2026-05-09 00:00:00+00:00
[2026-05-08T10:50:44.020+0000] {processor.py:183} INFO - Processing /opt/airflow/dags/dynamic_etl_dag.py took 1.599 seconds
[2026-05-08T10:51:14.615+0000] {processor.py:161} INFO - Started process (PID=4237) to work on /opt/airflow/dags/dynamic_etl_dag.py
[2026-05-08T10:51:14.617+0000] {processor.py:830} INFO - Processing file /opt/airflow/dags/dynamic_etl_dag.py for tasks to queue
[2026-05-08T10:51:14.619+0000] {logging_mixin.py:188} INFO - [2026-05-08T10:51:14.619+0000] {dagbag.py:545} INFO - Filling up the DagBag from /opt/airflow/dags/dynamic_etl_dag.py
[2026-05-08T10:51:15.928+0000] {processor.py:840} INFO - DAG(s) 'dynamic_etl_framework' retrieved from /opt/airflow/dags/dynamic_etl_dag.py
[2026-05-08T10:51:16.207+0000] {logging_mixin.py:188} INFO - [2026-05-08T10:51:16.207+0000] {dag.py:3096} INFO - Sync 1 DAGs
[2026-05-08T10:51:16.238+0000] {logging_mixin.py:188} INFO - [2026-05-08T10:51:16.238+0000] {dag.py:3954} INFO - Setting next_dagrun for dynamic_etl_framework to 2026-05-08 00:00:00+00:00, run_after=2026-05-09 00:00:00+00:00
[2026-05-08T10:51:16.295+0000] {processor.py:183} INFO - Processing /opt/airflow/dags/dynamic_etl_dag.py took 1.686 seconds
[2026-05-08T10:51:46.705+0000] {processor.py:161} INFO - Started process (PID=4243) to work on /opt/airflow/dags/dynamic_etl_dag.py
[2026-05-08T10:51:46.708+0000] {processor.py:830} INFO - Processing file /opt/airflow/dags/dynamic_etl_dag.py for tasks to queue
[2026-05-08T10:51:46.712+0000] {logging_mixin.py:188} INFO - [2026-05-08T10:51:46.711+0000] {dagbag.py:545} INFO - Filling up the DagBag from /opt/airflow/dags/dynamic_etl_dag.py
[2026-05-08T10:51:47.767+0000] {processor.py:840} INFO - DAG(s) 'dynamic_etl_framework' retrieved from /opt/airflow/dags/dynamic_etl_dag.py
[2026-05-08T10:51:47.971+0000] {logging_mixin.py:188} INFO - [2026-05-08T10:51:47.970+0000] {dag.py:3096} INFO - Sync 1 DAGs
[2026-05-08T10:51:48.003+0000] {logging_mixin.py:188} INFO - [2026-05-08T10:51:48.003+0000] {dag.py:3954} INFO - Setting next_dagrun for dynamic_etl_framework to 2026-05-08 00:00:00+00:00, run_after=2026-05-09 00:00:00+00:00
[2026-05-08T10:51:48.070+0000] {processor.py:183} INFO - Processing /opt/airflow/dags/dynamic_etl_dag.py took 1.380 seconds
[2026-05-08T10:52:18.401+0000] {processor.py:161} INFO - Started process (PID=4249) to work on /opt/airflow/dags/dynamic_etl_dag.py
[2026-05-08T10:52:18.405+0000] {processor.py:830} INFO - Processing file /opt/airflow/dags/dynamic_etl_dag.py for tasks to queue
[2026-05-08T10:52:18.430+0000] {logging_mixin.py:188} INFO - [2026-05-08T10:52:18.429+0000] {dagbag.py:545} INFO - Filling up the DagBag from /opt/airflow/dags/dynamic_etl_dag.py
[2026-05-08T10:52:19.512+0000] {processor.py:840} INFO - DAG(s) 'dynamic_etl_framework' retrieved from /opt/airflow/dags/dynamic_etl_dag.py
[2026-05-08T10:52:19.715+0000] {logging_mixin.py:188} INFO - [2026-05-08T10:52:19.713+0000] {dag.py:3096} INFO - Sync 1 DAGs
[2026-05-08T10:52:19.750+0000] {logging_mixin.py:188} INFO - [2026-05-08T10:52:19.750+0000] {dag.py:3954} INFO - Setting next_dagrun for dynamic_etl_framework to 2026-05-08 00:00:00+00:00, run_after=2026-05-09 00:00:00+00:00
[2026-05-08T10:52:19.804+0000] {processor.py:183} INFO - Processing /opt/airflow/dags/dynamic_etl_dag.py took 1.409 seconds
[2026-05-08T10:52:50.302+0000] {processor.py:161} INFO - Started process (PID=4255) to work on /opt/airflow/dags/dynamic_etl_dag.py
[2026-05-08T10:52:50.304+0000] {processor.py:830} INFO - Processing file /opt/airflow/dags/dynamic_etl_dag.py for tasks to queue
[2026-05-08T10:52:50.308+0000] {logging_mixin.py:188} INFO - [2026-05-08T10:52:50.307+0000] {dagbag.py:545} INFO - Filling up the DagBag from /opt/airflow/dags/dynamic_etl_dag.py
[2026-05-08T10:52:51.221+0000] {processor.py:840} INFO - DAG(s) 'dynamic_etl_framework' retrieved from /opt/airflow/dags/dynamic_etl_dag.py
[2026-05-08T10:52:51.517+0000] {logging_mixin.py:188} INFO - [2026-05-08T10:52:51.516+0000] {dag.py:3096} INFO - Sync 1 DAGs
[2026-05-08T10:52:51.542+0000] {logging_mixin.py:188} INFO - [2026-05-08T10:52:51.541+0000] {dag.py:3954} INFO - Setting next_dagrun for dynamic_etl_framework to 2026-05-08 00:00:00+00:00, run_after=2026-05-09 00:00:00+00:00
[2026-05-08T10:52:51.581+0000] {processor.py:183} INFO - Processing /opt/airflow/dags/dynamic_etl_dag.py took 1.290 seconds
[2026-05-08T10:53:21.819+0000] {processor.py:161} INFO - Started process (PID=4261) to work on /opt/airflow/dags/dynamic_etl_dag.py
[2026-05-08T10:53:21.821+0000] {processor.py:830} INFO - Processing file /opt/airflow/dags/dynamic_etl_dag.py for tasks to queue
[2026-05-08T10:53:21.824+0000] {logging_mixin.py:188} INFO - [2026-05-08T10:53:21.824+0000] {dagbag.py:545} INFO - Filling up the DagBag from /opt/airflow/dags/dynamic_etl_dag.py
[2026-05-08T10:53:22.931+0000] {processor.py:840} INFO - DAG(s) 'dynamic_etl_framework' retrieved from /opt/airflow/dags/dynamic_etl_dag.py
[2026-05-08T10:53:23.156+0000] {logging_mixin.py:188} INFO - [2026-05-08T10:53:23.156+0000] {dag.py:3096} INFO - Sync 1 DAGs
[2026-05-08T10:53:23.186+0000] {logging_mixin.py:188} INFO - [2026-05-08T10:53:23.186+0000] {dag.py:3954} INFO - Setting next_dagrun for dynamic_etl_framework to 2026-05-08 00:00:00+00:00, run_after=2026-05-09 00:00:00+00:00
[2026-05-08T10:53:23.230+0000] {processor.py:183} INFO - Processing /opt/airflow/dags/dynamic_etl_dag.py took 1.418 seconds
[2026-05-08T10:53:53.895+0000] {processor.py:161} INFO - Started process (PID=4267) to work on /opt/airflow/dags/dynamic_etl_dag.py
[2026-05-08T10:53:53.898+0000] {processor.py:830} INFO - Processing file /opt/airflow/dags/dynamic_etl_dag.py for tasks to queue
[2026-05-08T10:53:53.902+0000] {logging_mixin.py:188} INFO - [2026-05-08T10:53:53.902+0000] {dagbag.py:545} INFO - Filling up the DagBag from /opt/airflow/dags/dynamic_etl_dag.py
[2026-05-08T10:53:55.148+0000] {processor.py:840} INFO - DAG(s) 'dynamic_etl_framework' retrieved from /opt/airflow/dags/dynamic_etl_dag.py
[2026-05-08T10:53:55.373+0000] {logging_mixin.py:188} INFO - [2026-05-08T10:53:55.372+0000] {dag.py:3096} INFO - Sync 1 DAGs
[2026-05-08T10:53:55.405+0000] {logging_mixin.py:188} INFO - [2026-05-08T10:53:55.405+0000] {dag.py:3954} INFO - Setting next_dagrun for dynamic_etl_framework to 2026-05-08 00:00:00+00:00, run_after=2026-05-09 00:00:00+00:00
[2026-05-08T10:53:55.455+0000] {processor.py:183} INFO - Processing /opt/airflow/dags/dynamic_etl_dag.py took 1.576 seconds
[2026-05-08T10:54:26.078+0000] {processor.py:161} INFO - Started process (PID=4273) to work on /opt/airflow/dags/dynamic_etl_dag.py
[2026-05-08T10:54:26.079+0000] {processor.py:830} INFO - Processing file /opt/airflow/dags/dynamic_etl_dag.py for tasks to queue
[2026-05-08T10:54:26.082+0000] {logging_mixin.py:188} INFO - [2026-05-08T10:54:26.082+0000] {dagbag.py:545} INFO - Filling up the DagBag from /opt/airflow/dags/dynamic_etl_dag.py
[2026-05-08T10:54:27.097+0000] {processor.py:840} INFO - DAG(s) 'dynamic_etl_framework' retrieved from /opt/airflow/dags/dynamic_etl_dag.py
[2026-05-08T10:54:27.305+0000] {logging_mixin.py:188} INFO - [2026-05-08T10:54:27.304+0000] {dag.py:3096} INFO - Sync 1 DAGs
[2026-05-08T10:54:27.332+0000] {logging_mixin.py:188} INFO - [2026-05-08T10:54:27.332+0000] {dag.py:3954} INFO - Setting next_dagrun for dynamic_etl_framework to 2026-05-08 00:00:00+00:00, run_after=2026-05-09 00:00:00+00:00
[2026-05-08T10:54:27.382+0000] {processor.py:183} INFO - Processing /opt/airflow/dags/dynamic_etl_dag.py took 1.313 seconds
[2026-05-08T10:54:57.572+0000] {processor.py:161} INFO - Started process (PID=4279) to work on /opt/airflow/dags/dynamic_etl_dag.py
[2026-05-08T10:54:57.574+0000] {processor.py:830} INFO - Processing file /opt/airflow/dags/dynamic_etl_dag.py for tasks to queue
[2026-05-08T10:54:57.578+0000] {logging_mixin.py:188} INFO - [2026-05-08T10:54:57.578+0000] {dagbag.py:545} INFO - Filling up the DagBag from /opt/airflow/dags/dynamic_etl_dag.py
[2026-05-08T10:54:58.660+0000] {processor.py:840} INFO - DAG(s) 'dynamic_etl_framework' retrieved from /opt/airflow/dags/dynamic_etl_dag.py
[2026-05-08T10:54:58.856+0000] {logging_mixin.py:188} INFO - [2026-05-08T10:54:58.856+0000] {dag.py:3096} INFO - Sync 1 DAGs
[2026-05-08T10:54:58.895+0000] {logging_mixin.py:188} INFO - [2026-05-08T10:54:58.895+0000] {dag.py:3954} INFO - Setting next_dagrun for dynamic_etl_framework to 2026-05-08 00:00:00+00:00, run_after=2026-05-09 00:00:00+00:00
[2026-05-08T10:54:58.957+0000] {processor.py:183} INFO - Processing /opt/airflow/dags/dynamic_etl_dag.py took 1.396 seconds
[2026-05-08T10:55:29.545+0000] {processor.py:161} INFO - Started process (PID=4285) to work on /opt/airflow/dags/dynamic_etl_dag.py
[2026-05-08T10:55:29.547+0000] {processor.py:830} INFO - Processing file /opt/airflow/dags/dynamic_etl_dag.py for tasks to queue
[2026-05-08T10:55:29.550+0000] {logging_mixin.py:188} INFO - [2026-05-08T10:55:29.550+0000] {dagbag.py:545} INFO - Filling up the DagBag from /opt/airflow/dags/dynamic_etl_dag.py
[2026-05-08T10:55:30.591+0000] {processor.py:840} INFO - DAG(s) 'dynamic_etl_framework' retrieved from /opt/airflow/dags/dynamic_etl_dag.py
[2026-05-08T10:55:30.829+0000] {logging_mixin.py:188} INFO - [2026-05-08T10:55:30.827+0000] {dag.py:3096} INFO - Sync 1 DAGs
[2026-05-08T10:55:30.860+0000] {logging_mixin.py:188} INFO - [2026-05-08T10:55:30.860+0000] {dag.py:3954} INFO - Setting next_dagrun for dynamic_etl_framework to 2026-05-08 00:00:00+00:00, run_after=2026-05-09 00:00:00+00:00
[2026-05-08T10:55:30.905+0000] {processor.py:183} INFO - Processing /opt/airflow/dags/dynamic_etl_dag.py took 1.367 seconds
[2026-05-08T10:56:01.066+0000] {processor.py:161} INFO - Started process (PID=4291) to work on /opt/airflow/dags/dynamic_etl_dag.py
[2026-05-08T10:56:01.068+0000] {processor.py:830} INFO - Processing file /opt/airflow/dags/dynamic_etl_dag.py for tasks to queue
[2026-05-08T10:56:01.071+0000] {logging_mixin.py:188} INFO - [2026-05-08T10:56:01.071+0000] {dagbag.py:545} INFO - Filling up the DagBag from /opt/airflow/dags/dynamic_etl_dag.py
[2026-05-08T10:56:02.096+0000] {processor.py:840} INFO - DAG(s) 'dynamic_etl_framework' retrieved from /opt/airflow/dags/dynamic_etl_dag.py
[2026-05-08T10:56:02.332+0000] {logging_mixin.py:188} INFO - [2026-05-08T10:56:02.331+0000] {dag.py:3096} INFO - Sync 1 DAGs
[2026-05-08T10:56:02.373+0000] {logging_mixin.py:188} INFO - [2026-05-08T10:56:02.373+0000] {dag.py:3954} INFO - Setting next_dagrun for dynamic_etl_framework to 2026-05-08 00:00:00+00:00, run_after=2026-05-09 00:00:00+00:00
[2026-05-08T10:56:02.428+0000] {processor.py:183} INFO - Processing /opt/airflow/dags/dynamic_etl_dag.py took 1.374 seconds
[2026-05-08T10:56:33.053+0000] {processor.py:161} INFO - Started process (PID=4297) to work on /opt/airflow/dags/dynamic_etl_dag.py
[2026-05-08T10:56:33.055+0000] {processor.py:830} INFO - Processing file /opt/airflow/dags/dynamic_etl_dag.py for tasks to queue
[2026-05-08T10:56:33.058+0000] {logging_mixin.py:188} INFO - [2026-05-08T10:56:33.057+0000] {dagbag.py:545} INFO - Filling up the DagBag from /opt/airflow/dags/dynamic_etl_dag.py
[2026-05-08T10:56:34.112+0000] {processor.py:840} INFO - DAG(s) 'dynamic_etl_framework' retrieved from /opt/airflow/dags/dynamic_etl_dag.py
[2026-05-08T10:56:34.306+0000] {logging_mixin.py:188} INFO - [2026-05-08T10:56:34.305+0000] {dag.py:3096} INFO - Sync 1 DAGs
[2026-05-08T10:56:34.333+0000] {logging_mixin.py:188} INFO - [2026-05-08T10:56:34.333+0000] {dag.py:3954} INFO - Setting next_dagrun for dynamic_etl_framework to 2026-05-08 00:00:00+00:00, run_after=2026-05-09 00:00:00+00:00
[2026-05-08T10:56:34.392+0000] {processor.py:183} INFO - Processing /opt/airflow/dags/dynamic_etl_dag.py took 1.349 seconds
[2026-05-08T10:57:04.669+0000] {processor.py:161} INFO - Started process (PID=4303) to work on /opt/airflow/dags/dynamic_etl_dag.py
[2026-05-08T10:57:04.671+0000] {processor.py:830} INFO - Processing file /opt/airflow/dags/dynamic_etl_dag.py for tasks to queue
[2026-05-08T10:57:04.674+0000] {logging_mixin.py:188} INFO - [2026-05-08T10:57:04.673+0000] {dagbag.py:545} INFO - Filling up the DagBag from /opt/airflow/dags/dynamic_etl_dag.py
[2026-05-08T10:57:05.693+0000] {processor.py:840} INFO - DAG(s) 'dynamic_etl_framework' retrieved from /opt/airflow/dags/dynamic_etl_dag.py
[2026-05-08T10:57:05.980+0000] {logging_mixin.py:188} INFO - [2026-05-08T10:57:05.979+0000] {dag.py:3096} INFO - Sync 1 DAGs
[2026-05-08T10:57:06.007+0000] {logging_mixin.py:188} INFO - [2026-05-08T10:57:06.007+0000] {dag.py:3954} INFO - Setting next_dagrun for dynamic_etl_framework to 2026-05-08 00:00:00+00:00, run_after=2026-05-09 00:00:00+00:00
[2026-05-08T10:57:06.064+0000] {processor.py:183} INFO - Processing /opt/airflow/dags/dynamic_etl_dag.py took 1.402 seconds
[2026-05-08T10:57:36.769+0000] {processor.py:161} INFO - Started process (PID=4309) to work on /opt/airflow/dags/dynamic_etl_dag.py
[2026-05-08T10:57:36.770+0000] {processor.py:830} INFO - Processing file /opt/airflow/dags/dynamic_etl_dag.py for tasks to queue
[2026-05-08T10:57:36.773+0000] {logging_mixin.py:188} INFO - [2026-05-08T10:57:36.772+0000] {dagbag.py:545} INFO - Filling up the DagBag from /opt/airflow/dags/dynamic_etl_dag.py
[2026-05-08T10:57:37.871+0000] {processor.py:840} INFO - DAG(s) 'dynamic_etl_framework' retrieved from /opt/airflow/dags/dynamic_etl_dag.py
[2026-05-08T10:57:38.107+0000] {logging_mixin.py:188} INFO - [2026-05-08T10:57:38.106+0000] {dag.py:3096} INFO - Sync 1 DAGs
[2026-05-08T10:57:38.146+0000] {logging_mixin.py:188} INFO - [2026-05-08T10:57:38.145+0000] {dag.py:3954} INFO - Setting next_dagrun for dynamic_etl_framework to 2026-05-08 00:00:00+00:00, run_after=2026-05-09 00:00:00+00:00
[2026-05-08T10:57:38.218+0000] {processor.py:183} INFO - Processing /opt/airflow/dags/dynamic_etl_dag.py took 1.455 seconds
[2026-05-08T10:58:08.750+0000] {processor.py:161} INFO - Started process (PID=4315) to work on /opt/airflow/dags/dynamic_etl_dag.py
[2026-05-08T10:58:08.751+0000] {processor.py:830} INFO - Processing file /opt/airflow/dags/dynamic_etl_dag.py for tasks to queue
[2026-05-08T10:58:08.754+0000] {logging_mixin.py:188} INFO - [2026-05-08T10:58:08.754+0000] {dagbag.py:545} INFO - Filling up the DagBag from /opt/airflow/dags/dynamic_etl_dag.py
[2026-05-08T10:58:09.734+0000] {processor.py:840} INFO - DAG(s) 'dynamic_etl_framework' retrieved from /opt/airflow/dags/dynamic_etl_dag.py
[2026-05-08T10:58:09.949+0000] {logging_mixin.py:188} INFO - [2026-05-08T10:58:09.948+0000] {dag.py:3096} INFO - Sync 1 DAGs
[2026-05-08T10:58:09.977+0000] {logging_mixin.py:188} INFO - [2026-05-08T10:58:09.977+0000] {dag.py:3954} INFO - Setting next_dagrun for dynamic_etl_framework to 2026-05-08 00:00:00+00:00, run_after=2026-05-09 00:00:00+00:00
[2026-05-08T10:58:10.031+0000] {processor.py:183} INFO - Processing /opt/airflow/dags/dynamic_etl_dag.py took 1.288 seconds
[2026-05-08T10:58:40.350+0000] {processor.py:161} INFO - Started process (PID=4321) to work on /opt/airflow/dags/dynamic_etl_dag.py
[2026-05-08T10:58:40.352+0000] {processor.py:830} INFO - Processing file /opt/airflow/dags/dynamic_etl_dag.py for tasks to queue
[2026-05-08T10:58:40.355+0000] {logging_mixin.py:188} INFO - [2026-05-08T10:58:40.355+0000] {dagbag.py:545} INFO - Filling up the DagBag from /opt/airflow/dags/dynamic_etl_dag.py
[2026-05-08T10:58:41.349+0000] {processor.py:840} INFO - DAG(s) 'dynamic_etl_framework' retrieved from /opt/airflow/dags/dynamic_etl_dag.py
[2026-05-08T10:58:41.560+0000] {logging_mixin.py:188} INFO - [2026-05-08T10:58:41.560+0000] {dag.py:3096} INFO - Sync 1 DAGs
[2026-05-08T10:58:41.589+0000] {logging_mixin.py:188} INFO - [2026-05-08T10:58:41.589+0000] {dag.py:3954} INFO - Setting next_dagrun for dynamic_etl_framework to 2026-05-08 00:00:00+00:00, run_after=2026-05-09 00:00:00+00:00
[2026-05-08T10:58:41.656+0000] {processor.py:183} INFO - Processing /opt/airflow/dags/dynamic_etl_dag.py took 1.314 seconds
[2026-05-08T10:59:11.869+0000] {processor.py:161} INFO - Started process (PID=4327) to work on /opt/airflow/dags/dynamic_etl_dag.py
[2026-05-08T10:59:11.871+0000] {processor.py:830} INFO - Processing file /opt/airflow/dags/dynamic_etl_dag.py for tasks to queue
[2026-05-08T10:59:11.874+0000] {logging_mixin.py:188} INFO - [2026-05-08T10:59:11.874+0000] {dagbag.py:545} INFO - Filling up the DagBag from /opt/airflow/dags/dynamic_etl_dag.py
[2026-05-08T10:59:12.782+0000] {processor.py:840} INFO - DAG(s) 'dynamic_etl_framework' retrieved from /opt/airflow/dags/dynamic_etl_dag.py
[2026-05-08T10:59:12.962+0000] {logging_mixin.py:188} INFO - [2026-05-08T10:59:12.962+0000] {dag.py:3096} INFO - Sync 1 DAGs
[2026-05-08T10:59:12.986+0000] {logging_mixin.py:188} INFO - [2026-05-08T10:59:12.985+0000] {dag.py:3954} INFO - Setting next_dagrun for dynamic_etl_framework to 2026-05-08 00:00:00+00:00, run_after=2026-05-09 00:00:00+00:00
[2026-05-08T10:59:13.020+0000] {processor.py:183} INFO - Processing /opt/airflow/dags/dynamic_etl_dag.py took 1.156 seconds
[2026-05-08T10:59:43.604+0000] {processor.py:161} INFO - Started process (PID=4333) to work on /opt/airflow/dags/dynamic_etl_dag.py
[2026-05-08T10:59:43.607+0000] {processor.py:830} INFO - Processing file /opt/airflow/dags/dynamic_etl_dag.py for tasks to queue
[2026-05-08T10:59:43.611+0000] {logging_mixin.py:188} INFO - [2026-05-08T10:59:43.611+0000] {dagbag.py:545} INFO - Filling up the DagBag from /opt/airflow/dags/dynamic_etl_dag.py
[2026-05-08T10:59:44.636+0000] {processor.py:840} INFO - DAG(s) 'dynamic_etl_framework' retrieved from /opt/airflow/dags/dynamic_etl_dag.py
[2026-05-08T10:59:44.853+0000] {logging_mixin.py:188} INFO - [2026-05-08T10:59:44.852+0000] {dag.py:3096} INFO - Sync 1 DAGs
[2026-05-08T10:59:44.885+0000] {logging_mixin.py:188} INFO - [2026-05-08T10:59:44.885+0000] {dag.py:3954} INFO - Setting next_dagrun for dynamic_etl_framework to 2026-05-08 00:00:00+00:00, run_after=2026-05-09 00:00:00+00:00
[2026-05-08T10:59:44.934+0000] {processor.py:183} INFO - Processing /opt/airflow/dags/dynamic_etl_dag.py took 1.346 seconds
[2026-05-08T11:00:15.086+0000] {processor.py:161} INFO - Started process (PID=4339) to work on /opt/airflow/dags/dynamic_etl_dag.py
[2026-05-08T11:00:15.088+0000] {processor.py:830} INFO - Processing file /opt/airflow/dags/dynamic_etl_dag.py for tasks to queue
[2026-05-08T11:00:15.093+0000] {logging_mixin.py:188} INFO - [2026-05-08T11:00:15.092+0000] {dagbag.py:545} INFO - Filling up the DagBag from /opt/airflow/dags/dynamic_etl_dag.py
[2026-05-08T11:00:16.351+0000] {processor.py:840} INFO - DAG(s) 'dynamic_etl_framework' retrieved from /opt/airflow/dags/dynamic_etl_dag.py
[2026-05-08T11:00:16.568+0000] {logging_mixin.py:188} INFO - [2026-05-08T11:00:16.567+0000] {dag.py:3096} INFO - Sync 1 DAGs
[2026-05-08T11:00:16.597+0000] {logging_mixin.py:188} INFO - [2026-05-08T11:00:16.597+0000] {dag.py:3954} INFO - Setting next_dagrun for dynamic_etl_framework to 2026-05-08 00:00:00+00:00, run_after=2026-05-09 00:00:00+00:00
[2026-05-08T11:00:16.646+0000] {processor.py:183} INFO - Processing /opt/airflow/dags/dynamic_etl_dag.py took 1.571 seconds
[2026-05-08T11:00:46.955+0000] {processor.py:161} INFO - Started process (PID=4345) to work on /opt/airflow/dags/dynamic_etl_dag.py
[2026-05-08T11:00:46.958+0000] {processor.py:830} INFO - Processing file /opt/airflow/dags/dynamic_etl_dag.py for tasks to queue
[2026-05-08T11:00:46.962+0000] {logging_mixin.py:188} INFO - [2026-05-08T11:00:46.961+0000] {dagbag.py:545} INFO - Filling up the DagBag from /opt/airflow/dags/dynamic_etl_dag.py
[2026-05-08T11:00:48.112+0000] {processor.py:840} INFO - DAG(s) 'dynamic_etl_framework' retrieved from /opt/airflow/dags/dynamic_etl_dag.py
[2026-05-08T11:00:48.311+0000] {logging_mixin.py:188} INFO - [2026-05-08T11:00:48.311+0000] {dag.py:3096} INFO - Sync 1 DAGs
[2026-05-08T11:00:48.347+0000] {logging_mixin.py:188} INFO - [2026-05-08T11:00:48.347+0000] {dag.py:3954} INFO - Setting next_dagrun for dynamic_etl_framework to 2026-05-08 00:00:00+00:00, run_after=2026-05-09 00:00:00+00:00
[2026-05-08T11:00:48.396+0000] {processor.py:183} INFO - Processing /opt/airflow/dags/dynamic_etl_dag.py took 1.449 seconds
[2026-05-08T11:01:19.050+0000] {processor.py:161} INFO - Started process (PID=4351) to work on /opt/airflow/dags/dynamic_etl_dag.py
[2026-05-08T11:01:19.054+0000] {processor.py:830} INFO - Processing file /opt/airflow/dags/dynamic_etl_dag.py for tasks to queue
[2026-05-08T11:01:19.057+0000] {logging_mixin.py:188} INFO - [2026-05-08T11:01:19.056+0000] {dagbag.py:545} INFO - Filling up the DagBag from /opt/airflow/dags/dynamic_etl_dag.py
[2026-05-08T11:01:20.255+0000] {processor.py:840} INFO - DAG(s) 'dynamic_etl_framework' retrieved from /opt/airflow/dags/dynamic_etl_dag.py
[2026-05-08T11:01:20.444+0000] {logging_mixin.py:188} INFO - [2026-05-08T11:01:20.443+0000] {dag.py:3096} INFO - Sync 1 DAGs
[2026-05-08T11:01:20.486+0000] {logging_mixin.py:188} INFO - [2026-05-08T11:01:20.486+0000] {dag.py:3954} INFO - Setting next_dagrun for dynamic_etl_framework to 2026-05-08 00:00:00+00:00, run_after=2026-05-09 00:00:00+00:00
[2026-05-08T11:01:20.566+0000] {processor.py:183} INFO - Processing /opt/airflow/dags/dynamic_etl_dag.py took 1.529 seconds
[2026-05-08T11:01:51.035+0000] {processor.py:161} INFO - Started process (PID=4357) to work on /opt/airflow/dags/dynamic_etl_dag.py
[2026-05-08T11:01:51.037+0000] {processor.py:830} INFO - Processing file /opt/airflow/dags/dynamic_etl_dag.py for tasks to queue
[2026-05-08T11:01:51.041+0000] {logging_mixin.py:188} INFO - [2026-05-08T11:01:51.040+0000] {dagbag.py:545} INFO - Filling up the DagBag from /opt/airflow/dags/dynamic_etl_dag.py
[2026-05-08T11:01:52.106+0000] {processor.py:840} INFO - DAG(s) 'dynamic_etl_framework' retrieved from /opt/airflow/dags/dynamic_etl_dag.py
[2026-05-08T11:01:52.302+0000] {logging_mixin.py:188} INFO - [2026-05-08T11:01:52.301+0000] {dag.py:3096} INFO - Sync 1 DAGs
[2026-05-08T11:01:52.333+0000] {logging_mixin.py:188} INFO - [2026-05-08T11:01:52.332+0000] {dag.py:3954} INFO - Setting next_dagrun for dynamic_etl_framework to 2026-05-08 00:00:00+00:00, run_after=2026-05-09 00:00:00+00:00
[2026-05-08T11:01:52.379+0000] {processor.py:183} INFO - Processing /opt/airflow/dags/dynamic_etl_dag.py took 1.352 seconds
[2026-05-08T11:02:22.566+0000] {processor.py:161} INFO - Started process (PID=4363) to work on /opt/airflow/dags/dynamic_etl_dag.py
[2026-05-08T11:02:22.568+0000] {processor.py:830} INFO - Processing file /opt/airflow/dags/dynamic_etl_dag.py for tasks to queue
[2026-05-08T11:02:22.571+0000] {logging_mixin.py:188} INFO - [2026-05-08T11:02:22.571+0000] {dagbag.py:545} INFO - Filling up the DagBag from /opt/airflow/dags/dynamic_etl_dag.py
[2026-05-08T11:02:23.597+0000] {processor.py:840} INFO - DAG(s) 'dynamic_etl_framework' retrieved from /opt/airflow/dags/dynamic_etl_dag.py
[2026-05-08T11:02:23.803+0000] {logging_mixin.py:188} INFO - [2026-05-08T11:02:23.802+0000] {dag.py:3096} INFO - Sync 1 DAGs
[2026-05-08T11:02:23.831+0000] {logging_mixin.py:188} INFO - [2026-05-08T11:02:23.830+0000] {dag.py:3954} INFO - Setting next_dagrun for dynamic_etl_framework to 2026-05-08 00:00:00+00:00, run_after=2026-05-09 00:00:00+00:00
[2026-05-08T11:02:23.872+0000] {processor.py:183} INFO - Processing /opt/airflow/dags/dynamic_etl_dag.py took 1.312 seconds
[2026-05-08T11:02:54.462+0000] {processor.py:161} INFO - Started process (PID=4369) to work on /opt/airflow/dags/dynamic_etl_dag.py
[2026-05-08T11:02:54.463+0000] {processor.py:830} INFO - Processing file /opt/airflow/dags/dynamic_etl_dag.py for tasks to queue
[2026-05-08T11:02:54.466+0000] {logging_mixin.py:188} INFO - [2026-05-08T11:02:54.466+0000] {dagbag.py:545} INFO - Filling up the DagBag from /opt/airflow/dags/dynamic_etl_dag.py
[2026-05-08T11:02:55.459+0000] {processor.py:840} INFO - DAG(s) 'dynamic_etl_framework' retrieved from /opt/airflow/dags/dynamic_etl_dag.py
[2026-05-08T11:02:55.673+0000] {logging_mixin.py:188} INFO - [2026-05-08T11:02:55.672+0000] {dag.py:3096} INFO - Sync 1 DAGs
[2026-05-08T11:02:55.701+0000] {logging_mixin.py:188} INFO - [2026-05-08T11:02:55.701+0000] {dag.py:3954} INFO - Setting next_dagrun for dynamic_etl_framework to 2026-05-08 00:00:00+00:00, run_after=2026-05-09 00:00:00+00:00
[2026-05-08T11:02:55.744+0000] {processor.py:183} INFO - Processing /opt/airflow/dags/dynamic_etl_dag.py took 1.289 seconds
[2026-05-08T11:03:26.076+0000] {processor.py:161} INFO - Started process (PID=4375) to work on /opt/airflow/dags/dynamic_etl_dag.py
[2026-05-08T11:03:26.077+0000] {processor.py:830} INFO - Processing file /opt/airflow/dags/dynamic_etl_dag.py for tasks to queue
[2026-05-08T11:03:26.081+0000] {logging_mixin.py:188} INFO - [2026-05-08T11:03:26.080+0000] {dagbag.py:545} INFO - Filling up the DagBag from /opt/airflow/dags/dynamic_etl_dag.py
[2026-05-08T11:03:27.181+0000] {processor.py:840} INFO - DAG(s) 'dynamic_etl_framework' retrieved from /opt/airflow/dags/dynamic_etl_dag.py
[2026-05-08T11:03:27.405+0000] {logging_mixin.py:188} INFO - [2026-05-08T11:03:27.404+0000] {dag.py:3096} INFO - Sync 1 DAGs
[2026-05-08T11:03:27.439+0000] {logging_mixin.py:188} INFO - [2026-05-08T11:03:27.438+0000] {dag.py:3954} INFO - Setting next_dagrun for dynamic_etl_framework to 2026-05-08 00:00:00+00:00, run_after=2026-05-09 00:00:00+00:00
[2026-05-08T11:03:27.491+0000] {processor.py:183} INFO - Processing /opt/airflow/dags/dynamic_etl_dag.py took 1.422 seconds
[2026-05-08T11:03:57.917+0000] {processor.py:161} INFO - Started process (PID=4381) to work on /opt/airflow/dags/dynamic_etl_dag.py
[2026-05-08T11:03:57.919+0000] {processor.py:830} INFO - Processing file /opt/airflow/dags/dynamic_etl_dag.py for tasks to queue
[2026-05-08T11:03:57.925+0000] {logging_mixin.py:188} INFO - [2026-05-08T11:03:57.924+0000] {dagbag.py:545} INFO - Filling up the DagBag from /opt/airflow/dags/dynamic_etl_dag.py
[2026-05-08T11:03:58.945+0000] {processor.py:840} INFO - DAG(s) 'dynamic_etl_framework' retrieved from /opt/airflow/dags/dynamic_etl_dag.py
[2026-05-08T11:03:59.143+0000] {logging_mixin.py:188} INFO - [2026-05-08T11:03:59.142+0000] {dag.py:3096} INFO - Sync 1 DAGs
[2026-05-08T11:03:59.196+0000] {logging_mixin.py:188} INFO - [2026-05-08T11:03:59.195+0000] {dag.py:3954} INFO - Setting next_dagrun for dynamic_etl_framework to 2026-05-08 00:00:00+00:00, run_after=2026-05-09 00:00:00+00:00
[2026-05-08T11:03:59.280+0000] {processor.py:183} INFO - Processing /opt/airflow/dags/dynamic_etl_dag.py took 1.373 seconds
[2026-05-08T11:04:29.692+0000] {processor.py:161} INFO - Started process (PID=4387) to work on /opt/airflow/dags/dynamic_etl_dag.py
[2026-05-08T11:04:29.694+0000] {processor.py:830} INFO - Processing file /opt/airflow/dags/dynamic_etl_dag.py for tasks to queue
[2026-05-08T11:04:29.697+0000] {logging_mixin.py:188} INFO - [2026-05-08T11:04:29.697+0000] {dagbag.py:545} INFO - Filling up the DagBag from /opt/airflow/dags/dynamic_etl_dag.py
[2026-05-08T11:04:30.749+0000] {processor.py:840} INFO - DAG(s) 'dynamic_etl_framework' retrieved from /opt/airflow/dags/dynamic_etl_dag.py
[2026-05-08T11:04:30.972+0000] {logging_mixin.py:188} INFO - [2026-05-08T11:04:30.969+0000] {dag.py:3096} INFO - Sync 1 DAGs
[2026-05-08T11:04:31.001+0000] {logging_mixin.py:188} INFO - [2026-05-08T11:04:31.001+0000] {dag.py:3954} INFO - Setting next_dagrun for dynamic_etl_framework to 2026-05-08 00:00:00+00:00, run_after=2026-05-09 00:00:00+00:00
[2026-05-08T11:04:31.067+0000] {processor.py:183} INFO - Processing /opt/airflow/dags/dynamic_etl_dag.py took 1.382 seconds
[2026-05-08T11:05:01.334+0000] {processor.py:161} INFO - Started process (PID=4393) to work on /opt/airflow/dags/dynamic_etl_dag.py
[2026-05-08T11:05:01.336+0000] {processor.py:830} INFO - Processing file /opt/airflow/dags/dynamic_etl_dag.py for tasks to queue
[2026-05-08T11:05:01.340+0000] {logging_mixin.py:188} INFO - [2026-05-08T11:05:01.339+0000] {dagbag.py:545} INFO - Filling up the DagBag from /opt/airflow/dags/dynamic_etl_dag.py
[2026-05-08T11:05:02.389+0000] {processor.py:840} INFO - DAG(s) 'dynamic_etl_framework' retrieved from /opt/airflow/dags/dynamic_etl_dag.py
[2026-05-08T11:05:02.612+0000] {logging_mixin.py:188} INFO - [2026-05-08T11:05:02.611+0000] {dag.py:3096} INFO - Sync 1 DAGs
[2026-05-08T11:05:02.643+0000] {logging_mixin.py:188} INFO - [2026-05-08T11:05:02.643+0000] {dag.py:3954} INFO - Setting next_dagrun for dynamic_etl_framework to 2026-05-08 00:00:00+00:00, run_after=2026-05-09 00:00:00+00:00
[2026-05-08T11:05:02.687+0000] {processor.py:183} INFO - Processing /opt/airflow/dags/dynamic_etl_dag.py took 1.365 seconds
[2026-05-08T11:05:33.287+0000] {processor.py:161} INFO - Started process (PID=4399) to work on /opt/airflow/dags/dynamic_etl_dag.py
[2026-05-08T11:05:33.289+0000] {processor.py:830} INFO - Processing file /opt/airflow/dags/dynamic_etl_dag.py for tasks to queue
[2026-05-08T11:05:33.292+0000] {logging_mixin.py:188} INFO - [2026-05-08T11:05:33.292+0000] {dagbag.py:545} INFO - Filling up the DagBag from /opt/airflow/dags/dynamic_etl_dag.py
[2026-05-08T11:05:34.249+0000] {processor.py:840} INFO - DAG(s) 'dynamic_etl_framework' retrieved from /opt/airflow/dags/dynamic_etl_dag.py
[2026-05-08T11:05:34.429+0000] {logging_mixin.py:188} INFO - [2026-05-08T11:05:34.428+0000] {dag.py:3096} INFO - Sync 1 DAGs
[2026-05-08T11:05:34.456+0000] {logging_mixin.py:188} INFO - [2026-05-08T11:05:34.455+0000] {dag.py:3954} INFO - Setting next_dagrun for dynamic_etl_framework to 2026-05-08 00:00:00+00:00, run_after=2026-05-09 00:00:00+00:00
[2026-05-08T11:05:34.506+0000] {processor.py:183} INFO - Processing /opt/airflow/dags/dynamic_etl_dag.py took 1.229 seconds
[2026-05-08T11:06:04.766+0000] {processor.py:161} INFO - Started process (PID=4405) to work on /opt/airflow/dags/dynamic_etl_dag.py
[2026-05-08T11:06:04.768+0000] {processor.py:830} INFO - Processing file /opt/airflow/dags/dynamic_etl_dag.py for tasks to queue
[2026-05-08T11:06:04.773+0000] {logging_mixin.py:188} INFO - [2026-05-08T11:06:04.772+0000] {dagbag.py:545} INFO - Filling up the DagBag from /opt/airflow/dags/dynamic_etl_dag.py
[2026-05-08T11:06:05.751+0000] {processor.py:840} INFO - DAG(s) 'dynamic_etl_framework' retrieved from /opt/airflow/dags/dynamic_etl_dag.py
[2026-05-08T11:06:05.939+0000] {logging_mixin.py:188} INFO - [2026-05-08T11:06:05.939+0000] {dag.py:3096} INFO - Sync 1 DAGs
[2026-05-08T11:06:05.966+0000] {logging_mixin.py:188} INFO - [2026-05-08T11:06:05.966+0000] {dag.py:3954} INFO - Setting next_dagrun for dynamic_etl_framework to 2026-05-08 00:00:00+00:00, run_after=2026-05-09 00:00:00+00:00
[2026-05-08T11:06:06.010+0000] {processor.py:183} INFO - Processing /opt/airflow/dags/dynamic_etl_dag.py took 1.257 seconds
[2026-05-08T11:06:36.753+0000] {processor.py:161} INFO - Started process (PID=4411) to work on /opt/airflow/dags/dynamic_etl_dag.py
[2026-05-08T11:06:36.755+0000] {processor.py:830} INFO - Processing file /opt/airflow/dags/dynamic_etl_dag.py for tasks to queue
[2026-05-08T11:06:36.758+0000] {logging_mixin.py:188} INFO - [2026-05-08T11:06:36.757+0000] {dagbag.py:545} INFO - Filling up the DagBag from /opt/airflow/dags/dynamic_etl_dag.py
[2026-05-08T11:06:37.834+0000] {processor.py:840} INFO - DAG(s) 'dynamic_etl_framework' retrieved from /opt/airflow/dags/dynamic_etl_dag.py
[2026-05-08T11:06:38.038+0000] {logging_mixin.py:188} INFO - [2026-05-08T11:06:38.037+0000] {dag.py:3096} INFO - Sync 1 DAGs
[2026-05-08T11:06:38.097+0000] {logging_mixin.py:188} INFO - [2026-05-08T11:06:38.096+0000] {dag.py:3954} INFO - Setting next_dagrun for dynamic_etl_framework to 2026-05-08 00:00:00+00:00, run_after=2026-05-09 00:00:00+00:00
[2026-05-08T11:06:38.163+0000] {processor.py:183} INFO - Processing /opt/airflow/dags/dynamic_etl_dag.py took 1.415 seconds
[2026-05-08T11:07:08.754+0000] {processor.py:161} INFO - Started process (PID=4417) to work on /opt/airflow/dags/dynamic_etl_dag.py
[2026-05-08T11:07:08.756+0000] {processor.py:830} INFO - Processing file /opt/airflow/dags/dynamic_etl_dag.py for tasks to queue
[2026-05-08T11:07:08.761+0000] {logging_mixin.py:188} INFO - [2026-05-08T11:07:08.760+0000] {dagbag.py:545} INFO - Filling up the DagBag from /opt/airflow/dags/dynamic_etl_dag.py
[2026-05-08T11:07:09.805+0000] {processor.py:840} INFO - DAG(s) 'dynamic_etl_framework' retrieved from /opt/airflow/dags/dynamic_etl_dag.py
[2026-05-08T11:07:10.028+0000] {logging_mixin.py:188} INFO - [2026-05-08T11:07:10.027+0000] {dag.py:3096} INFO - Sync 1 DAGs
[2026-05-08T11:07:10.072+0000] {logging_mixin.py:188} INFO - [2026-05-08T11:07:10.071+0000] {dag.py:3954} INFO - Setting next_dagrun for dynamic_etl_framework to 2026-05-08 00:00:00+00:00, run_after=2026-05-09 00:00:00+00:00
[2026-05-08T11:07:10.134+0000] {processor.py:183} INFO - Processing /opt/airflow/dags/dynamic_etl_dag.py took 1.389 seconds
[2026-05-08T11:07:40.320+0000] {processor.py:161} INFO - Started process (PID=4423) to work on /opt/airflow/dags/dynamic_etl_dag.py
[2026-05-08T11:07:40.322+0000] {processor.py:830} INFO - Processing file /opt/airflow/dags/dynamic_etl_dag.py for tasks to queue
[2026-05-08T11:07:40.326+0000] {logging_mixin.py:188} INFO - [2026-05-08T11:07:40.325+0000] {dagbag.py:545} INFO - Filling up the DagBag from /opt/airflow/dags/dynamic_etl_dag.py
[2026-05-08T11:07:41.364+0000] {processor.py:840} INFO - DAG(s) 'dynamic_etl_framework' retrieved from /opt/airflow/dags/dynamic_etl_dag.py
[2026-05-08T11:07:41.816+0000] {logging_mixin.py:188} INFO - [2026-05-08T11:07:41.812+0000] {dag.py:3096} INFO - Sync 1 DAGs
[2026-05-08T11:07:41.868+0000] {logging_mixin.py:188} INFO - [2026-05-08T11:07:41.868+0000] {dag.py:3954} INFO - Setting next_dagrun for dynamic_etl_framework to 2026-05-08 00:00:00+00:00, run_after=2026-05-09 00:00:00+00:00
[2026-05-08T11:07:41.914+0000] {processor.py:183} INFO - Processing /opt/airflow/dags/dynamic_etl_dag.py took 1.606 seconds
[2026-05-08T11:08:12.443+0000] {processor.py:161} INFO - Started process (PID=4429) to work on /opt/airflow/dags/dynamic_etl_dag.py
[2026-05-08T11:08:12.446+0000] {processor.py:830} INFO - Processing file /opt/airflow/dags/dynamic_etl_dag.py for tasks to queue
[2026-05-08T11:08:12.450+0000] {logging_mixin.py:188} INFO - [2026-05-08T11:08:12.449+0000] {dagbag.py:545} INFO - Filling up the DagBag from /opt/airflow/dags/dynamic_etl_dag.py
[2026-05-08T11:08:13.427+0000] {processor.py:840} INFO - DAG(s) 'dynamic_etl_framework' retrieved from /opt/airflow/dags/dynamic_etl_dag.py
[2026-05-08T11:08:13.621+0000] {logging_mixin.py:188} INFO - [2026-05-08T11:08:13.620+0000] {dag.py:3096} INFO - Sync 1 DAGs
[2026-05-08T11:08:13.646+0000] {logging_mixin.py:188} INFO - [2026-05-08T11:08:13.646+0000] {dag.py:3954} INFO - Setting next_dagrun for dynamic_etl_framework to 2026-05-08 00:00:00+00:00, run_after=2026-05-09 00:00:00+00:00
[2026-05-08T11:08:13.690+0000] {processor.py:183} INFO - Processing /opt/airflow/dags/dynamic_etl_dag.py took 1.260 seconds
[2026-05-08T11:08:44.075+0000] {processor.py:161} INFO - Started process (PID=4435) to work on /opt/airflow/dags/dynamic_etl_dag.py
[2026-05-08T11:08:44.079+0000] {processor.py:830} INFO - Processing file /opt/airflow/dags/dynamic_etl_dag.py for tasks to queue
[2026-05-08T11:08:44.086+0000] {logging_mixin.py:188} INFO - [2026-05-08T11:08:44.085+0000] {dagbag.py:545} INFO - Filling up the DagBag from /opt/airflow/dags/dynamic_etl_dag.py
[2026-05-08T11:08:45.376+0000] {processor.py:840} INFO - DAG(s) 'dynamic_etl_framework' retrieved from /opt/airflow/dags/dynamic_etl_dag.py
[2026-05-08T11:08:45.614+0000] {logging_mixin.py:188} INFO - [2026-05-08T11:08:45.613+0000] {dag.py:3096} INFO - Sync 1 DAGs
[2026-05-08T11:08:45.647+0000] {logging_mixin.py:188} INFO - [2026-05-08T11:08:45.647+0000] {dag.py:3954} INFO - Setting next_dagrun for dynamic_etl_framework to 2026-05-08 00:00:00+00:00, run_after=2026-05-09 00:00:00+00:00
[2026-05-08T11:08:45.695+0000] {processor.py:183} INFO - Processing /opt/airflow/dags/dynamic_etl_dag.py took 1.630 seconds
[2026-05-08T11:09:16.265+0000] {processor.py:161} INFO - Started process (PID=4441) to work on /opt/airflow/dags/dynamic_etl_dag.py
[2026-05-08T11:09:16.270+0000] {processor.py:830} INFO - Processing file /opt/airflow/dags/dynamic_etl_dag.py for tasks to queue
[2026-05-08T11:09:16.274+0000] {logging_mixin.py:188} INFO - [2026-05-08T11:09:16.274+0000] {dagbag.py:545} INFO - Filling up the DagBag from /opt/airflow/dags/dynamic_etl_dag.py
[2026-05-08T11:09:17.435+0000] {processor.py:840} INFO - DAG(s) 'dynamic_etl_framework' retrieved from /opt/airflow/dags/dynamic_etl_dag.py
[2026-05-08T11:09:17.689+0000] {logging_mixin.py:188} INFO - [2026-05-08T11:09:17.688+0000] {dag.py:3096} INFO - Sync 1 DAGs
[2026-05-08T11:09:17.723+0000] {logging_mixin.py:188} INFO - [2026-05-08T11:09:17.723+0000] {dag.py:3954} INFO - Setting next_dagrun for dynamic_etl_framework to 2026-05-08 00:00:00+00:00, run_after=2026-05-09 00:00:00+00:00
[2026-05-08T11:09:17.776+0000] {processor.py:183} INFO - Processing /opt/airflow/dags/dynamic_etl_dag.py took 1.522 seconds
[2026-05-08T11:09:48.164+0000] {processor.py:161} INFO - Started process (PID=4447) to work on /opt/airflow/dags/dynamic_etl_dag.py
[2026-05-08T11:09:48.166+0000] {processor.py:830} INFO - Processing file /opt/airflow/dags/dynamic_etl_dag.py for tasks to queue
[2026-05-08T11:09:48.169+0000] {logging_mixin.py:188} INFO - [2026-05-08T11:09:48.169+0000] {dagbag.py:545} INFO - Filling up the DagBag from /opt/airflow/dags/dynamic_etl_dag.py
[2026-05-08T11:09:49.420+0000] {processor.py:840} INFO - DAG(s) 'dynamic_etl_framework' retrieved from /opt/airflow/dags/dynamic_etl_dag.py
[2026-05-08T11:09:49.642+0000] {logging_mixin.py:188} INFO - [2026-05-08T11:09:49.642+0000] {dag.py:3096} INFO - Sync 1 DAGs
[2026-05-08T11:09:49.671+0000] {logging_mixin.py:188} INFO - [2026-05-08T11:09:49.671+0000] {dag.py:3954} INFO - Setting next_dagrun for dynamic_etl_framework to 2026-05-08 00:00:00+00:00, run_after=2026-05-09 00:00:00+00:00
[2026-05-08T11:09:49.724+0000] {processor.py:183} INFO - Processing /opt/airflow/dags/dynamic_etl_dag.py took 1.566 seconds
[2026-05-08T11:10:19.944+0000] {processor.py:161} INFO - Started process (PID=4453) to work on /opt/airflow/dags/dynamic_etl_dag.py
[2026-05-08T11:10:19.946+0000] {processor.py:830} INFO - Processing file /opt/airflow/dags/dynamic_etl_dag.py for tasks to queue
[2026-05-08T11:10:19.951+0000] {logging_mixin.py:188} INFO - [2026-05-08T11:10:19.951+0000] {dagbag.py:545} INFO - Filling up the DagBag from /opt/airflow/dags/dynamic_etl_dag.py
[2026-05-08T11:10:21.001+0000] {processor.py:840} INFO - DAG(s) 'dynamic_etl_framework' retrieved from /opt/airflow/dags/dynamic_etl_dag.py
[2026-05-08T11:10:21.219+0000] {logging_mixin.py:188} INFO - [2026-05-08T11:10:21.219+0000] {dag.py:3096} INFO - Sync 1 DAGs
[2026-05-08T11:10:21.267+0000] {logging_mixin.py:188} INFO - [2026-05-08T11:10:21.266+0000] {dag.py:3954} INFO - Setting next_dagrun for dynamic_etl_framework to 2026-05-08 00:00:00+00:00, run_after=2026-05-09 00:00:00+00:00
[2026-05-08T11:10:21.323+0000] {processor.py:183} INFO - Processing /opt/airflow/dags/dynamic_etl_dag.py took 1.388 seconds
[2026-05-08T11:10:51.865+0000] {processor.py:161} INFO - Started process (PID=4459) to work on /opt/airflow/dags/dynamic_etl_dag.py
[2026-05-08T11:10:51.867+0000] {processor.py:830} INFO - Processing file /opt/airflow/dags/dynamic_etl_dag.py for tasks to queue
[2026-05-08T11:10:51.871+0000] {logging_mixin.py:188} INFO - [2026-05-08T11:10:51.870+0000] {dagbag.py:545} INFO - Filling up the DagBag from /opt/airflow/dags/dynamic_etl_dag.py
[2026-05-08T11:10:52.938+0000] {processor.py:840} INFO - DAG(s) 'dynamic_etl_framework' retrieved from /opt/airflow/dags/dynamic_etl_dag.py
[2026-05-08T11:10:53.176+0000] {logging_mixin.py:188} INFO - [2026-05-08T11:10:53.174+0000] {dag.py:3096} INFO - Sync 1 DAGs
[2026-05-08T11:10:53.216+0000] {logging_mixin.py:188} INFO - [2026-05-08T11:10:53.215+0000] {dag.py:3954} INFO - Setting next_dagrun for dynamic_etl_framework to 2026-05-08 00:00:00+00:00, run_after=2026-05-09 00:00:00+00:00
[2026-05-08T11:10:53.300+0000] {processor.py:183} INFO - Processing /opt/airflow/dags/dynamic_etl_dag.py took 1.444 seconds
[2026-05-08T11:11:23.605+0000] {processor.py:161} INFO - Started process (PID=4465) to work on /opt/airflow/dags/dynamic_etl_dag.py
[2026-05-08T11:11:23.608+0000] {processor.py:830} INFO - Processing file /opt/airflow/dags/dynamic_etl_dag.py for tasks to queue
[2026-05-08T11:11:23.612+0000] {logging_mixin.py:188} INFO - [2026-05-08T11:11:23.612+0000] {dagbag.py:545} INFO - Filling up the DagBag from /opt/airflow/dags/dynamic_etl_dag.py
[2026-05-08T11:11:24.713+0000] {processor.py:840} INFO - DAG(s) 'dynamic_etl_framework' retrieved from /opt/airflow/dags/dynamic_etl_dag.py
[2026-05-08T11:11:24.925+0000] {logging_mixin.py:188} INFO - [2026-05-08T11:11:24.924+0000] {dag.py:3096} INFO - Sync 1 DAGs
[2026-05-08T11:11:24.968+0000] {logging_mixin.py:188} INFO - [2026-05-08T11:11:24.967+0000] {dag.py:3954} INFO - Setting next_dagrun for dynamic_etl_framework to 2026-05-08 00:00:00+00:00, run_after=2026-05-09 00:00:00+00:00
[2026-05-08T11:11:25.012+0000] {processor.py:183} INFO - Processing /opt/airflow/dags/dynamic_etl_dag.py took 1.418 seconds
[2026-05-08T11:11:55.734+0000] {processor.py:161} INFO - Started process (PID=4471) to work on /opt/airflow/dags/dynamic_etl_dag.py
[2026-05-08T11:11:55.736+0000] {processor.py:830} INFO - Processing file /opt/airflow/dags/dynamic_etl_dag.py for tasks to queue
[2026-05-08T11:11:55.743+0000] {logging_mixin.py:188} INFO - [2026-05-08T11:11:55.742+0000] {dagbag.py:545} INFO - Filling up the DagBag from /opt/airflow/dags/dynamic_etl_dag.py
[2026-05-08T11:11:57.097+0000] {processor.py:840} INFO - DAG(s) 'dynamic_etl_framework' retrieved from /opt/airflow/dags/dynamic_etl_dag.py
[2026-05-08T11:11:57.291+0000] {logging_mixin.py:188} INFO - [2026-05-08T11:11:57.290+0000] {dag.py:3096} INFO - Sync 1 DAGs
[2026-05-08T11:11:57.321+0000] {logging_mixin.py:188} INFO - [2026-05-08T11:11:57.320+0000] {dag.py:3954} INFO - Setting next_dagrun for dynamic_etl_framework to 2026-05-08 00:00:00+00:00, run_after=2026-05-09 00:00:00+00:00
[2026-05-08T11:11:57.381+0000] {processor.py:183} INFO - Processing /opt/airflow/dags/dynamic_etl_dag.py took 1.657 seconds
[2026-05-08T11:12:28.131+0000] {processor.py:161} INFO - Started process (PID=4477) to work on /opt/airflow/dags/dynamic_etl_dag.py
[2026-05-08T11:12:28.134+0000] {processor.py:830} INFO - Processing file /opt/airflow/dags/dynamic_etl_dag.py for tasks to queue
[2026-05-08T11:12:28.144+0000] {logging_mixin.py:188} INFO - [2026-05-08T11:12:28.143+0000] {dagbag.py:545} INFO - Filling up the DagBag from /opt/airflow/dags/dynamic_etl_dag.py
[2026-05-08T11:12:29.526+0000] {processor.py:840} INFO - DAG(s) 'dynamic_etl_framework' retrieved from /opt/airflow/dags/dynamic_etl_dag.py
[2026-05-08T11:12:29.776+0000] {logging_mixin.py:188} INFO - [2026-05-08T11:12:29.776+0000] {dag.py:3096} INFO - Sync 1 DAGs
[2026-05-08T11:12:29.812+0000] {logging_mixin.py:188} INFO - [2026-05-08T11:12:29.812+0000] {dag.py:3954} INFO - Setting next_dagrun for dynamic_etl_framework to 2026-05-08 00:00:00+00:00, run_after=2026-05-09 00:00:00+00:00
[2026-05-08T11:12:29.918+0000] {processor.py:183} INFO - Processing /opt/airflow/dags/dynamic_etl_dag.py took 1.803 seconds
[2026-05-08T11:13:00.651+0000] {processor.py:161} INFO - Started process (PID=4483) to work on /opt/airflow/dags/dynamic_etl_dag.py
[2026-05-08T11:13:00.654+0000] {processor.py:830} INFO - Processing file /opt/airflow/dags/dynamic_etl_dag.py for tasks to queue
[2026-05-08T11:13:00.659+0000] {logging_mixin.py:188} INFO - [2026-05-08T11:13:00.659+0000] {dagbag.py:545} INFO - Filling up the DagBag from /opt/airflow/dags/dynamic_etl_dag.py
[2026-05-08T11:13:01.896+0000] {processor.py:840} INFO - DAG(s) 'dynamic_etl_framework' retrieved from /opt/airflow/dags/dynamic_etl_dag.py
[2026-05-08T11:13:02.103+0000] {logging_mixin.py:188} INFO - [2026-05-08T11:13:02.102+0000] {dag.py:3096} INFO - Sync 1 DAGs
[2026-05-08T11:13:02.132+0000] {logging_mixin.py:188} INFO - [2026-05-08T11:13:02.131+0000] {dag.py:3954} INFO - Setting next_dagrun for dynamic_etl_framework to 2026-05-08 00:00:00+00:00, run_after=2026-05-09 00:00:00+00:00
[2026-05-08T11:13:02.194+0000] {processor.py:183} INFO - Processing /opt/airflow/dags/dynamic_etl_dag.py took 1.561 seconds
[2026-05-08T11:13:32.454+0000] {processor.py:161} INFO - Started process (PID=4489) to work on /opt/airflow/dags/dynamic_etl_dag.py
[2026-05-08T11:13:32.457+0000] {processor.py:830} INFO - Processing file /opt/airflow/dags/dynamic_etl_dag.py for tasks to queue
[2026-05-08T11:13:32.464+0000] {logging_mixin.py:188} INFO - [2026-05-08T11:13:32.463+0000] {dagbag.py:545} INFO - Filling up the DagBag from /opt/airflow/dags/dynamic_etl_dag.py
[2026-05-08T11:13:33.805+0000] {processor.py:840} INFO - DAG(s) 'dynamic_etl_framework' retrieved from /opt/airflow/dags/dynamic_etl_dag.py
[2026-05-08T11:13:34.052+0000] {logging_mixin.py:188} INFO - [2026-05-08T11:13:34.051+0000] {dag.py:3096} INFO - Sync 1 DAGs
[2026-05-08T11:13:34.089+0000] {logging_mixin.py:188} INFO - [2026-05-08T11:13:34.089+0000] {dag.py:3954} INFO - Setting next_dagrun for dynamic_etl_framework to 2026-05-08 00:00:00+00:00, run_after=2026-05-09 00:00:00+00:00
[2026-05-08T11:13:34.156+0000] {processor.py:183} INFO - Processing /opt/airflow/dags/dynamic_etl_dag.py took 1.721 seconds
[2026-05-08T11:14:04.578+0000] {processor.py:161} INFO - Started process (PID=4495) to work on /opt/airflow/dags/dynamic_etl_dag.py
[2026-05-08T11:14:04.580+0000] {processor.py:830} INFO - Processing file /opt/airflow/dags/dynamic_etl_dag.py for tasks to queue
[2026-05-08T11:14:04.583+0000] {logging_mixin.py:188} INFO - [2026-05-08T11:14:04.583+0000] {dagbag.py:545} INFO - Filling up the DagBag from /opt/airflow/dags/dynamic_etl_dag.py
[2026-05-08T11:14:05.608+0000] {processor.py:840} INFO - DAG(s) 'dynamic_etl_framework' retrieved from /opt/airflow/dags/dynamic_etl_dag.py
[2026-05-08T11:14:05.797+0000] {logging_mixin.py:188} INFO - [2026-05-08T11:14:05.797+0000] {dag.py:3096} INFO - Sync 1 DAGs
[2026-05-08T11:14:05.825+0000] {logging_mixin.py:188} INFO - [2026-05-08T11:14:05.825+0000] {dag.py:3954} INFO - Setting next_dagrun for dynamic_etl_framework to 2026-05-08 00:00:00+00:00, run_after=2026-05-09 00:00:00+00:00
[2026-05-08T11:14:05.870+0000] {processor.py:183} INFO - Processing /opt/airflow/dags/dynamic_etl_dag.py took 1.303 seconds
[2026-05-08T11:14:36.318+0000] {processor.py:161} INFO - Started process (PID=4501) to work on /opt/airflow/dags/dynamic_etl_dag.py
[2026-05-08T11:14:36.323+0000] {processor.py:830} INFO - Processing file /opt/airflow/dags/dynamic_etl_dag.py for tasks to queue
[2026-05-08T11:14:36.327+0000] {logging_mixin.py:188} INFO - [2026-05-08T11:14:36.326+0000] {dagbag.py:545} INFO - Filling up the DagBag from /opt/airflow/dags/dynamic_etl_dag.py
[2026-05-08T11:14:38.361+0000] {processor.py:840} INFO - DAG(s) 'dynamic_etl_framework' retrieved from /opt/airflow/dags/dynamic_etl_dag.py
[2026-05-08T11:14:38.607+0000] {logging_mixin.py:188} INFO - [2026-05-08T11:14:38.606+0000] {dag.py:3096} INFO - Sync 1 DAGs
[2026-05-08T11:14:38.647+0000] {logging_mixin.py:188} INFO - [2026-05-08T11:14:38.647+0000] {dag.py:3954} INFO - Setting next_dagrun for dynamic_etl_framework to 2026-05-08 00:00:00+00:00, run_after=2026-05-09 00:00:00+00:00
[2026-05-08T11:14:38.695+0000] {processor.py:183} INFO - Processing /opt/airflow/dags/dynamic_etl_dag.py took 2.395 seconds
[2026-05-08T11:15:09.140+0000] {processor.py:161} INFO - Started process (PID=4507) to work on /opt/airflow/dags/dynamic_etl_dag.py
[2026-05-08T11:15:09.155+0000] {processor.py:830} INFO - Processing file /opt/airflow/dags/dynamic_etl_dag.py for tasks to queue
[2026-05-08T11:15:09.158+0000] {logging_mixin.py:188} INFO - [2026-05-08T11:15:09.158+0000] {dagbag.py:545} INFO - Filling up the DagBag from /opt/airflow/dags/dynamic_etl_dag.py
[2026-05-08T11:15:10.129+0000] {processor.py:840} INFO - DAG(s) 'dynamic_etl_framework' retrieved from /opt/airflow/dags/dynamic_etl_dag.py
[2026-05-08T11:15:10.315+0000] {logging_mixin.py:188} INFO - [2026-05-08T11:15:10.315+0000] {dag.py:3096} INFO - Sync 1 DAGs
[2026-05-08T11:15:10.351+0000] {logging_mixin.py:188} INFO - [2026-05-08T11:15:10.351+0000] {dag.py:3954} INFO - Setting next_dagrun for dynamic_etl_framework to 2026-05-08 00:00:00+00:00, run_after=2026-05-09 00:00:00+00:00
[2026-05-08T11:15:10.387+0000] {processor.py:183} INFO - Processing /opt/airflow/dags/dynamic_etl_dag.py took 1.255 seconds
[2026-05-08T11:15:40.886+0000] {processor.py:161} INFO - Started process (PID=4513) to work on /opt/airflow/dags/dynamic_etl_dag.py
[2026-05-08T11:15:40.890+0000] {processor.py:830} INFO - Processing file /opt/airflow/dags/dynamic_etl_dag.py for tasks to queue
[2026-05-08T11:15:40.895+0000] {logging_mixin.py:188} INFO - [2026-05-08T11:15:40.894+0000] {dagbag.py:545} INFO - Filling up the DagBag from /opt/airflow/dags/dynamic_etl_dag.py
[2026-05-08T11:15:41.920+0000] {processor.py:840} INFO - DAG(s) 'dynamic_etl_framework' retrieved from /opt/airflow/dags/dynamic_etl_dag.py
[2026-05-08T11:15:42.126+0000] {logging_mixin.py:188} INFO - [2026-05-08T11:15:42.125+0000] {dag.py:3096} INFO - Sync 1 DAGs
[2026-05-08T11:15:42.166+0000] {logging_mixin.py:188} INFO - [2026-05-08T11:15:42.166+0000] {dag.py:3954} INFO - Setting next_dagrun for dynamic_etl_framework to 2026-05-08 00:00:00+00:00, run_after=2026-05-09 00:00:00+00:00
[2026-05-08T11:15:42.233+0000] {processor.py:183} INFO - Processing /opt/airflow/dags/dynamic_etl_dag.py took 1.359 seconds
[2026-05-08T11:16:12.397+0000] {processor.py:161} INFO - Started process (PID=4519) to work on /opt/airflow/dags/dynamic_etl_dag.py
[2026-05-08T11:16:12.398+0000] {processor.py:830} INFO - Processing file /opt/airflow/dags/dynamic_etl_dag.py for tasks to queue
[2026-05-08T11:16:12.401+0000] {logging_mixin.py:188} INFO - [2026-05-08T11:16:12.401+0000] {dagbag.py:545} INFO - Filling up the DagBag from /opt/airflow/dags/dynamic_etl_dag.py
[2026-05-08T11:16:13.497+0000] {processor.py:840} INFO - DAG(s) 'dynamic_etl_framework' retrieved from /opt/airflow/dags/dynamic_etl_dag.py
[2026-05-08T11:16:13.831+0000] {logging_mixin.py:188} INFO - [2026-05-08T11:16:13.830+0000] {dag.py:3096} INFO - Sync 1 DAGs
[2026-05-08T11:16:13.867+0000] {logging_mixin.py:188} INFO - [2026-05-08T11:16:13.867+0000] {dag.py:3954} INFO - Setting next_dagrun for dynamic_etl_framework to 2026-05-08 00:00:00+00:00, run_after=2026-05-09 00:00:00+00:00
[2026-05-08T11:16:13.918+0000] {processor.py:183} INFO - Processing /opt/airflow/dags/dynamic_etl_dag.py took 1.529 seconds
[2026-05-08T11:16:44.333+0000] {processor.py:161} INFO - Started process (PID=4525) to work on /opt/airflow/dags/dynamic_etl_dag.py
[2026-05-08T11:16:44.335+0000] {processor.py:830} INFO - Processing file /opt/airflow/dags/dynamic_etl_dag.py for tasks to queue
[2026-05-08T11:16:44.339+0000] {logging_mixin.py:188} INFO - [2026-05-08T11:16:44.339+0000] {dagbag.py:545} INFO - Filling up the DagBag from /opt/airflow/dags/dynamic_etl_dag.py
[2026-05-08T11:16:45.363+0000] {processor.py:840} INFO - DAG(s) 'dynamic_etl_framework' retrieved from /opt/airflow/dags/dynamic_etl_dag.py
[2026-05-08T11:16:45.574+0000] {logging_mixin.py:188} INFO - [2026-05-08T11:16:45.573+0000] {dag.py:3096} INFO - Sync 1 DAGs
[2026-05-08T11:16:45.606+0000] {logging_mixin.py:188} INFO - [2026-05-08T11:16:45.605+0000] {dag.py:3954} INFO - Setting next_dagrun for dynamic_etl_framework to 2026-05-08 00:00:00+00:00, run_after=2026-05-09 00:00:00+00:00
[2026-05-08T11:16:45.661+0000] {processor.py:183} INFO - Processing /opt/airflow/dags/dynamic_etl_dag.py took 1.339 seconds
[2026-05-08T11:17:16.048+0000] {processor.py:161} INFO - Started process (PID=4531) to work on /opt/airflow/dags/dynamic_etl_dag.py
[2026-05-08T11:17:16.050+0000] {processor.py:830} INFO - Processing file /opt/airflow/dags/dynamic_etl_dag.py for tasks to queue
[2026-05-08T11:17:16.054+0000] {logging_mixin.py:188} INFO - [2026-05-08T11:17:16.053+0000] {dagbag.py:545} INFO - Filling up the DagBag from /opt/airflow/dags/dynamic_etl_dag.py
[2026-05-08T11:17:17.345+0000] {processor.py:840} INFO - DAG(s) 'dynamic_etl_framework' retrieved from /opt/airflow/dags/dynamic_etl_dag.py
[2026-05-08T11:17:17.549+0000] {logging_mixin.py:188} INFO - [2026-05-08T11:17:17.549+0000] {dag.py:3096} INFO - Sync 1 DAGs
[2026-05-08T11:17:17.580+0000] {logging_mixin.py:188} INFO - [2026-05-08T11:17:17.580+0000] {dag.py:3954} INFO - Setting next_dagrun for dynamic_etl_framework to 2026-05-08 00:00:00+00:00, run_after=2026-05-09 00:00:00+00:00
[2026-05-08T11:17:17.624+0000] {processor.py:183} INFO - Processing /opt/airflow/dags/dynamic_etl_dag.py took 1.582 seconds
[2026-05-08T11:17:47.947+0000] {processor.py:161} INFO - Started process (PID=4537) to work on /opt/airflow/dags/dynamic_etl_dag.py
[2026-05-08T11:17:47.951+0000] {processor.py:830} INFO - Processing file /opt/airflow/dags/dynamic_etl_dag.py for tasks to queue
[2026-05-08T11:17:47.957+0000] {logging_mixin.py:188} INFO - [2026-05-08T11:17:47.956+0000] {dagbag.py:545} INFO - Filling up the DagBag from /opt/airflow/dags/dynamic_etl_dag.py
[2026-05-08T11:17:49.092+0000] {processor.py:840} INFO - DAG(s) 'dynamic_etl_framework' retrieved from /opt/airflow/dags/dynamic_etl_dag.py
[2026-05-08T11:17:49.303+0000] {logging_mixin.py:188} INFO - [2026-05-08T11:17:49.302+0000] {dag.py:3096} INFO - Sync 1 DAGs
[2026-05-08T11:17:49.344+0000] {logging_mixin.py:188} INFO - [2026-05-08T11:17:49.343+0000] {dag.py:3954} INFO - Setting next_dagrun for dynamic_etl_framework to 2026-05-08 00:00:00+00:00, run_after=2026-05-09 00:00:00+00:00
[2026-05-08T11:17:49.395+0000] {processor.py:183} INFO - Processing /opt/airflow/dags/dynamic_etl_dag.py took 1.462 seconds
[2026-05-08T11:18:19.776+0000] {processor.py:161} INFO - Started process (PID=4543) to work on /opt/airflow/dags/dynamic_etl_dag.py
[2026-05-08T11:18:19.778+0000] {processor.py:830} INFO - Processing file /opt/airflow/dags/dynamic_etl_dag.py for tasks to queue
[2026-05-08T11:18:19.780+0000] {logging_mixin.py:188} INFO - [2026-05-08T11:18:19.780+0000] {dagbag.py:545} INFO - Filling up the DagBag from /opt/airflow/dags/dynamic_etl_dag.py
[2026-05-08T11:18:20.877+0000] {processor.py:840} INFO - DAG(s) 'dynamic_etl_framework' retrieved from /opt/airflow/dags/dynamic_etl_dag.py
[2026-05-08T11:18:21.095+0000] {logging_mixin.py:188} INFO - [2026-05-08T11:18:21.094+0000] {dag.py:3096} INFO - Sync 1 DAGs
[2026-05-08T11:18:21.127+0000] {logging_mixin.py:188} INFO - [2026-05-08T11:18:21.127+0000] {dag.py:3954} INFO - Setting next_dagrun for dynamic_etl_framework to 2026-05-08 00:00:00+00:00, run_after=2026-05-09 00:00:00+00:00
[2026-05-08T11:18:21.173+0000] {processor.py:183} INFO - Processing /opt/airflow/dags/dynamic_etl_dag.py took 1.404 seconds
[2026-05-08T11:18:51.815+0000] {processor.py:161} INFO - Started process (PID=4549) to work on /opt/airflow/dags/dynamic_etl_dag.py
[2026-05-08T11:18:51.817+0000] {processor.py:830} INFO - Processing file /opt/airflow/dags/dynamic_etl_dag.py for tasks to queue
[2026-05-08T11:18:51.820+0000] {logging_mixin.py:188} INFO - [2026-05-08T11:18:51.820+0000] {dagbag.py:545} INFO - Filling up the DagBag from /opt/airflow/dags/dynamic_etl_dag.py
[2026-05-08T11:18:52.980+0000] {processor.py:840} INFO - DAG(s) 'dynamic_etl_framework' retrieved from /opt/airflow/dags/dynamic_etl_dag.py
[2026-05-08T11:18:53.299+0000] {logging_mixin.py:188} INFO - [2026-05-08T11:18:53.298+0000] {dag.py:3096} INFO - Sync 1 DAGs
[2026-05-08T11:18:53.350+0000] {logging_mixin.py:188} INFO - [2026-05-08T11:18:53.349+0000] {dag.py:3954} INFO - Setting next_dagrun for dynamic_etl_framework to 2026-05-08 00:00:00+00:00, run_after=2026-05-09 00:00:00+00:00
[2026-05-08T11:18:53.451+0000] {processor.py:183} INFO - Processing /opt/airflow/dags/dynamic_etl_dag.py took 1.644 seconds
[2026-05-08T11:19:24.100+0000] {processor.py:161} INFO - Started process (PID=4555) to work on /opt/airflow/dags/dynamic_etl_dag.py
[2026-05-08T11:19:24.102+0000] {processor.py:830} INFO - Processing file /opt/airflow/dags/dynamic_etl_dag.py for tasks to queue
[2026-05-08T11:19:24.105+0000] {logging_mixin.py:188} INFO - [2026-05-08T11:19:24.104+0000] {dagbag.py:545} INFO - Filling up the DagBag from /opt/airflow/dags/dynamic_etl_dag.py
[2026-05-08T11:19:25.189+0000] {processor.py:840} INFO - DAG(s) 'dynamic_etl_framework' retrieved from /opt/airflow/dags/dynamic_etl_dag.py
[2026-05-08T11:19:25.520+0000] {logging_mixin.py:188} INFO - [2026-05-08T11:19:25.519+0000] {dag.py:3096} INFO - Sync 1 DAGs
[2026-05-08T11:19:25.568+0000] {logging_mixin.py:188} INFO - [2026-05-08T11:19:25.568+0000] {dag.py:3954} INFO - Setting next_dagrun for dynamic_etl_framework to 2026-05-08 00:00:00+00:00, run_after=2026-05-09 00:00:00+00:00
[2026-05-08T11:19:25.701+0000] {processor.py:183} INFO - Processing /opt/airflow/dags/dynamic_etl_dag.py took 1.610 seconds
[2026-05-08T11:19:56.197+0000] {processor.py:161} INFO - Started process (PID=4561) to work on /opt/airflow/dags/dynamic_etl_dag.py
[2026-05-08T11:19:56.199+0000] {processor.py:830} INFO - Processing file /opt/airflow/dags/dynamic_etl_dag.py for tasks to queue
[2026-05-08T11:19:56.202+0000] {logging_mixin.py:188} INFO - [2026-05-08T11:19:56.201+0000] {dagbag.py:545} INFO - Filling up the DagBag from /opt/airflow/dags/dynamic_etl_dag.py
[2026-05-08T11:19:57.597+0000] {processor.py:840} INFO - DAG(s) 'dynamic_etl_framework' retrieved from /opt/airflow/dags/dynamic_etl_dag.py
[2026-05-08T11:19:57.905+0000] {logging_mixin.py:188} INFO - [2026-05-08T11:19:57.903+0000] {dag.py:3096} INFO - Sync 1 DAGs
[2026-05-08T11:19:57.947+0000] {logging_mixin.py:188} INFO - [2026-05-08T11:19:57.946+0000] {dag.py:3954} INFO - Setting next_dagrun for dynamic_etl_framework to 2026-05-08 00:00:00+00:00, run_after=2026-05-09 00:00:00+00:00
[2026-05-08T11:19:58.013+0000] {processor.py:183} INFO - Processing /opt/airflow/dags/dynamic_etl_dag.py took 1.826 seconds
[2026-05-08T11:20:28.584+0000] {processor.py:161} INFO - Started process (PID=4567) to work on /opt/airflow/dags/dynamic_etl_dag.py
[2026-05-08T11:20:28.586+0000] {processor.py:830} INFO - Processing file /opt/airflow/dags/dynamic_etl_dag.py for tasks to queue
[2026-05-08T11:20:28.591+0000] {logging_mixin.py:188} INFO - [2026-05-08T11:20:28.589+0000] {dagbag.py:545} INFO - Filling up the DagBag from /opt/airflow/dags/dynamic_etl_dag.py
[2026-05-08T11:20:29.635+0000] {processor.py:840} INFO - DAG(s) 'dynamic_etl_framework' retrieved from /opt/airflow/dags/dynamic_etl_dag.py
[2026-05-08T11:20:29.828+0000] {logging_mixin.py:188} INFO - [2026-05-08T11:20:29.828+0000] {dag.py:3096} INFO - Sync 1 DAGs
[2026-05-08T11:20:29.868+0000] {logging_mixin.py:188} INFO - [2026-05-08T11:20:29.867+0000] {dag.py:3954} INFO - Setting next_dagrun for dynamic_etl_framework to 2026-05-08 00:00:00+00:00, run_after=2026-05-09 00:00:00+00:00
[2026-05-08T11:20:29.920+0000] {processor.py:183} INFO - Processing /opt/airflow/dags/dynamic_etl_dag.py took 1.348 seconds
[2026-05-08T11:21:00.201+0000] {processor.py:161} INFO - Started process (PID=4573) to work on /opt/airflow/dags/dynamic_etl_dag.py
[2026-05-08T11:21:00.203+0000] {processor.py:830} INFO - Processing file /opt/airflow/dags/dynamic_etl_dag.py for tasks to queue
[2026-05-08T11:21:00.206+0000] {logging_mixin.py:188} INFO - [2026-05-08T11:21:00.205+0000] {dagbag.py:545} INFO - Filling up the DagBag from /opt/airflow/dags/dynamic_etl_dag.py
[2026-05-08T11:21:01.225+0000] {processor.py:840} INFO - DAG(s) 'dynamic_etl_framework' retrieved from /opt/airflow/dags/dynamic_etl_dag.py
[2026-05-08T11:21:01.420+0000] {logging_mixin.py:188} INFO - [2026-05-08T11:21:01.419+0000] {dag.py:3096} INFO - Sync 1 DAGs
[2026-05-08T11:21:01.446+0000] {logging_mixin.py:188} INFO - [2026-05-08T11:21:01.446+0000] {dag.py:3954} INFO - Setting next_dagrun for dynamic_etl_framework to 2026-05-08 00:00:00+00:00, run_after=2026-05-09 00:00:00+00:00
[2026-05-08T11:21:01.507+0000] {processor.py:183} INFO - Processing /opt/airflow/dags/dynamic_etl_dag.py took 1.318 seconds
[2026-05-08T11:21:32.010+0000] {processor.py:161} INFO - Started process (PID=4579) to work on /opt/airflow/dags/dynamic_etl_dag.py
[2026-05-08T11:21:32.011+0000] {processor.py:830} INFO - Processing file /opt/airflow/dags/dynamic_etl_dag.py for tasks to queue
[2026-05-08T11:21:32.015+0000] {logging_mixin.py:188} INFO - [2026-05-08T11:21:32.014+0000] {dagbag.py:545} INFO - Filling up the DagBag from /opt/airflow/dags/dynamic_etl_dag.py
[2026-05-08T11:21:32.988+0000] {processor.py:840} INFO - DAG(s) 'dynamic_etl_framework' retrieved from /opt/airflow/dags/dynamic_etl_dag.py
[2026-05-08T11:21:33.190+0000] {logging_mixin.py:188} INFO - [2026-05-08T11:21:33.190+0000] {dag.py:3096} INFO - Sync 1 DAGs
[2026-05-08T11:21:33.217+0000] {logging_mixin.py:188} INFO - [2026-05-08T11:21:33.217+0000] {dag.py:3954} INFO - Setting next_dagrun for dynamic_etl_framework to 2026-05-08 00:00:00+00:00, run_after=2026-05-09 00:00:00+00:00
[2026-05-08T11:21:33.279+0000] {processor.py:183} INFO - Processing /opt/airflow/dags/dynamic_etl_dag.py took 1.275 seconds
[2026-05-08T11:22:03.639+0000] {processor.py:161} INFO - Started process (PID=4585) to work on /opt/airflow/dags/dynamic_etl_dag.py
[2026-05-08T11:22:03.640+0000] {processor.py:830} INFO - Processing file /opt/airflow/dags/dynamic_etl_dag.py for tasks to queue
[2026-05-08T11:22:03.643+0000] {logging_mixin.py:188} INFO - [2026-05-08T11:22:03.642+0000] {dagbag.py:545} INFO - Filling up the DagBag from /opt/airflow/dags/dynamic_etl_dag.py
[2026-05-08T11:22:04.630+0000] {processor.py:840} INFO - DAG(s) 'dynamic_etl_framework' retrieved from /opt/airflow/dags/dynamic_etl_dag.py
[2026-05-08T11:22:04.854+0000] {logging_mixin.py:188} INFO - [2026-05-08T11:22:04.853+0000] {dag.py:3096} INFO - Sync 1 DAGs
[2026-05-08T11:22:04.901+0000] {logging_mixin.py:188} INFO - [2026-05-08T11:22:04.901+0000] {dag.py:3954} INFO - Setting next_dagrun for dynamic_etl_framework to 2026-05-08 00:00:00+00:00, run_after=2026-05-09 00:00:00+00:00
[2026-05-08T11:22:04.958+0000] {processor.py:183} INFO - Processing /opt/airflow/dags/dynamic_etl_dag.py took 1.326 seconds
[2026-05-08T11:22:35.365+0000] {processor.py:161} INFO - Started process (PID=4591) to work on /opt/airflow/dags/dynamic_etl_dag.py
[2026-05-08T11:22:35.367+0000] {processor.py:830} INFO - Processing file /opt/airflow/dags/dynamic_etl_dag.py for tasks to queue
[2026-05-08T11:22:35.370+0000] {logging_mixin.py:188} INFO - [2026-05-08T11:22:35.370+0000] {dagbag.py:545} INFO - Filling up the DagBag from /opt/airflow/dags/dynamic_etl_dag.py
[2026-05-08T11:22:36.524+0000] {processor.py:840} INFO - DAG(s) 'dynamic_etl_framework' retrieved from /opt/airflow/dags/dynamic_etl_dag.py
[2026-05-08T11:22:36.810+0000] {logging_mixin.py:188} INFO - [2026-05-08T11:22:36.809+0000] {dag.py:3096} INFO - Sync 1 DAGs
[2026-05-08T11:22:36.847+0000] {logging_mixin.py:188} INFO - [2026-05-08T11:22:36.847+0000] {dag.py:3954} INFO - Setting next_dagrun for dynamic_etl_framework to 2026-05-08 00:00:00+00:00, run_after=2026-05-09 00:00:00+00:00
[2026-05-08T11:22:36.906+0000] {processor.py:183} INFO - Processing /opt/airflow/dags/dynamic_etl_dag.py took 1.550 seconds
[2026-05-08T11:23:07.193+0000] {processor.py:161} INFO - Started process (PID=4597) to work on /opt/airflow/dags/dynamic_etl_dag.py
[2026-05-08T11:23:07.194+0000] {processor.py:830} INFO - Processing file /opt/airflow/dags/dynamic_etl_dag.py for tasks to queue
[2026-05-08T11:23:07.197+0000] {logging_mixin.py:188} INFO - [2026-05-08T11:23:07.196+0000] {dagbag.py:545} INFO - Filling up the DagBag from /opt/airflow/dags/dynamic_etl_dag.py
[2026-05-08T11:23:08.321+0000] {processor.py:840} INFO - DAG(s) 'dynamic_etl_framework' retrieved from /opt/airflow/dags/dynamic_etl_dag.py
[2026-05-08T11:23:08.520+0000] {logging_mixin.py:188} INFO - [2026-05-08T11:23:08.519+0000] {dag.py:3096} INFO - Sync 1 DAGs
[2026-05-08T11:23:08.548+0000] {logging_mixin.py:188} INFO - [2026-05-08T11:23:08.548+0000] {dag.py:3954} INFO - Setting next_dagrun for dynamic_etl_framework to 2026-05-08 00:00:00+00:00, run_after=2026-05-09 00:00:00+00:00
[2026-05-08T11:23:08.598+0000] {processor.py:183} INFO - Processing /opt/airflow/dags/dynamic_etl_dag.py took 1.413 seconds
[2026-05-08T11:23:39.065+0000] {processor.py:161} INFO - Started process (PID=4603) to work on /opt/airflow/dags/dynamic_etl_dag.py
[2026-05-08T11:23:39.067+0000] {processor.py:830} INFO - Processing file /opt/airflow/dags/dynamic_etl_dag.py for tasks to queue
[2026-05-08T11:23:39.072+0000] {logging_mixin.py:188} INFO - [2026-05-08T11:23:39.072+0000] {dagbag.py:545} INFO - Filling up the DagBag from /opt/airflow/dags/dynamic_etl_dag.py
[2026-05-08T11:23:40.189+0000] {processor.py:840} INFO - DAG(s) 'dynamic_etl_framework' retrieved from /opt/airflow/dags/dynamic_etl_dag.py
[2026-05-08T11:23:40.410+0000] {logging_mixin.py:188} INFO - [2026-05-08T11:23:40.410+0000] {dag.py:3096} INFO - Sync 1 DAGs
[2026-05-08T11:23:40.449+0000] {logging_mixin.py:188} INFO - [2026-05-08T11:23:40.449+0000] {dag.py:3954} INFO - Setting next_dagrun for dynamic_etl_framework to 2026-05-08 00:00:00+00:00, run_after=2026-05-09 00:00:00+00:00
[2026-05-08T11:23:40.504+0000] {processor.py:183} INFO - Processing /opt/airflow/dags/dynamic_etl_dag.py took 1.447 seconds
[2026-05-08T11:24:10.692+0000] {processor.py:161} INFO - Started process (PID=4609) to work on /opt/airflow/dags/dynamic_etl_dag.py
[2026-05-08T11:24:10.694+0000] {processor.py:830} INFO - Processing file /opt/airflow/dags/dynamic_etl_dag.py for tasks to queue
[2026-05-08T11:24:10.696+0000] {logging_mixin.py:188} INFO - [2026-05-08T11:24:10.696+0000] {dagbag.py:545} INFO - Filling up the DagBag from /opt/airflow/dags/dynamic_etl_dag.py
[2026-05-08T11:24:11.701+0000] {processor.py:840} INFO - DAG(s) 'dynamic_etl_framework' retrieved from /opt/airflow/dags/dynamic_etl_dag.py
[2026-05-08T11:24:11.924+0000] {logging_mixin.py:188} INFO - [2026-05-08T11:24:11.923+0000] {dag.py:3096} INFO - Sync 1 DAGs
[2026-05-08T11:24:11.960+0000] {logging_mixin.py:188} INFO - [2026-05-08T11:24:11.960+0000] {dag.py:3954} INFO - Setting next_dagrun for dynamic_etl_framework to 2026-05-08 00:00:00+00:00, run_after=2026-05-09 00:00:00+00:00
[2026-05-08T11:24:12.035+0000] {processor.py:183} INFO - Processing /opt/airflow/dags/dynamic_etl_dag.py took 1.350 seconds
[2026-05-08T11:24:42.194+0000] {processor.py:161} INFO - Started process (PID=4615) to work on /opt/airflow/dags/dynamic_etl_dag.py
[2026-05-08T11:24:42.195+0000] {processor.py:830} INFO - Processing file /opt/airflow/dags/dynamic_etl_dag.py for tasks to queue
[2026-05-08T11:24:42.199+0000] {logging_mixin.py:188} INFO - [2026-05-08T11:24:42.199+0000] {dagbag.py:545} INFO - Filling up the DagBag from /opt/airflow/dags/dynamic_etl_dag.py
[2026-05-08T11:24:43.281+0000] {processor.py:840} INFO - DAG(s) 'dynamic_etl_framework' retrieved from /opt/airflow/dags/dynamic_etl_dag.py
[2026-05-08T11:24:43.485+0000] {logging_mixin.py:188} INFO - [2026-05-08T11:24:43.485+0000] {dag.py:3096} INFO - Sync 1 DAGs
[2026-05-08T11:24:43.513+0000] {logging_mixin.py:188} INFO - [2026-05-08T11:24:43.513+0000] {dag.py:3954} INFO - Setting next_dagrun for dynamic_etl_framework to 2026-05-08 00:00:00+00:00, run_after=2026-05-09 00:00:00+00:00
[2026-05-08T11:24:43.554+0000] {processor.py:183} INFO - Processing /opt/airflow/dags/dynamic_etl_dag.py took 1.366 seconds
[2026-05-08T11:25:13.912+0000] {processor.py:161} INFO - Started process (PID=4621) to work on /opt/airflow/dags/dynamic_etl_dag.py
[2026-05-08T11:25:13.925+0000] {processor.py:830} INFO - Processing file /opt/airflow/dags/dynamic_etl_dag.py for tasks to queue
[2026-05-08T11:25:13.944+0000] {logging_mixin.py:188} INFO - [2026-05-08T11:25:13.943+0000] {dagbag.py:545} INFO - Filling up the DagBag from /opt/airflow/dags/dynamic_etl_dag.py
[2026-05-08T11:25:15.318+0000] {processor.py:840} INFO - DAG(s) 'dynamic_etl_framework' retrieved from /opt/airflow/dags/dynamic_etl_dag.py
[2026-05-08T11:25:15.595+0000] {logging_mixin.py:188} INFO - [2026-05-08T11:25:15.594+0000] {dag.py:3096} INFO - Sync 1 DAGs
[2026-05-08T11:25:15.638+0000] {logging_mixin.py:188} INFO - [2026-05-08T11:25:15.637+0000] {dag.py:3954} INFO - Setting next_dagrun for dynamic_etl_framework to 2026-05-08 00:00:00+00:00, run_after=2026-05-09 00:00:00+00:00
[2026-05-08T11:25:15.695+0000] {processor.py:183} INFO - Processing /opt/airflow/dags/dynamic_etl_dag.py took 1.795 seconds
[2026-05-08T11:25:46.224+0000] {processor.py:161} INFO - Started process (PID=4627) to work on /opt/airflow/dags/dynamic_etl_dag.py
[2026-05-08T11:25:46.226+0000] {processor.py:830} INFO - Processing file /opt/airflow/dags/dynamic_etl_dag.py for tasks to queue
[2026-05-08T11:25:46.228+0000] {logging_mixin.py:188} INFO - [2026-05-08T11:25:46.227+0000] {dagbag.py:545} INFO - Filling up the DagBag from /opt/airflow/dags/dynamic_etl_dag.py
[2026-05-08T11:25:47.231+0000] {processor.py:840} INFO - DAG(s) 'dynamic_etl_framework' retrieved from /opt/airflow/dags/dynamic_etl_dag.py
[2026-05-08T11:25:47.564+0000] {logging_mixin.py:188} INFO - [2026-05-08T11:25:47.564+0000] {dag.py:3096} INFO - Sync 1 DAGs
[2026-05-08T11:25:47.598+0000] {logging_mixin.py:188} INFO - [2026-05-08T11:25:47.598+0000] {dag.py:3954} INFO - Setting next_dagrun for dynamic_etl_framework to 2026-05-08 00:00:00+00:00, run_after=2026-05-09 00:00:00+00:00
[2026-05-08T11:25:47.643+0000] {processor.py:183} INFO - Processing /opt/airflow/dags/dynamic_etl_dag.py took 1.425 seconds
[2026-05-08T11:26:17.935+0000] {processor.py:161} INFO - Started process (PID=4633) to work on /opt/airflow/dags/dynamic_etl_dag.py
[2026-05-08T11:26:17.969+0000] {processor.py:830} INFO - Processing file /opt/airflow/dags/dynamic_etl_dag.py for tasks to queue
[2026-05-08T11:26:17.972+0000] {logging_mixin.py:188} INFO - [2026-05-08T11:26:17.972+0000] {dagbag.py:545} INFO - Filling up the DagBag from /opt/airflow/dags/dynamic_etl_dag.py
[2026-05-08T11:26:19.381+0000] {processor.py:840} INFO - DAG(s) 'dynamic_etl_framework' retrieved from /opt/airflow/dags/dynamic_etl_dag.py
[2026-05-08T11:26:19.603+0000] {logging_mixin.py:188} INFO - [2026-05-08T11:26:19.601+0000] {dag.py:3096} INFO - Sync 1 DAGs
[2026-05-08T11:26:19.633+0000] {logging_mixin.py:188} INFO - [2026-05-08T11:26:19.633+0000] {dag.py:3954} INFO - Setting next_dagrun for dynamic_etl_framework to 2026-05-08 00:00:00+00:00, run_after=2026-05-09 00:00:00+00:00
[2026-05-08T11:26:19.689+0000] {processor.py:183} INFO - Processing /opt/airflow/dags/dynamic_etl_dag.py took 1.761 seconds
[2026-05-08T11:26:50.040+0000] {processor.py:161} INFO - Started process (PID=4639) to work on /opt/airflow/dags/dynamic_etl_dag.py
[2026-05-08T11:26:50.041+0000] {processor.py:830} INFO - Processing file /opt/airflow/dags/dynamic_etl_dag.py for tasks to queue
[2026-05-08T11:26:50.044+0000] {logging_mixin.py:188} INFO - [2026-05-08T11:26:50.044+0000] {dagbag.py:545} INFO - Filling up the DagBag from /opt/airflow/dags/dynamic_etl_dag.py
[2026-05-08T11:26:51.197+0000] {processor.py:840} INFO - DAG(s) 'dynamic_etl_framework' retrieved from /opt/airflow/dags/dynamic_etl_dag.py
[2026-05-08T11:26:51.402+0000] {logging_mixin.py:188} INFO - [2026-05-08T11:26:51.401+0000] {dag.py:3096} INFO - Sync 1 DAGs
[2026-05-08T11:26:51.444+0000] {logging_mixin.py:188} INFO - [2026-05-08T11:26:51.443+0000] {dag.py:3954} INFO - Setting next_dagrun for dynamic_etl_framework to 2026-05-08 00:00:00+00:00, run_after=2026-05-09 00:00:00+00:00
[2026-05-08T11:26:51.498+0000] {processor.py:183} INFO - Processing /opt/airflow/dags/dynamic_etl_dag.py took 1.467 seconds
[2026-05-08T11:27:22.078+0000] {processor.py:161} INFO - Started process (PID=4645) to work on /opt/airflow/dags/dynamic_etl_dag.py
[2026-05-08T11:27:22.081+0000] {processor.py:830} INFO - Processing file /opt/airflow/dags/dynamic_etl_dag.py for tasks to queue
[2026-05-08T11:27:22.086+0000] {logging_mixin.py:188} INFO - [2026-05-08T11:27:22.085+0000] {dagbag.py:545} INFO - Filling up the DagBag from /opt/airflow/dags/dynamic_etl_dag.py
[2026-05-08T11:27:23.180+0000] {processor.py:840} INFO - DAG(s) 'dynamic_etl_framework' retrieved from /opt/airflow/dags/dynamic_etl_dag.py
[2026-05-08T11:27:23.386+0000] {logging_mixin.py:188} INFO - [2026-05-08T11:27:23.385+0000] {dag.py:3096} INFO - Sync 1 DAGs
[2026-05-08T11:27:23.421+0000] {logging_mixin.py:188} INFO - [2026-05-08T11:27:23.421+0000] {dag.py:3954} INFO - Setting next_dagrun for dynamic_etl_framework to 2026-05-08 00:00:00+00:00, run_after=2026-05-09 00:00:00+00:00
[2026-05-08T11:27:23.479+0000] {processor.py:183} INFO - Processing /opt/airflow/dags/dynamic_etl_dag.py took 1.410 seconds
[2026-05-08T11:27:53.720+0000] {processor.py:161} INFO - Started process (PID=4651) to work on /opt/airflow/dags/dynamic_etl_dag.py
[2026-05-08T11:27:53.722+0000] {processor.py:830} INFO - Processing file /opt/airflow/dags/dynamic_etl_dag.py for tasks to queue
[2026-05-08T11:27:53.725+0000] {logging_mixin.py:188} INFO - [2026-05-08T11:27:53.724+0000] {dagbag.py:545} INFO - Filling up the DagBag from /opt/airflow/dags/dynamic_etl_dag.py
[2026-05-08T11:27:54.700+0000] {processor.py:840} INFO - DAG(s) 'dynamic_etl_framework' retrieved from /opt/airflow/dags/dynamic_etl_dag.py
[2026-05-08T11:27:54.891+0000] {logging_mixin.py:188} INFO - [2026-05-08T11:27:54.890+0000] {dag.py:3096} INFO - Sync 1 DAGs
[2026-05-08T11:27:54.918+0000] {logging_mixin.py:188} INFO - [2026-05-08T11:27:54.917+0000] {dag.py:3954} INFO - Setting next_dagrun for dynamic_etl_framework to 2026-05-08 00:00:00+00:00, run_after=2026-05-09 00:00:00+00:00
[2026-05-08T11:27:54.962+0000] {processor.py:183} INFO - Processing /opt/airflow/dags/dynamic_etl_dag.py took 1.248 seconds
[2026-05-08T11:28:25.301+0000] {processor.py:161} INFO - Started process (PID=4657) to work on /opt/airflow/dags/dynamic_etl_dag.py
[2026-05-08T11:28:25.303+0000] {processor.py:830} INFO - Processing file /opt/airflow/dags/dynamic_etl_dag.py for tasks to queue
[2026-05-08T11:28:25.307+0000] {logging_mixin.py:188} INFO - [2026-05-08T11:28:25.306+0000] {dagbag.py:545} INFO - Filling up the DagBag from /opt/airflow/dags/dynamic_etl_dag.py
[2026-05-08T11:28:26.299+0000] {processor.py:840} INFO - DAG(s) 'dynamic_etl_framework' retrieved from /opt/airflow/dags/dynamic_etl_dag.py
[2026-05-08T11:28:26.513+0000] {logging_mixin.py:188} INFO - [2026-05-08T11:28:26.512+0000] {dag.py:3096} INFO - Sync 1 DAGs
[2026-05-08T11:28:26.541+0000] {logging_mixin.py:188} INFO - [2026-05-08T11:28:26.541+0000] {dag.py:3954} INFO - Setting next_dagrun for dynamic_etl_framework to 2026-05-08 00:00:00+00:00, run_after=2026-05-09 00:00:00+00:00
[2026-05-08T11:28:26.582+0000] {processor.py:183} INFO - Processing /opt/airflow/dags/dynamic_etl_dag.py took 1.291 seconds
[2026-05-08T11:28:57.308+0000] {processor.py:161} INFO - Started process (PID=4663) to work on /opt/airflow/dags/dynamic_etl_dag.py
[2026-05-08T11:28:57.310+0000] {processor.py:830} INFO - Processing file /opt/airflow/dags/dynamic_etl_dag.py for tasks to queue
[2026-05-08T11:28:57.312+0000] {logging_mixin.py:188} INFO - [2026-05-08T11:28:57.311+0000] {dagbag.py:545} INFO - Filling up the DagBag from /opt/airflow/dags/dynamic_etl_dag.py
[2026-05-08T11:28:58.205+0000] {processor.py:840} INFO - DAG(s) 'dynamic_etl_framework' retrieved from /opt/airflow/dags/dynamic_etl_dag.py
[2026-05-08T11:28:58.390+0000] {logging_mixin.py:188} INFO - [2026-05-08T11:28:58.390+0000] {dag.py:3096} INFO - Sync 1 DAGs
[2026-05-08T11:28:58.418+0000] {logging_mixin.py:188} INFO - [2026-05-08T11:28:58.418+0000] {dag.py:3954} INFO - Setting next_dagrun for dynamic_etl_framework to 2026-05-08 00:00:00+00:00, run_after=2026-05-09 00:00:00+00:00
[2026-05-08T11:28:58.466+0000] {processor.py:183} INFO - Processing /opt/airflow/dags/dynamic_etl_dag.py took 1.164 seconds
[2026-05-08T11:29:28.824+0000] {processor.py:161} INFO - Started process (PID=4669) to work on /opt/airflow/dags/dynamic_etl_dag.py
[2026-05-08T11:29:28.825+0000] {processor.py:830} INFO - Processing file /opt/airflow/dags/dynamic_etl_dag.py for tasks to queue
[2026-05-08T11:29:28.828+0000] {logging_mixin.py:188} INFO - [2026-05-08T11:29:28.827+0000] {dagbag.py:545} INFO - Filling up the DagBag from /opt/airflow/dags/dynamic_etl_dag.py
[2026-05-08T11:29:29.938+0000] {processor.py:840} INFO - DAG(s) 'dynamic_etl_framework' retrieved from /opt/airflow/dags/dynamic_etl_dag.py
[2026-05-08T11:29:30.130+0000] {logging_mixin.py:188} INFO - [2026-05-08T11:29:30.130+0000] {dag.py:3096} INFO - Sync 1 DAGs
[2026-05-08T11:29:30.156+0000] {logging_mixin.py:188} INFO - [2026-05-08T11:29:30.156+0000] {dag.py:3954} INFO - Setting next_dagrun for dynamic_etl_framework to 2026-05-08 00:00:00+00:00, run_after=2026-05-09 00:00:00+00:00
[2026-05-08T11:29:30.197+0000] {processor.py:183} INFO - Processing /opt/airflow/dags/dynamic_etl_dag.py took 1.381 seconds
[2026-05-08T11:30:00.618+0000] {processor.py:161} INFO - Started process (PID=4675) to work on /opt/airflow/dags/dynamic_etl_dag.py
[2026-05-08T11:30:00.620+0000] {processor.py:830} INFO - Processing file /opt/airflow/dags/dynamic_etl_dag.py for tasks to queue
[2026-05-08T11:30:00.622+0000] {logging_mixin.py:188} INFO - [2026-05-08T11:30:00.622+0000] {dagbag.py:545} INFO - Filling up the DagBag from /opt/airflow/dags/dynamic_etl_dag.py
[2026-05-08T11:30:01.562+0000] {processor.py:840} INFO - DAG(s) 'dynamic_etl_framework' retrieved from /opt/airflow/dags/dynamic_etl_dag.py
[2026-05-08T11:30:01.813+0000] {logging_mixin.py:188} INFO - [2026-05-08T11:30:01.813+0000] {dag.py:3096} INFO - Sync 1 DAGs
[2026-05-08T11:30:01.842+0000] {logging_mixin.py:188} INFO - [2026-05-08T11:30:01.842+0000] {dag.py:3954} INFO - Setting next_dagrun for dynamic_etl_framework to 2026-05-08 00:00:00+00:00, run_after=2026-05-09 00:00:00+00:00
[2026-05-08T11:30:01.894+0000] {processor.py:183} INFO - Processing /opt/airflow/dags/dynamic_etl_dag.py took 1.285 seconds
[2026-05-08T11:30:32.350+0000] {processor.py:161} INFO - Started process (PID=4681) to work on /opt/airflow/dags/dynamic_etl_dag.py
[2026-05-08T11:30:32.351+0000] {processor.py:830} INFO - Processing file /opt/airflow/dags/dynamic_etl_dag.py for tasks to queue
[2026-05-08T11:30:32.354+0000] {logging_mixin.py:188} INFO - [2026-05-08T11:30:32.354+0000] {dagbag.py:545} INFO - Filling up the DagBag from /opt/airflow/dags/dynamic_etl_dag.py
[2026-05-08T11:30:33.399+0000] {processor.py:840} INFO - DAG(s) 'dynamic_etl_framework' retrieved from /opt/airflow/dags/dynamic_etl_dag.py
[2026-05-08T11:30:33.612+0000] {logging_mixin.py:188} INFO - [2026-05-08T11:30:33.612+0000] {dag.py:3096} INFO - Sync 1 DAGs
[2026-05-08T11:30:33.645+0000] {logging_mixin.py:188} INFO - [2026-05-08T11:30:33.644+0000] {dag.py:3954} INFO - Setting next_dagrun for dynamic_etl_framework to 2026-05-08 00:00:00+00:00, run_after=2026-05-09 00:00:00+00:00
[2026-05-08T11:30:33.689+0000] {processor.py:183} INFO - Processing /opt/airflow/dags/dynamic_etl_dag.py took 1.346 seconds
[2026-05-08T11:31:04.037+0000] {processor.py:161} INFO - Started process (PID=4687) to work on /opt/airflow/dags/dynamic_etl_dag.py
[2026-05-08T11:31:04.058+0000] {processor.py:830} INFO - Processing file /opt/airflow/dags/dynamic_etl_dag.py for tasks to queue
[2026-05-08T11:31:04.062+0000] {logging_mixin.py:188} INFO - [2026-05-08T11:31:04.061+0000] {dagbag.py:545} INFO - Filling up the DagBag from /opt/airflow/dags/dynamic_etl_dag.py
[2026-05-08T11:31:05.097+0000] {processor.py:840} INFO - DAG(s) 'dynamic_etl_framework' retrieved from /opt/airflow/dags/dynamic_etl_dag.py
[2026-05-08T11:31:05.406+0000] {logging_mixin.py:188} INFO - [2026-05-08T11:31:05.406+0000] {dag.py:3096} INFO - Sync 1 DAGs
[2026-05-08T11:31:05.438+0000] {logging_mixin.py:188} INFO - [2026-05-08T11:31:05.438+0000] {dag.py:3954} INFO - Setting next_dagrun for dynamic_etl_framework to 2026-05-08 00:00:00+00:00, run_after=2026-05-09 00:00:00+00:00
[2026-05-08T11:31:05.553+0000] {processor.py:183} INFO - Processing /opt/airflow/dags/dynamic_etl_dag.py took 1.524 seconds
[2026-05-08T11:31:35.872+0000] {processor.py:161} INFO - Started process (PID=4693) to work on /opt/airflow/dags/dynamic_etl_dag.py
[2026-05-08T11:31:35.873+0000] {processor.py:830} INFO - Processing file /opt/airflow/dags/dynamic_etl_dag.py for tasks to queue
[2026-05-08T11:31:35.876+0000] {logging_mixin.py:188} INFO - [2026-05-08T11:31:35.875+0000] {dagbag.py:545} INFO - Filling up the DagBag from /opt/airflow/dags/dynamic_etl_dag.py
[2026-05-08T11:31:36.843+0000] {processor.py:840} INFO - DAG(s) 'dynamic_etl_framework' retrieved from /opt/airflow/dags/dynamic_etl_dag.py
[2026-05-08T11:31:37.030+0000] {logging_mixin.py:188} INFO - [2026-05-08T11:31:37.029+0000] {dag.py:3096} INFO - Sync 1 DAGs
[2026-05-08T11:31:37.057+0000] {logging_mixin.py:188} INFO - [2026-05-08T11:31:37.057+0000] {dag.py:3954} INFO - Setting next_dagrun for dynamic_etl_framework to 2026-05-08 00:00:00+00:00, run_after=2026-05-09 00:00:00+00:00
[2026-05-08T11:31:37.099+0000] {processor.py:183} INFO - Processing /opt/airflow/dags/dynamic_etl_dag.py took 1.234 seconds
[2026-05-08T11:32:07.473+0000] {processor.py:161} INFO - Started process (PID=4699) to work on /opt/airflow/dags/dynamic_etl_dag.py
[2026-05-08T11:32:07.480+0000] {processor.py:830} INFO - Processing file /opt/airflow/dags/dynamic_etl_dag.py for tasks to queue
[2026-05-08T11:32:07.485+0000] {logging_mixin.py:188} INFO - [2026-05-08T11:32:07.484+0000] {dagbag.py:545} INFO - Filling up the DagBag from /opt/airflow/dags/dynamic_etl_dag.py
[2026-05-08T11:32:08.624+0000] {processor.py:840} INFO - DAG(s) 'dynamic_etl_framework' retrieved from /opt/airflow/dags/dynamic_etl_dag.py
[2026-05-08T11:32:08.841+0000] {logging_mixin.py:188} INFO - [2026-05-08T11:32:08.841+0000] {dag.py:3096} INFO - Sync 1 DAGs
[2026-05-08T11:32:08.876+0000] {logging_mixin.py:188} INFO - [2026-05-08T11:32:08.876+0000] {dag.py:3954} INFO - Setting next_dagrun for dynamic_etl_framework to 2026-05-08 00:00:00+00:00, run_after=2026-05-09 00:00:00+00:00
[2026-05-08T11:32:08.932+0000] {processor.py:183} INFO - Processing /opt/airflow/dags/dynamic_etl_dag.py took 1.473 seconds
[2026-05-08T11:32:39.248+0000] {processor.py:161} INFO - Started process (PID=4705) to work on /opt/airflow/dags/dynamic_etl_dag.py
[2026-05-08T11:32:39.250+0000] {processor.py:830} INFO - Processing file /opt/airflow/dags/dynamic_etl_dag.py for tasks to queue
[2026-05-08T11:32:39.252+0000] {logging_mixin.py:188} INFO - [2026-05-08T11:32:39.251+0000] {dagbag.py:545} INFO - Filling up the DagBag from /opt/airflow/dags/dynamic_etl_dag.py
[2026-05-08T11:32:40.239+0000] {processor.py:840} INFO - DAG(s) 'dynamic_etl_framework' retrieved from /opt/airflow/dags/dynamic_etl_dag.py
[2026-05-08T11:32:40.425+0000] {logging_mixin.py:188} INFO - [2026-05-08T11:32:40.425+0000] {dag.py:3096} INFO - Sync 1 DAGs
[2026-05-08T11:32:40.457+0000] {logging_mixin.py:188} INFO - [2026-05-08T11:32:40.457+0000] {dag.py:3954} INFO - Setting next_dagrun for dynamic_etl_framework to 2026-05-08 00:00:00+00:00, run_after=2026-05-09 00:00:00+00:00
[2026-05-08T11:32:40.519+0000] {processor.py:183} INFO - Processing /opt/airflow/dags/dynamic_etl_dag.py took 1.278 seconds
[2026-05-08T11:33:11.024+0000] {processor.py:161} INFO - Started process (PID=4711) to work on /opt/airflow/dags/dynamic_etl_dag.py
[2026-05-08T11:33:11.026+0000] {processor.py:830} INFO - Processing file /opt/airflow/dags/dynamic_etl_dag.py for tasks to queue
[2026-05-08T11:33:11.029+0000] {logging_mixin.py:188} INFO - [2026-05-08T11:33:11.028+0000] {dagbag.py:545} INFO - Filling up the DagBag from /opt/airflow/dags/dynamic_etl_dag.py
[2026-05-08T11:33:11.958+0000] {processor.py:840} INFO - DAG(s) 'dynamic_etl_framework' retrieved from /opt/airflow/dags/dynamic_etl_dag.py
[2026-05-08T11:33:12.165+0000] {logging_mixin.py:188} INFO - [2026-05-08T11:33:12.165+0000] {dag.py:3096} INFO - Sync 1 DAGs
[2026-05-08T11:33:12.194+0000] {logging_mixin.py:188} INFO - [2026-05-08T11:33:12.194+0000] {dag.py:3954} INFO - Setting next_dagrun for dynamic_etl_framework to 2026-05-08 00:00:00+00:00, run_after=2026-05-09 00:00:00+00:00
[2026-05-08T11:33:12.251+0000] {processor.py:183} INFO - Processing /opt/airflow/dags/dynamic_etl_dag.py took 1.233 seconds
[2026-05-08T11:33:43.073+0000] {processor.py:161} INFO - Started process (PID=4717) to work on /opt/airflow/dags/dynamic_etl_dag.py
[2026-05-08T11:33:43.075+0000] {processor.py:830} INFO - Processing file /opt/airflow/dags/dynamic_etl_dag.py for tasks to queue
[2026-05-08T11:33:43.078+0000] {logging_mixin.py:188} INFO - [2026-05-08T11:33:43.077+0000] {dagbag.py:545} INFO - Filling up the DagBag from /opt/airflow/dags/dynamic_etl_dag.py
[2026-05-08T11:33:44.106+0000] {processor.py:840} INFO - DAG(s) 'dynamic_etl_framework' retrieved from /opt/airflow/dags/dynamic_etl_dag.py
[2026-05-08T11:33:44.305+0000] {logging_mixin.py:188} INFO - [2026-05-08T11:33:44.305+0000] {dag.py:3096} INFO - Sync 1 DAGs
[2026-05-08T11:33:44.332+0000] {logging_mixin.py:188} INFO - [2026-05-08T11:33:44.332+0000] {dag.py:3954} INFO - Setting next_dagrun for dynamic_etl_framework to 2026-05-08 00:00:00+00:00, run_after=2026-05-09 00:00:00+00:00
[2026-05-08T11:33:44.377+0000] {processor.py:183} INFO - Processing /opt/airflow/dags/dynamic_etl_dag.py took 1.310 seconds
[2026-05-08T11:34:14.607+0000] {processor.py:161} INFO - Started process (PID=4723) to work on /opt/airflow/dags/dynamic_etl_dag.py
[2026-05-08T11:34:14.609+0000] {processor.py:830} INFO - Processing file /opt/airflow/dags/dynamic_etl_dag.py for tasks to queue
[2026-05-08T11:34:14.611+0000] {logging_mixin.py:188} INFO - [2026-05-08T11:34:14.611+0000] {dagbag.py:545} INFO - Filling up the DagBag from /opt/airflow/dags/dynamic_etl_dag.py
[2026-05-08T11:34:15.594+0000] {processor.py:840} INFO - DAG(s) 'dynamic_etl_framework' retrieved from /opt/airflow/dags/dynamic_etl_dag.py
[2026-05-08T11:34:15.778+0000] {logging_mixin.py:188} INFO - [2026-05-08T11:34:15.777+0000] {dag.py:3096} INFO - Sync 1 DAGs
[2026-05-08T11:34:15.807+0000] {logging_mixin.py:188} INFO - [2026-05-08T11:34:15.807+0000] {dag.py:3954} INFO - Setting next_dagrun for dynamic_etl_framework to 2026-05-08 00:00:00+00:00, run_after=2026-05-09 00:00:00+00:00
[2026-05-08T11:34:15.876+0000] {processor.py:183} INFO - Processing /opt/airflow/dags/dynamic_etl_dag.py took 1.277 seconds
[2026-05-08T11:34:46.253+0000] {processor.py:161} INFO - Started process (PID=4729) to work on /opt/airflow/dags/dynamic_etl_dag.py
[2026-05-08T11:34:46.259+0000] {processor.py:830} INFO - Processing file /opt/airflow/dags/dynamic_etl_dag.py for tasks to queue
[2026-05-08T11:34:46.263+0000] {logging_mixin.py:188} INFO - [2026-05-08T11:34:46.262+0000] {dagbag.py:545} INFO - Filling up the DagBag from /opt/airflow/dags/dynamic_etl_dag.py
[2026-05-08T11:34:47.531+0000] {processor.py:840} INFO - DAG(s) 'dynamic_etl_framework' retrieved from /opt/airflow/dags/dynamic_etl_dag.py
[2026-05-08T11:34:47.733+0000] {logging_mixin.py:188} INFO - [2026-05-08T11:34:47.732+0000] {dag.py:3096} INFO - Sync 1 DAGs
[2026-05-08T11:34:47.762+0000] {logging_mixin.py:188} INFO - [2026-05-08T11:34:47.762+0000] {dag.py:3954} INFO - Setting next_dagrun for dynamic_etl_framework to 2026-05-08 00:00:00+00:00, run_after=2026-05-09 00:00:00+00:00
[2026-05-08T11:34:47.839+0000] {processor.py:183} INFO - Processing /opt/airflow/dags/dynamic_etl_dag.py took 1.643 seconds
[2026-05-08T11:35:17.950+0000] {processor.py:161} INFO - Started process (PID=4735) to work on /opt/airflow/dags/dynamic_etl_dag.py
[2026-05-08T11:35:17.952+0000] {processor.py:830} INFO - Processing file /opt/airflow/dags/dynamic_etl_dag.py for tasks to queue
[2026-05-08T11:35:17.955+0000] {logging_mixin.py:188} INFO - [2026-05-08T11:35:17.954+0000] {dagbag.py:545} INFO - Filling up the DagBag from /opt/airflow/dags/dynamic_etl_dag.py
[2026-05-08T11:35:18.901+0000] {processor.py:840} INFO - DAG(s) 'dynamic_etl_framework' retrieved from /opt/airflow/dags/dynamic_etl_dag.py
[2026-05-08T11:35:19.089+0000] {logging_mixin.py:188} INFO - [2026-05-08T11:35:19.089+0000] {dag.py:3096} INFO - Sync 1 DAGs
[2026-05-08T11:35:19.121+0000] {logging_mixin.py:188} INFO - [2026-05-08T11:35:19.121+0000] {dag.py:3954} INFO - Setting next_dagrun for dynamic_etl_framework to 2026-05-08 00:00:00+00:00, run_after=2026-05-09 00:00:00+00:00
[2026-05-08T11:35:19.166+0000] {processor.py:183} INFO - Processing /opt/airflow/dags/dynamic_etl_dag.py took 1.223 seconds
[2026-05-08T11:35:49.469+0000] {processor.py:161} INFO - Started process (PID=4741) to work on /opt/airflow/dags/dynamic_etl_dag.py
[2026-05-08T11:35:49.471+0000] {processor.py:830} INFO - Processing file /opt/airflow/dags/dynamic_etl_dag.py for tasks to queue
[2026-05-08T11:35:49.476+0000] {logging_mixin.py:188} INFO - [2026-05-08T11:35:49.474+0000] {dagbag.py:545} INFO - Filling up the DagBag from /opt/airflow/dags/dynamic_etl_dag.py
[2026-05-08T11:35:50.475+0000] {processor.py:840} INFO - DAG(s) 'dynamic_etl_framework' retrieved from /opt/airflow/dags/dynamic_etl_dag.py
[2026-05-08T11:35:50.676+0000] {logging_mixin.py:188} INFO - [2026-05-08T11:35:50.676+0000] {dag.py:3096} INFO - Sync 1 DAGs
[2026-05-08T11:35:50.705+0000] {logging_mixin.py:188} INFO - [2026-05-08T11:35:50.705+0000] {dag.py:3954} INFO - Setting next_dagrun for dynamic_etl_framework to 2026-05-08 00:00:00+00:00, run_after=2026-05-09 00:00:00+00:00
[2026-05-08T11:35:50.749+0000] {processor.py:183} INFO - Processing /opt/airflow/dags/dynamic_etl_dag.py took 1.287 seconds
[2026-05-08T11:36:21.171+0000] {processor.py:161} INFO - Started process (PID=4747) to work on /opt/airflow/dags/dynamic_etl_dag.py
[2026-05-08T11:36:21.173+0000] {processor.py:830} INFO - Processing file /opt/airflow/dags/dynamic_etl_dag.py for tasks to queue
[2026-05-08T11:36:21.178+0000] {logging_mixin.py:188} INFO - [2026-05-08T11:36:21.178+0000] {dagbag.py:545} INFO - Filling up the DagBag from /opt/airflow/dags/dynamic_etl_dag.py
[2026-05-08T11:36:22.128+0000] {processor.py:840} INFO - DAG(s) 'dynamic_etl_framework' retrieved from /opt/airflow/dags/dynamic_etl_dag.py
[2026-05-08T11:36:22.349+0000] {logging_mixin.py:188} INFO - [2026-05-08T11:36:22.349+0000] {dag.py:3096} INFO - Sync 1 DAGs
[2026-05-08T11:36:22.382+0000] {logging_mixin.py:188} INFO - [2026-05-08T11:36:22.382+0000] {dag.py:3954} INFO - Setting next_dagrun for dynamic_etl_framework to 2026-05-08 00:00:00+00:00, run_after=2026-05-09 00:00:00+00:00
[2026-05-08T11:36:22.428+0000] {processor.py:183} INFO - Processing /opt/airflow/dags/dynamic_etl_dag.py took 1.264 seconds
[2026-05-08T11:36:53.066+0000] {processor.py:161} INFO - Started process (PID=4753) to work on /opt/airflow/dags/dynamic_etl_dag.py
[2026-05-08T11:36:53.068+0000] {processor.py:830} INFO - Processing file /opt/airflow/dags/dynamic_etl_dag.py for tasks to queue
[2026-05-08T11:36:53.072+0000] {logging_mixin.py:188} INFO - [2026-05-08T11:36:53.071+0000] {dagbag.py:545} INFO - Filling up the DagBag from /opt/airflow/dags/dynamic_etl_dag.py
[2026-05-08T11:36:54.095+0000] {processor.py:840} INFO - DAG(s) 'dynamic_etl_framework' retrieved from /opt/airflow/dags/dynamic_etl_dag.py
[2026-05-08T11:36:54.307+0000] {logging_mixin.py:188} INFO - [2026-05-08T11:36:54.306+0000] {dag.py:3096} INFO - Sync 1 DAGs
[2026-05-08T11:36:54.333+0000] {logging_mixin.py:188} INFO - [2026-05-08T11:36:54.332+0000] {dag.py:3954} INFO - Setting next_dagrun for dynamic_etl_framework to 2026-05-08 00:00:00+00:00, run_after=2026-05-09 00:00:00+00:00
[2026-05-08T11:36:54.377+0000] {processor.py:183} INFO - Processing /opt/airflow/dags/dynamic_etl_dag.py took 1.320 seconds
[2026-05-08T11:37:24.555+0000] {processor.py:161} INFO - Started process (PID=4759) to work on /opt/airflow/dags/dynamic_etl_dag.py
[2026-05-08T11:37:24.557+0000] {processor.py:830} INFO - Processing file /opt/airflow/dags/dynamic_etl_dag.py for tasks to queue
[2026-05-08T11:37:24.561+0000] {logging_mixin.py:188} INFO - [2026-05-08T11:37:24.561+0000] {dagbag.py:545} INFO - Filling up the DagBag from /opt/airflow/dags/dynamic_etl_dag.py
[2026-05-08T11:37:25.517+0000] {processor.py:840} INFO - DAG(s) 'dynamic_etl_framework' retrieved from /opt/airflow/dags/dynamic_etl_dag.py
[2026-05-08T11:37:25.711+0000] {logging_mixin.py:188} INFO - [2026-05-08T11:37:25.710+0000] {dag.py:3096} INFO - Sync 1 DAGs
[2026-05-08T11:37:25.739+0000] {logging_mixin.py:188} INFO - [2026-05-08T11:37:25.739+0000] {dag.py:3954} INFO - Setting next_dagrun for dynamic_etl_framework to 2026-05-08 00:00:00+00:00, run_after=2026-05-09 00:00:00+00:00
[2026-05-08T11:37:25.785+0000] {processor.py:183} INFO - Processing /opt/airflow/dags/dynamic_etl_dag.py took 1.236 seconds
[2026-05-08T11:37:56.135+0000] {processor.py:161} INFO - Started process (PID=4765) to work on /opt/airflow/dags/dynamic_etl_dag.py
[2026-05-08T11:37:56.137+0000] {processor.py:830} INFO - Processing file /opt/airflow/dags/dynamic_etl_dag.py for tasks to queue
[2026-05-08T11:37:56.141+0000] {logging_mixin.py:188} INFO - [2026-05-08T11:37:56.140+0000] {dagbag.py:545} INFO - Filling up the DagBag from /opt/airflow/dags/dynamic_etl_dag.py
[2026-05-08T11:37:57.389+0000] {processor.py:840} INFO - DAG(s) 'dynamic_etl_framework' retrieved from /opt/airflow/dags/dynamic_etl_dag.py
[2026-05-08T11:37:57.617+0000] {logging_mixin.py:188} INFO - [2026-05-08T11:37:57.616+0000] {dag.py:3096} INFO - Sync 1 DAGs
[2026-05-08T11:37:57.646+0000] {logging_mixin.py:188} INFO - [2026-05-08T11:37:57.646+0000] {dag.py:3954} INFO - Setting next_dagrun for dynamic_etl_framework to 2026-05-08 00:00:00+00:00, run_after=2026-05-09 00:00:00+00:00
[2026-05-08T11:37:57.741+0000] {processor.py:183} INFO - Processing /opt/airflow/dags/dynamic_etl_dag.py took 1.617 seconds
[2026-05-08T11:38:27.866+0000] {processor.py:161} INFO - Started process (PID=4771) to work on /opt/airflow/dags/dynamic_etl_dag.py
[2026-05-08T11:38:27.868+0000] {processor.py:830} INFO - Processing file /opt/airflow/dags/dynamic_etl_dag.py for tasks to queue
[2026-05-08T11:38:27.872+0000] {logging_mixin.py:188} INFO - [2026-05-08T11:38:27.872+0000] {dagbag.py:545} INFO - Filling up the DagBag from /opt/airflow/dags/dynamic_etl_dag.py
[2026-05-08T11:38:28.801+0000] {processor.py:840} INFO - DAG(s) 'dynamic_etl_framework' retrieved from /opt/airflow/dags/dynamic_etl_dag.py
[2026-05-08T11:38:29.011+0000] {logging_mixin.py:188} INFO - [2026-05-08T11:38:29.010+0000] {dag.py:3096} INFO - Sync 1 DAGs
[2026-05-08T11:38:29.053+0000] {logging_mixin.py:188} INFO - [2026-05-08T11:38:29.053+0000] {dag.py:3954} INFO - Setting next_dagrun for dynamic_etl_framework to 2026-05-08 00:00:00+00:00, run_after=2026-05-09 00:00:00+00:00
[2026-05-08T11:38:29.104+0000] {processor.py:183} INFO - Processing /opt/airflow/dags/dynamic_etl_dag.py took 1.245 seconds
[2026-05-08T11:38:59.511+0000] {processor.py:161} INFO - Started process (PID=4777) to work on /opt/airflow/dags/dynamic_etl_dag.py
[2026-05-08T11:38:59.513+0000] {processor.py:830} INFO - Processing file /opt/airflow/dags/dynamic_etl_dag.py for tasks to queue
[2026-05-08T11:38:59.516+0000] {logging_mixin.py:188} INFO - [2026-05-08T11:38:59.515+0000] {dagbag.py:545} INFO - Filling up the DagBag from /opt/airflow/dags/dynamic_etl_dag.py
[2026-05-08T11:39:00.645+0000] {processor.py:840} INFO - DAG(s) 'dynamic_etl_framework' retrieved from /opt/airflow/dags/dynamic_etl_dag.py
[2026-05-08T11:39:00.949+0000] {logging_mixin.py:188} INFO - [2026-05-08T11:39:00.949+0000] {dag.py:3096} INFO - Sync 1 DAGs
[2026-05-08T11:39:00.979+0000] {logging_mixin.py:188} INFO - [2026-05-08T11:39:00.979+0000] {dag.py:3954} INFO - Setting next_dagrun for dynamic_etl_framework to 2026-05-08 00:00:00+00:00, run_after=2026-05-09 00:00:00+00:00
[2026-05-08T11:39:01.022+0000] {processor.py:183} INFO - Processing /opt/airflow/dags/dynamic_etl_dag.py took 1.517 seconds
[2026-05-08T11:39:31.164+0000] {processor.py:161} INFO - Started process (PID=4783) to work on /opt/airflow/dags/dynamic_etl_dag.py
[2026-05-08T11:39:31.167+0000] {processor.py:830} INFO - Processing file /opt/airflow/dags/dynamic_etl_dag.py for tasks to queue
[2026-05-08T11:39:31.169+0000] {logging_mixin.py:188} INFO - [2026-05-08T11:39:31.169+0000] {dagbag.py:545} INFO - Filling up the DagBag from /opt/airflow/dags/dynamic_etl_dag.py
[2026-05-08T11:39:32.294+0000] {processor.py:840} INFO - DAG(s) 'dynamic_etl_framework' retrieved from /opt/airflow/dags/dynamic_etl_dag.py
[2026-05-08T11:39:32.498+0000] {logging_mixin.py:188} INFO - [2026-05-08T11:39:32.497+0000] {dag.py:3096} INFO - Sync 1 DAGs
[2026-05-08T11:39:32.527+0000] {logging_mixin.py:188} INFO - [2026-05-08T11:39:32.527+0000] {dag.py:3954} INFO - Setting next_dagrun for dynamic_etl_framework to 2026-05-08 00:00:00+00:00, run_after=2026-05-09 00:00:00+00:00
[2026-05-08T11:39:32.588+0000] {processor.py:183} INFO - Processing /opt/airflow/dags/dynamic_etl_dag.py took 1.437 seconds
[2026-05-08T11:40:03.264+0000] {processor.py:161} INFO - Started process (PID=4789) to work on /opt/airflow/dags/dynamic_etl_dag.py
[2026-05-08T11:40:03.266+0000] {processor.py:830} INFO - Processing file /opt/airflow/dags/dynamic_etl_dag.py for tasks to queue
[2026-05-08T11:40:03.270+0000] {logging_mixin.py:188} INFO - [2026-05-08T11:40:03.270+0000] {dagbag.py:545} INFO - Filling up the DagBag from /opt/airflow/dags/dynamic_etl_dag.py
[2026-05-08T11:40:04.301+0000] {processor.py:840} INFO - DAG(s) 'dynamic_etl_framework' retrieved from /opt/airflow/dags/dynamic_etl_dag.py
[2026-05-08T11:40:04.489+0000] {logging_mixin.py:188} INFO - [2026-05-08T11:40:04.488+0000] {dag.py:3096} INFO - Sync 1 DAGs
[2026-05-08T11:40:04.518+0000] {logging_mixin.py:188} INFO - [2026-05-08T11:40:04.518+0000] {dag.py:3954} INFO - Setting next_dagrun for dynamic_etl_framework to 2026-05-08 00:00:00+00:00, run_after=2026-05-09 00:00:00+00:00
[2026-05-08T11:40:04.621+0000] {processor.py:183} INFO - Processing /opt/airflow/dags/dynamic_etl_dag.py took 1.369 seconds
[2026-05-08T11:40:35.223+0000] {processor.py:161} INFO - Started process (PID=4795) to work on /opt/airflow/dags/dynamic_etl_dag.py
[2026-05-08T11:40:35.226+0000] {processor.py:830} INFO - Processing file /opt/airflow/dags/dynamic_etl_dag.py for tasks to queue
[2026-05-08T11:40:35.235+0000] {logging_mixin.py:188} INFO - [2026-05-08T11:40:35.233+0000] {dagbag.py:545} INFO - Filling up the DagBag from /opt/airflow/dags/dynamic_etl_dag.py
[2026-05-08T11:40:36.442+0000] {processor.py:840} INFO - DAG(s) 'dynamic_etl_framework' retrieved from /opt/airflow/dags/dynamic_etl_dag.py
[2026-05-08T11:40:36.651+0000] {logging_mixin.py:188} INFO - [2026-05-08T11:40:36.651+0000] {dag.py:3096} INFO - Sync 1 DAGs
[2026-05-08T11:40:36.681+0000] {logging_mixin.py:188} INFO - [2026-05-08T11:40:36.681+0000] {dag.py:3954} INFO - Setting next_dagrun for dynamic_etl_framework to 2026-05-08 00:00:00+00:00, run_after=2026-05-09 00:00:00+00:00
[2026-05-08T11:40:36.736+0000] {processor.py:183} INFO - Processing /opt/airflow/dags/dynamic_etl_dag.py took 1.526 seconds
[2026-05-08T11:41:07.440+0000] {processor.py:161} INFO - Started process (PID=4801) to work on /opt/airflow/dags/dynamic_etl_dag.py
[2026-05-08T11:41:07.442+0000] {processor.py:830} INFO - Processing file /opt/airflow/dags/dynamic_etl_dag.py for tasks to queue
[2026-05-08T11:41:07.444+0000] {logging_mixin.py:188} INFO - [2026-05-08T11:41:07.444+0000] {dagbag.py:545} INFO - Filling up the DagBag from /opt/airflow/dags/dynamic_etl_dag.py
[2026-05-08T11:41:08.405+0000] {processor.py:840} INFO - DAG(s) 'dynamic_etl_framework' retrieved from /opt/airflow/dags/dynamic_etl_dag.py
[2026-05-08T11:41:08.625+0000] {logging_mixin.py:188} INFO - [2026-05-08T11:41:08.625+0000] {dag.py:3096} INFO - Sync 1 DAGs
[2026-05-08T11:41:08.654+0000] {logging_mixin.py:188} INFO - [2026-05-08T11:41:08.654+0000] {dag.py:3954} INFO - Setting next_dagrun for dynamic_etl_framework to 2026-05-08 00:00:00+00:00, run_after=2026-05-09 00:00:00+00:00
[2026-05-08T11:41:08.702+0000] {processor.py:183} INFO - Processing /opt/airflow/dags/dynamic_etl_dag.py took 1.270 seconds
[2026-05-08T11:41:39.309+0000] {processor.py:161} INFO - Started process (PID=4807) to work on /opt/airflow/dags/dynamic_etl_dag.py
[2026-05-08T11:41:39.311+0000] {processor.py:830} INFO - Processing file /opt/airflow/dags/dynamic_etl_dag.py for tasks to queue
[2026-05-08T11:41:39.314+0000] {logging_mixin.py:188} INFO - [2026-05-08T11:41:39.313+0000] {dagbag.py:545} INFO - Filling up the DagBag from /opt/airflow/dags/dynamic_etl_dag.py
[2026-05-08T11:41:40.269+0000] {processor.py:840} INFO - DAG(s) 'dynamic_etl_framework' retrieved from /opt/airflow/dags/dynamic_etl_dag.py
[2026-05-08T11:41:40.516+0000] {logging_mixin.py:188} INFO - [2026-05-08T11:41:40.512+0000] {dag.py:3096} INFO - Sync 1 DAGs
[2026-05-08T11:41:40.557+0000] {logging_mixin.py:188} INFO - [2026-05-08T11:41:40.556+0000] {dag.py:3954} INFO - Setting next_dagrun for dynamic_etl_framework to 2026-05-08 00:00:00+00:00, run_after=2026-05-09 00:00:00+00:00
[2026-05-08T11:41:40.608+0000] {processor.py:183} INFO - Processing /opt/airflow/dags/dynamic_etl_dag.py took 1.309 seconds
[2026-05-08T11:42:10.896+0000] {processor.py:161} INFO - Started process (PID=4813) to work on /opt/airflow/dags/dynamic_etl_dag.py
[2026-05-08T11:42:10.898+0000] {processor.py:830} INFO - Processing file /opt/airflow/dags/dynamic_etl_dag.py for tasks to queue
[2026-05-08T11:42:10.902+0000] {logging_mixin.py:188} INFO - [2026-05-08T11:42:10.901+0000] {dagbag.py:545} INFO - Filling up the DagBag from /opt/airflow/dags/dynamic_etl_dag.py
[2026-05-08T11:42:11.874+0000] {processor.py:840} INFO - DAG(s) 'dynamic_etl_framework' retrieved from /opt/airflow/dags/dynamic_etl_dag.py
[2026-05-08T11:42:12.088+0000] {logging_mixin.py:188} INFO - [2026-05-08T11:42:12.088+0000] {dag.py:3096} INFO - Sync 1 DAGs
[2026-05-08T11:42:12.116+0000] {logging_mixin.py:188} INFO - [2026-05-08T11:42:12.116+0000] {dag.py:3954} INFO - Setting next_dagrun for dynamic_etl_framework to 2026-05-08 00:00:00+00:00, run_after=2026-05-09 00:00:00+00:00
[2026-05-08T11:42:12.154+0000] {processor.py:183} INFO - Processing /opt/airflow/dags/dynamic_etl_dag.py took 1.265 seconds
[2026-05-08T11:42:42.504+0000] {processor.py:161} INFO - Started process (PID=4819) to work on /opt/airflow/dags/dynamic_etl_dag.py
[2026-05-08T11:42:42.507+0000] {processor.py:830} INFO - Processing file /opt/airflow/dags/dynamic_etl_dag.py for tasks to queue
[2026-05-08T11:42:42.512+0000] {logging_mixin.py:188} INFO - [2026-05-08T11:42:42.512+0000] {dagbag.py:545} INFO - Filling up the DagBag from /opt/airflow/dags/dynamic_etl_dag.py
[2026-05-08T11:42:43.545+0000] {processor.py:840} INFO - DAG(s) 'dynamic_etl_framework' retrieved from /opt/airflow/dags/dynamic_etl_dag.py
[2026-05-08T11:42:43.767+0000] {logging_mixin.py:188} INFO - [2026-05-08T11:42:43.766+0000] {dag.py:3096} INFO - Sync 1 DAGs
[2026-05-08T11:42:43.798+0000] {logging_mixin.py:188} INFO - [2026-05-08T11:42:43.797+0000] {dag.py:3954} INFO - Setting next_dagrun for dynamic_etl_framework to 2026-05-08 00:00:00+00:00, run_after=2026-05-09 00:00:00+00:00
[2026-05-08T11:42:43.854+0000] {processor.py:183} INFO - Processing /opt/airflow/dags/dynamic_etl_dag.py took 1.363 seconds
[2026-05-08T11:43:13.949+0000] {processor.py:161} INFO - Started process (PID=4825) to work on /opt/airflow/dags/dynamic_etl_dag.py
[2026-05-08T11:43:13.951+0000] {processor.py:830} INFO - Processing file /opt/airflow/dags/dynamic_etl_dag.py for tasks to queue
[2026-05-08T11:43:13.953+0000] {logging_mixin.py:188} INFO - [2026-05-08T11:43:13.953+0000] {dagbag.py:545} INFO - Filling up the DagBag from /opt/airflow/dags/dynamic_etl_dag.py
[2026-05-08T11:43:14.905+0000] {processor.py:840} INFO - DAG(s) 'dynamic_etl_framework' retrieved from /opt/airflow/dags/dynamic_etl_dag.py
[2026-05-08T11:43:15.111+0000] {logging_mixin.py:188} INFO - [2026-05-08T11:43:15.110+0000] {dag.py:3096} INFO - Sync 1 DAGs
[2026-05-08T11:43:15.137+0000] {logging_mixin.py:188} INFO - [2026-05-08T11:43:15.136+0000] {dag.py:3954} INFO - Setting next_dagrun for dynamic_etl_framework to 2026-05-08 00:00:00+00:00, run_after=2026-05-09 00:00:00+00:00
[2026-05-08T11:43:15.180+0000] {processor.py:183} INFO - Processing /opt/airflow/dags/dynamic_etl_dag.py took 1.239 seconds
[2026-05-08T11:43:45.732+0000] {processor.py:161} INFO - Started process (PID=4831) to work on /opt/airflow/dags/dynamic_etl_dag.py
[2026-05-08T11:43:45.734+0000] {processor.py:830} INFO - Processing file /opt/airflow/dags/dynamic_etl_dag.py for tasks to queue
[2026-05-08T11:43:45.737+0000] {logging_mixin.py:188} INFO - [2026-05-08T11:43:45.737+0000] {dagbag.py:545} INFO - Filling up the DagBag from /opt/airflow/dags/dynamic_etl_dag.py
[2026-05-08T11:43:46.930+0000] {processor.py:840} INFO - DAG(s) 'dynamic_etl_framework' retrieved from /opt/airflow/dags/dynamic_etl_dag.py
[2026-05-08T11:43:47.135+0000] {logging_mixin.py:188} INFO - [2026-05-08T11:43:47.134+0000] {dag.py:3096} INFO - Sync 1 DAGs
[2026-05-08T11:43:47.167+0000] {logging_mixin.py:188} INFO - [2026-05-08T11:43:47.167+0000] {dag.py:3954} INFO - Setting next_dagrun for dynamic_etl_framework to 2026-05-08 00:00:00+00:00, run_after=2026-05-09 00:00:00+00:00
[2026-05-08T11:43:47.236+0000] {processor.py:183} INFO - Processing /opt/airflow/dags/dynamic_etl_dag.py took 1.515 seconds
[2026-05-08T11:44:17.766+0000] {processor.py:161} INFO - Started process (PID=4837) to work on /opt/airflow/dags/dynamic_etl_dag.py
[2026-05-08T11:44:17.768+0000] {processor.py:830} INFO - Processing file /opt/airflow/dags/dynamic_etl_dag.py for tasks to queue
[2026-05-08T11:44:17.771+0000] {logging_mixin.py:188} INFO - [2026-05-08T11:44:17.770+0000] {dagbag.py:545} INFO - Filling up the DagBag from /opt/airflow/dags/dynamic_etl_dag.py
[2026-05-08T11:44:18.723+0000] {processor.py:840} INFO - DAG(s) 'dynamic_etl_framework' retrieved from /opt/airflow/dags/dynamic_etl_dag.py
[2026-05-08T11:44:18.920+0000] {logging_mixin.py:188} INFO - [2026-05-08T11:44:18.919+0000] {dag.py:3096} INFO - Sync 1 DAGs
[2026-05-08T11:44:18.949+0000] {logging_mixin.py:188} INFO - [2026-05-08T11:44:18.949+0000] {dag.py:3954} INFO - Setting next_dagrun for dynamic_etl_framework to 2026-05-08 00:00:00+00:00, run_after=2026-05-09 00:00:00+00:00
[2026-05-08T11:44:19.038+0000] {processor.py:183} INFO - Processing /opt/airflow/dags/dynamic_etl_dag.py took 1.279 seconds
[2026-05-08T11:44:49.427+0000] {processor.py:161} INFO - Started process (PID=4843) to work on /opt/airflow/dags/dynamic_etl_dag.py
[2026-05-08T11:44:49.430+0000] {processor.py:830} INFO - Processing file /opt/airflow/dags/dynamic_etl_dag.py for tasks to queue
[2026-05-08T11:44:49.435+0000] {logging_mixin.py:188} INFO - [2026-05-08T11:44:49.435+0000] {dagbag.py:545} INFO - Filling up the DagBag from /opt/airflow/dags/dynamic_etl_dag.py
[2026-05-08T11:44:50.541+0000] {processor.py:840} INFO - DAG(s) 'dynamic_etl_framework' retrieved from /opt/airflow/dags/dynamic_etl_dag.py
[2026-05-08T11:44:50.813+0000] {logging_mixin.py:188} INFO - [2026-05-08T11:44:50.809+0000] {dag.py:3096} INFO - Sync 1 DAGs
[2026-05-08T11:44:50.856+0000] {logging_mixin.py:188} INFO - [2026-05-08T11:44:50.855+0000] {dag.py:3954} INFO - Setting next_dagrun for dynamic_etl_framework to 2026-05-08 00:00:00+00:00, run_after=2026-05-09 00:00:00+00:00
[2026-05-08T11:44:50.925+0000] {processor.py:183} INFO - Processing /opt/airflow/dags/dynamic_etl_dag.py took 1.505 seconds
[2026-05-08T11:45:21.153+0000] {processor.py:161} INFO - Started process (PID=4849) to work on /opt/airflow/dags/dynamic_etl_dag.py
[2026-05-08T11:45:21.155+0000] {processor.py:830} INFO - Processing file /opt/airflow/dags/dynamic_etl_dag.py for tasks to queue
[2026-05-08T11:45:21.158+0000] {logging_mixin.py:188} INFO - [2026-05-08T11:45:21.158+0000] {dagbag.py:545} INFO - Filling up the DagBag from /opt/airflow/dags/dynamic_etl_dag.py
[2026-05-08T11:45:22.199+0000] {processor.py:840} INFO - DAG(s) 'dynamic_etl_framework' retrieved from /opt/airflow/dags/dynamic_etl_dag.py
[2026-05-08T11:45:22.383+0000] {logging_mixin.py:188} INFO - [2026-05-08T11:45:22.383+0000] {dag.py:3096} INFO - Sync 1 DAGs
[2026-05-08T11:45:22.412+0000] {logging_mixin.py:188} INFO - [2026-05-08T11:45:22.412+0000] {dag.py:3954} INFO - Setting next_dagrun for dynamic_etl_framework to 2026-05-08 00:00:00+00:00, run_after=2026-05-09 00:00:00+00:00
[2026-05-08T11:45:22.459+0000] {processor.py:183} INFO - Processing /opt/airflow/dags/dynamic_etl_dag.py took 1.315 seconds
[2026-05-08T11:45:52.788+0000] {processor.py:161} INFO - Started process (PID=4855) to work on /opt/airflow/dags/dynamic_etl_dag.py
[2026-05-08T11:45:52.789+0000] {processor.py:830} INFO - Processing file /opt/airflow/dags/dynamic_etl_dag.py for tasks to queue
[2026-05-08T11:45:52.795+0000] {logging_mixin.py:188} INFO - [2026-05-08T11:45:52.794+0000] {dagbag.py:545} INFO - Filling up the DagBag from /opt/airflow/dags/dynamic_etl_dag.py
[2026-05-08T11:45:53.876+0000] {processor.py:840} INFO - DAG(s) 'dynamic_etl_framework' retrieved from /opt/airflow/dags/dynamic_etl_dag.py
[2026-05-08T11:45:54.057+0000] {logging_mixin.py:188} INFO - [2026-05-08T11:45:54.056+0000] {dag.py:3096} INFO - Sync 1 DAGs
[2026-05-08T11:45:54.084+0000] {logging_mixin.py:188} INFO - [2026-05-08T11:45:54.084+0000] {dag.py:3954} INFO - Setting next_dagrun for dynamic_etl_framework to 2026-05-08 00:00:00+00:00, run_after=2026-05-09 00:00:00+00:00
[2026-05-08T11:45:54.127+0000] {processor.py:183} INFO - Processing /opt/airflow/dags/dynamic_etl_dag.py took 1.345 seconds
[2026-05-08T11:46:24.736+0000] {processor.py:161} INFO - Started process (PID=4861) to work on /opt/airflow/dags/dynamic_etl_dag.py
[2026-05-08T11:46:24.738+0000] {processor.py:830} INFO - Processing file /opt/airflow/dags/dynamic_etl_dag.py for tasks to queue
[2026-05-08T11:46:24.741+0000] {logging_mixin.py:188} INFO - [2026-05-08T11:46:24.740+0000] {dagbag.py:545} INFO - Filling up the DagBag from /opt/airflow/dags/dynamic_etl_dag.py
[2026-05-08T11:46:25.756+0000] {processor.py:840} INFO - DAG(s) 'dynamic_etl_framework' retrieved from /opt/airflow/dags/dynamic_etl_dag.py
[2026-05-08T11:46:25.966+0000] {logging_mixin.py:188} INFO - [2026-05-08T11:46:25.965+0000] {dag.py:3096} INFO - Sync 1 DAGs
[2026-05-08T11:46:25.995+0000] {logging_mixin.py:188} INFO - [2026-05-08T11:46:25.995+0000] {dag.py:3954} INFO - Setting next_dagrun for dynamic_etl_framework to 2026-05-08 00:00:00+00:00, run_after=2026-05-09 00:00:00+00:00
[2026-05-08T11:46:26.062+0000] {processor.py:183} INFO - Processing /opt/airflow/dags/dynamic_etl_dag.py took 1.333 seconds
[2026-05-08T11:46:56.369+0000] {processor.py:161} INFO - Started process (PID=4867) to work on /opt/airflow/dags/dynamic_etl_dag.py
[2026-05-08T11:46:56.371+0000] {processor.py:830} INFO - Processing file /opt/airflow/dags/dynamic_etl_dag.py for tasks to queue
[2026-05-08T11:46:56.377+0000] {logging_mixin.py:188} INFO - [2026-05-08T11:46:56.376+0000] {dagbag.py:545} INFO - Filling up the DagBag from /opt/airflow/dags/dynamic_etl_dag.py
[2026-05-08T11:46:57.318+0000] {processor.py:840} INFO - DAG(s) 'dynamic_etl_framework' retrieved from /opt/airflow/dags/dynamic_etl_dag.py
[2026-05-08T11:46:57.528+0000] {logging_mixin.py:188} INFO - [2026-05-08T11:46:57.527+0000] {dag.py:3096} INFO - Sync 1 DAGs
[2026-05-08T11:46:57.554+0000] {logging_mixin.py:188} INFO - [2026-05-08T11:46:57.553+0000] {dag.py:3954} INFO - Setting next_dagrun for dynamic_etl_framework to 2026-05-08 00:00:00+00:00, run_after=2026-05-09 00:00:00+00:00
[2026-05-08T11:46:57.595+0000] {processor.py:183} INFO - Processing /opt/airflow/dags/dynamic_etl_dag.py took 1.235 seconds
[2026-05-08T11:47:28.169+0000] {processor.py:161} INFO - Started process (PID=4873) to work on /opt/airflow/dags/dynamic_etl_dag.py
[2026-05-08T11:47:28.171+0000] {processor.py:830} INFO - Processing file /opt/airflow/dags/dynamic_etl_dag.py for tasks to queue
[2026-05-08T11:47:28.174+0000] {logging_mixin.py:188} INFO - [2026-05-08T11:47:28.174+0000] {dagbag.py:545} INFO - Filling up the DagBag from /opt/airflow/dags/dynamic_etl_dag.py
[2026-05-08T11:47:29.128+0000] {processor.py:840} INFO - DAG(s) 'dynamic_etl_framework' retrieved from /opt/airflow/dags/dynamic_etl_dag.py
[2026-05-08T11:47:29.320+0000] {logging_mixin.py:188} INFO - [2026-05-08T11:47:29.320+0000] {dag.py:3096} INFO - Sync 1 DAGs
[2026-05-08T11:47:29.348+0000] {logging_mixin.py:188} INFO - [2026-05-08T11:47:29.348+0000] {dag.py:3954} INFO - Setting next_dagrun for dynamic_etl_framework to 2026-05-08 00:00:00+00:00, run_after=2026-05-09 00:00:00+00:00
[2026-05-08T11:47:29.390+0000] {processor.py:183} INFO - Processing /opt/airflow/dags/dynamic_etl_dag.py took 1.227 seconds
[2026-05-08T11:47:59.872+0000] {processor.py:161} INFO - Started process (PID=4879) to work on /opt/airflow/dags/dynamic_etl_dag.py
[2026-05-08T11:47:59.875+0000] {processor.py:830} INFO - Processing file /opt/airflow/dags/dynamic_etl_dag.py for tasks to queue
[2026-05-08T11:47:59.878+0000] {logging_mixin.py:188} INFO - [2026-05-08T11:47:59.878+0000] {dagbag.py:545} INFO - Filling up the DagBag from /opt/airflow/dags/dynamic_etl_dag.py
[2026-05-08T11:48:00.979+0000] {processor.py:840} INFO - DAG(s) 'dynamic_etl_framework' retrieved from /opt/airflow/dags/dynamic_etl_dag.py
[2026-05-08T11:48:01.178+0000] {logging_mixin.py:188} INFO - [2026-05-08T11:48:01.175+0000] {dag.py:3096} INFO - Sync 1 DAGs
[2026-05-08T11:48:01.214+0000] {logging_mixin.py:188} INFO - [2026-05-08T11:48:01.213+0000] {dag.py:3954} INFO - Setting next_dagrun for dynamic_etl_framework to 2026-05-08 00:00:00+00:00, run_after=2026-05-09 00:00:00+00:00
[2026-05-08T11:48:01.266+0000] {processor.py:183} INFO - Processing /opt/airflow/dags/dynamic_etl_dag.py took 1.400 seconds
[2026-05-08T11:48:31.564+0000] {processor.py:161} INFO - Started process (PID=4885) to work on /opt/airflow/dags/dynamic_etl_dag.py
[2026-05-08T11:48:31.566+0000] {processor.py:830} INFO - Processing file /opt/airflow/dags/dynamic_etl_dag.py for tasks to queue
[2026-05-08T11:48:31.568+0000] {logging_mixin.py:188} INFO - [2026-05-08T11:48:31.568+0000] {dagbag.py:545} INFO - Filling up the DagBag from /opt/airflow/dags/dynamic_etl_dag.py
[2026-05-08T11:48:32.570+0000] {processor.py:840} INFO - DAG(s) 'dynamic_etl_framework' retrieved from /opt/airflow/dags/dynamic_etl_dag.py
[2026-05-08T11:48:32.758+0000] {logging_mixin.py:188} INFO - [2026-05-08T11:48:32.757+0000] {dag.py:3096} INFO - Sync 1 DAGs
[2026-05-08T11:48:32.785+0000] {logging_mixin.py:188} INFO - [2026-05-08T11:48:32.785+0000] {dag.py:3954} INFO - Setting next_dagrun for dynamic_etl_framework to 2026-05-08 00:00:00+00:00, run_after=2026-05-09 00:00:00+00:00
[2026-05-08T11:48:32.844+0000] {processor.py:183} INFO - Processing /opt/airflow/dags/dynamic_etl_dag.py took 1.290 seconds
[2026-05-08T11:49:03.589+0000] {processor.py:161} INFO - Started process (PID=4891) to work on /opt/airflow/dags/dynamic_etl_dag.py
[2026-05-08T11:49:03.590+0000] {processor.py:830} INFO - Processing file /opt/airflow/dags/dynamic_etl_dag.py for tasks to queue
[2026-05-08T11:49:03.594+0000] {logging_mixin.py:188} INFO - [2026-05-08T11:49:03.593+0000] {dagbag.py:545} INFO - Filling up the DagBag from /opt/airflow/dags/dynamic_etl_dag.py
[2026-05-08T11:49:04.587+0000] {processor.py:840} INFO - DAG(s) 'dynamic_etl_framework' retrieved from /opt/airflow/dags/dynamic_etl_dag.py
[2026-05-08T11:49:04.777+0000] {logging_mixin.py:188} INFO - [2026-05-08T11:49:04.776+0000] {dag.py:3096} INFO - Sync 1 DAGs
[2026-05-08T11:49:04.808+0000] {logging_mixin.py:188} INFO - [2026-05-08T11:49:04.808+0000] {dag.py:3954} INFO - Setting next_dagrun for dynamic_etl_framework to 2026-05-08 00:00:00+00:00, run_after=2026-05-09 00:00:00+00:00
[2026-05-08T11:49:04.858+0000] {processor.py:183} INFO - Processing /opt/airflow/dags/dynamic_etl_dag.py took 1.278 seconds
[2026-05-08T11:49:35.191+0000] {processor.py:161} INFO - Started process (PID=4897) to work on /opt/airflow/dags/dynamic_etl_dag.py
[2026-05-08T11:49:35.204+0000] {processor.py:830} INFO - Processing file /opt/airflow/dags/dynamic_etl_dag.py for tasks to queue
[2026-05-08T11:49:35.209+0000] {logging_mixin.py:188} INFO - [2026-05-08T11:49:35.208+0000] {dagbag.py:545} INFO - Filling up the DagBag from /opt/airflow/dags/dynamic_etl_dag.py
[2026-05-08T11:49:36.471+0000] {processor.py:840} INFO - DAG(s) 'dynamic_etl_framework' retrieved from /opt/airflow/dags/dynamic_etl_dag.py
[2026-05-08T11:49:36.667+0000] {logging_mixin.py:188} INFO - [2026-05-08T11:49:36.666+0000] {dag.py:3096} INFO - Sync 1 DAGs
[2026-05-08T11:49:36.693+0000] {logging_mixin.py:188} INFO - [2026-05-08T11:49:36.693+0000] {dag.py:3954} INFO - Setting next_dagrun for dynamic_etl_framework to 2026-05-08 00:00:00+00:00, run_after=2026-05-09 00:00:00+00:00
[2026-05-08T11:49:36.750+0000] {processor.py:183} INFO - Processing /opt/airflow/dags/dynamic_etl_dag.py took 1.571 seconds
[2026-05-08T11:50:07.119+0000] {processor.py:161} INFO - Started process (PID=4903) to work on /opt/airflow/dags/dynamic_etl_dag.py
[2026-05-08T11:50:07.120+0000] {processor.py:830} INFO - Processing file /opt/airflow/dags/dynamic_etl_dag.py for tasks to queue
[2026-05-08T11:50:07.123+0000] {logging_mixin.py:188} INFO - [2026-05-08T11:50:07.122+0000] {dagbag.py:545} INFO - Filling up the DagBag from /opt/airflow/dags/dynamic_etl_dag.py
[2026-05-08T11:50:08.149+0000] {processor.py:840} INFO - DAG(s) 'dynamic_etl_framework' retrieved from /opt/airflow/dags/dynamic_etl_dag.py
[2026-05-08T11:50:08.375+0000] {logging_mixin.py:188} INFO - [2026-05-08T11:50:08.374+0000] {dag.py:3096} INFO - Sync 1 DAGs
[2026-05-08T11:50:08.411+0000] {logging_mixin.py:188} INFO - [2026-05-08T11:50:08.410+0000] {dag.py:3954} INFO - Setting next_dagrun for dynamic_etl_framework to 2026-05-08 00:00:00+00:00, run_after=2026-05-09 00:00:00+00:00
[2026-05-08T11:50:08.456+0000] {processor.py:183} INFO - Processing /opt/airflow/dags/dynamic_etl_dag.py took 1.343 seconds
[2026-05-08T11:50:39.008+0000] {processor.py:161} INFO - Started process (PID=4909) to work on /opt/airflow/dags/dynamic_etl_dag.py
[2026-05-08T11:50:39.010+0000] {processor.py:830} INFO - Processing file /opt/airflow/dags/dynamic_etl_dag.py for tasks to queue
[2026-05-08T11:50:39.013+0000] {logging_mixin.py:188} INFO - [2026-05-08T11:50:39.013+0000] {dagbag.py:545} INFO - Filling up the DagBag from /opt/airflow/dags/dynamic_etl_dag.py
[2026-05-08T11:50:40.133+0000] {processor.py:840} INFO - DAG(s) 'dynamic_etl_framework' retrieved from /opt/airflow/dags/dynamic_etl_dag.py
[2026-05-08T11:50:40.353+0000] {logging_mixin.py:188} INFO - [2026-05-08T11:50:40.353+0000] {dag.py:3096} INFO - Sync 1 DAGs
[2026-05-08T11:50:40.388+0000] {logging_mixin.py:188} INFO - [2026-05-08T11:50:40.387+0000] {dag.py:3954} INFO - Setting next_dagrun for dynamic_etl_framework to 2026-05-08 00:00:00+00:00, run_after=2026-05-09 00:00:00+00:00
[2026-05-08T11:50:40.431+0000] {processor.py:183} INFO - Processing /opt/airflow/dags/dynamic_etl_dag.py took 1.431 seconds
[2026-05-08T11:51:10.666+0000] {processor.py:161} INFO - Started process (PID=4915) to work on /opt/airflow/dags/dynamic_etl_dag.py
[2026-05-08T11:51:10.668+0000] {processor.py:830} INFO - Processing file /opt/airflow/dags/dynamic_etl_dag.py for tasks to queue
[2026-05-08T11:51:10.671+0000] {logging_mixin.py:188} INFO - [2026-05-08T11:51:10.670+0000] {dagbag.py:545} INFO - Filling up the DagBag from /opt/airflow/dags/dynamic_etl_dag.py
[2026-05-08T11:51:11.767+0000] {processor.py:840} INFO - DAG(s) 'dynamic_etl_framework' retrieved from /opt/airflow/dags/dynamic_etl_dag.py
[2026-05-08T11:51:11.979+0000] {logging_mixin.py:188} INFO - [2026-05-08T11:51:11.979+0000] {dag.py:3096} INFO - Sync 1 DAGs
[2026-05-08T11:51:12.009+0000] {logging_mixin.py:188} INFO - [2026-05-08T11:51:12.009+0000] {dag.py:3954} INFO - Setting next_dagrun for dynamic_etl_framework to 2026-05-08 00:00:00+00:00, run_after=2026-05-09 00:00:00+00:00
[2026-05-08T11:51:12.060+0000] {processor.py:183} INFO - Processing /opt/airflow/dags/dynamic_etl_dag.py took 1.403 seconds
[2026-05-08T11:51:42.539+0000] {processor.py:161} INFO - Started process (PID=4921) to work on /opt/airflow/dags/dynamic_etl_dag.py
[2026-05-08T11:51:42.542+0000] {processor.py:830} INFO - Processing file /opt/airflow/dags/dynamic_etl_dag.py for tasks to queue
[2026-05-08T11:51:42.546+0000] {logging_mixin.py:188} INFO - [2026-05-08T11:51:42.545+0000] {dagbag.py:545} INFO - Filling up the DagBag from /opt/airflow/dags/dynamic_etl_dag.py
[2026-05-08T11:51:43.575+0000] {processor.py:840} INFO - DAG(s) 'dynamic_etl_framework' retrieved from /opt/airflow/dags/dynamic_etl_dag.py
[2026-05-08T11:51:43.773+0000] {logging_mixin.py:188} INFO - [2026-05-08T11:51:43.772+0000] {dag.py:3096} INFO - Sync 1 DAGs
[2026-05-08T11:51:43.808+0000] {logging_mixin.py:188} INFO - [2026-05-08T11:51:43.808+0000] {dag.py:3954} INFO - Setting next_dagrun for dynamic_etl_framework to 2026-05-08 00:00:00+00:00, run_after=2026-05-09 00:00:00+00:00
[2026-05-08T11:51:43.862+0000] {processor.py:183} INFO - Processing /opt/airflow/dags/dynamic_etl_dag.py took 1.335 seconds
[2026-05-08T11:52:14.054+0000] {processor.py:161} INFO - Started process (PID=4927) to work on /opt/airflow/dags/dynamic_etl_dag.py
[2026-05-08T11:52:14.056+0000] {processor.py:830} INFO - Processing file /opt/airflow/dags/dynamic_etl_dag.py for tasks to queue
[2026-05-08T11:52:14.059+0000] {logging_mixin.py:188} INFO - [2026-05-08T11:52:14.059+0000] {dagbag.py:545} INFO - Filling up the DagBag from /opt/airflow/dags/dynamic_etl_dag.py
[2026-05-08T11:52:15.147+0000] {processor.py:840} INFO - DAG(s) 'dynamic_etl_framework' retrieved from /opt/airflow/dags/dynamic_etl_dag.py
[2026-05-08T11:52:15.349+0000] {logging_mixin.py:188} INFO - [2026-05-08T11:52:15.349+0000] {dag.py:3096} INFO - Sync 1 DAGs
[2026-05-08T11:52:15.381+0000] {logging_mixin.py:188} INFO - [2026-05-08T11:52:15.380+0000] {dag.py:3954} INFO - Setting next_dagrun for dynamic_etl_framework to 2026-05-08 00:00:00+00:00, run_after=2026-05-09 00:00:00+00:00
[2026-05-08T11:52:15.429+0000] {processor.py:183} INFO - Processing /opt/airflow/dags/dynamic_etl_dag.py took 1.381 seconds
[2026-05-08T11:52:45.585+0000] {processor.py:161} INFO - Started process (PID=4933) to work on /opt/airflow/dags/dynamic_etl_dag.py
[2026-05-08T11:52:45.587+0000] {processor.py:830} INFO - Processing file /opt/airflow/dags/dynamic_etl_dag.py for tasks to queue
[2026-05-08T11:52:45.589+0000] {logging_mixin.py:188} INFO - [2026-05-08T11:52:45.589+0000] {dagbag.py:545} INFO - Filling up the DagBag from /opt/airflow/dags/dynamic_etl_dag.py
[2026-05-08T11:52:46.569+0000] {processor.py:840} INFO - DAG(s) 'dynamic_etl_framework' retrieved from /opt/airflow/dags/dynamic_etl_dag.py
[2026-05-08T11:52:46.760+0000] {logging_mixin.py:188} INFO - [2026-05-08T11:52:46.760+0000] {dag.py:3096} INFO - Sync 1 DAGs
[2026-05-08T11:52:46.786+0000] {logging_mixin.py:188} INFO - [2026-05-08T11:52:46.786+0000] {dag.py:3954} INFO - Setting next_dagrun for dynamic_etl_framework to 2026-05-08 00:00:00+00:00, run_after=2026-05-09 00:00:00+00:00
[2026-05-08T11:52:46.822+0000] {processor.py:183} INFO - Processing /opt/airflow/dags/dynamic_etl_dag.py took 1.243 seconds
[2026-05-08T11:53:17.301+0000] {processor.py:161} INFO - Started process (PID=4939) to work on /opt/airflow/dags/dynamic_etl_dag.py
[2026-05-08T11:53:17.303+0000] {processor.py:830} INFO - Processing file /opt/airflow/dags/dynamic_etl_dag.py for tasks to queue
[2026-05-08T11:53:17.306+0000] {logging_mixin.py:188} INFO - [2026-05-08T11:53:17.306+0000] {dagbag.py:545} INFO - Filling up the DagBag from /opt/airflow/dags/dynamic_etl_dag.py
[2026-05-08T11:53:18.311+0000] {processor.py:840} INFO - DAG(s) 'dynamic_etl_framework' retrieved from /opt/airflow/dags/dynamic_etl_dag.py
[2026-05-08T11:53:18.497+0000] {logging_mixin.py:188} INFO - [2026-05-08T11:53:18.496+0000] {dag.py:3096} INFO - Sync 1 DAGs
[2026-05-08T11:53:18.528+0000] {logging_mixin.py:188} INFO - [2026-05-08T11:53:18.528+0000] {dag.py:3954} INFO - Setting next_dagrun for dynamic_etl_framework to 2026-05-08 00:00:00+00:00, run_after=2026-05-09 00:00:00+00:00
[2026-05-08T11:53:18.572+0000] {processor.py:183} INFO - Processing /opt/airflow/dags/dynamic_etl_dag.py took 1.282 seconds
[2026-05-08T11:53:49.345+0000] {processor.py:161} INFO - Started process (PID=4945) to work on /opt/airflow/dags/dynamic_etl_dag.py
[2026-05-08T11:53:49.346+0000] {processor.py:830} INFO - Processing file /opt/airflow/dags/dynamic_etl_dag.py for tasks to queue
[2026-05-08T11:53:49.350+0000] {logging_mixin.py:188} INFO - [2026-05-08T11:53:49.349+0000] {dagbag.py:545} INFO - Filling up the DagBag from /opt/airflow/dags/dynamic_etl_dag.py
[2026-05-08T11:53:50.390+0000] {processor.py:840} INFO - DAG(s) 'dynamic_etl_framework' retrieved from /opt/airflow/dags/dynamic_etl_dag.py
[2026-05-08T11:53:50.612+0000] {logging_mixin.py:188} INFO - [2026-05-08T11:53:50.612+0000] {dag.py:3096} INFO - Sync 1 DAGs
[2026-05-08T11:53:50.648+0000] {logging_mixin.py:188} INFO - [2026-05-08T11:53:50.647+0000] {dag.py:3954} INFO - Setting next_dagrun for dynamic_etl_framework to 2026-05-08 00:00:00+00:00, run_after=2026-05-09 00:00:00+00:00
[2026-05-08T11:53:50.696+0000] {processor.py:183} INFO - Processing /opt/airflow/dags/dynamic_etl_dag.py took 1.358 seconds
[2026-05-08T11:54:21.157+0000] {processor.py:161} INFO - Started process (PID=4951) to work on /opt/airflow/dags/dynamic_etl_dag.py
[2026-05-08T11:54:21.160+0000] {processor.py:830} INFO - Processing file /opt/airflow/dags/dynamic_etl_dag.py for tasks to queue
[2026-05-08T11:54:21.164+0000] {logging_mixin.py:188} INFO - [2026-05-08T11:54:21.164+0000] {dagbag.py:545} INFO - Filling up the DagBag from /opt/airflow/dags/dynamic_etl_dag.py
[2026-05-08T11:54:22.120+0000] {processor.py:840} INFO - DAG(s) 'dynamic_etl_framework' retrieved from /opt/airflow/dags/dynamic_etl_dag.py
[2026-05-08T11:54:22.311+0000] {logging_mixin.py:188} INFO - [2026-05-08T11:54:22.310+0000] {dag.py:3096} INFO - Sync 1 DAGs
[2026-05-08T11:54:22.337+0000] {logging_mixin.py:188} INFO - [2026-05-08T11:54:22.337+0000] {dag.py:3954} INFO - Setting next_dagrun for dynamic_etl_framework to 2026-05-08 00:00:00+00:00, run_after=2026-05-09 00:00:00+00:00
[2026-05-08T11:54:22.379+0000] {processor.py:183} INFO - Processing /opt/airflow/dags/dynamic_etl_dag.py took 1.235 seconds
[2026-05-08T11:54:52.810+0000] {processor.py:161} INFO - Started process (PID=4957) to work on /opt/airflow/dags/dynamic_etl_dag.py
[2026-05-08T11:54:52.816+0000] {processor.py:830} INFO - Processing file /opt/airflow/dags/dynamic_etl_dag.py for tasks to queue
[2026-05-08T11:54:52.819+0000] {logging_mixin.py:188} INFO - [2026-05-08T11:54:52.819+0000] {dagbag.py:545} INFO - Filling up the DagBag from /opt/airflow/dags/dynamic_etl_dag.py
[2026-05-08T11:54:53.758+0000] {processor.py:840} INFO - DAG(s) 'dynamic_etl_framework' retrieved from /opt/airflow/dags/dynamic_etl_dag.py
[2026-05-08T11:54:53.977+0000] {logging_mixin.py:188} INFO - [2026-05-08T11:54:53.976+0000] {dag.py:3096} INFO - Sync 1 DAGs
[2026-05-08T11:54:54.006+0000] {logging_mixin.py:188} INFO - [2026-05-08T11:54:54.006+0000] {dag.py:3954} INFO - Setting next_dagrun for dynamic_etl_framework to 2026-05-08 00:00:00+00:00, run_after=2026-05-09 00:00:00+00:00
[2026-05-08T11:54:54.062+0000] {processor.py:183} INFO - Processing /opt/airflow/dags/dynamic_etl_dag.py took 1.259 seconds
[2026-05-08T11:55:24.361+0000] {processor.py:161} INFO - Started process (PID=4963) to work on /opt/airflow/dags/dynamic_etl_dag.py
[2026-05-08T11:55:24.363+0000] {processor.py:830} INFO - Processing file /opt/airflow/dags/dynamic_etl_dag.py for tasks to queue
[2026-05-08T11:55:24.369+0000] {logging_mixin.py:188} INFO - [2026-05-08T11:55:24.369+0000] {dagbag.py:545} INFO - Filling up the DagBag from /opt/airflow/dags/dynamic_etl_dag.py
[2026-05-08T11:55:25.557+0000] {processor.py:840} INFO - DAG(s) 'dynamic_etl_framework' retrieved from /opt/airflow/dags/dynamic_etl_dag.py
[2026-05-08T11:55:25.765+0000] {logging_mixin.py:188} INFO - [2026-05-08T11:55:25.764+0000] {dag.py:3096} INFO - Sync 1 DAGs
[2026-05-08T11:55:25.797+0000] {logging_mixin.py:188} INFO - [2026-05-08T11:55:25.797+0000] {dag.py:3954} INFO - Setting next_dagrun for dynamic_etl_framework to 2026-05-08 00:00:00+00:00, run_after=2026-05-09 00:00:00+00:00
[2026-05-08T11:55:25.848+0000] {processor.py:183} INFO - Processing /opt/airflow/dags/dynamic_etl_dag.py took 1.499 seconds
[2026-05-08T11:55:56.179+0000] {processor.py:161} INFO - Started process (PID=4969) to work on /opt/airflow/dags/dynamic_etl_dag.py
[2026-05-08T11:55:56.181+0000] {processor.py:830} INFO - Processing file /opt/airflow/dags/dynamic_etl_dag.py for tasks to queue
[2026-05-08T11:55:56.185+0000] {logging_mixin.py:188} INFO - [2026-05-08T11:55:56.184+0000] {dagbag.py:545} INFO - Filling up the DagBag from /opt/airflow/dags/dynamic_etl_dag.py
[2026-05-08T11:55:57.095+0000] {processor.py:840} INFO - DAG(s) 'dynamic_etl_framework' retrieved from /opt/airflow/dags/dynamic_etl_dag.py
[2026-05-08T11:55:57.296+0000] {logging_mixin.py:188} INFO - [2026-05-08T11:55:57.296+0000] {dag.py:3096} INFO - Sync 1 DAGs
[2026-05-08T11:55:57.322+0000] {logging_mixin.py:188} INFO - [2026-05-08T11:55:57.322+0000] {dag.py:3954} INFO - Setting next_dagrun for dynamic_etl_framework to 2026-05-08 00:00:00+00:00, run_after=2026-05-09 00:00:00+00:00
[2026-05-08T11:55:57.362+0000] {processor.py:183} INFO - Processing /opt/airflow/dags/dynamic_etl_dag.py took 1.191 seconds
[2026-05-08T11:56:27.768+0000] {processor.py:161} INFO - Started process (PID=4975) to work on /opt/airflow/dags/dynamic_etl_dag.py
[2026-05-08T11:56:27.771+0000] {processor.py:830} INFO - Processing file /opt/airflow/dags/dynamic_etl_dag.py for tasks to queue
[2026-05-08T11:56:27.775+0000] {logging_mixin.py:188} INFO - [2026-05-08T11:56:27.774+0000] {dagbag.py:545} INFO - Filling up the DagBag from /opt/airflow/dags/dynamic_etl_dag.py
[2026-05-08T11:56:28.878+0000] {processor.py:840} INFO - DAG(s) 'dynamic_etl_framework' retrieved from /opt/airflow/dags/dynamic_etl_dag.py
[2026-05-08T11:56:29.118+0000] {logging_mixin.py:188} INFO - [2026-05-08T11:56:29.118+0000] {dag.py:3096} INFO - Sync 1 DAGs
[2026-05-08T11:56:29.154+0000] {logging_mixin.py:188} INFO - [2026-05-08T11:56:29.153+0000] {dag.py:3954} INFO - Setting next_dagrun for dynamic_etl_framework to 2026-05-08 00:00:00+00:00, run_after=2026-05-09 00:00:00+00:00
[2026-05-08T11:56:29.203+0000] {processor.py:183} INFO - Processing /opt/airflow/dags/dynamic_etl_dag.py took 1.442 seconds
[2026-05-08T11:56:59.383+0000] {processor.py:161} INFO - Started process (PID=4981) to work on /opt/airflow/dags/dynamic_etl_dag.py
[2026-05-08T11:56:59.385+0000] {processor.py:830} INFO - Processing file /opt/airflow/dags/dynamic_etl_dag.py for tasks to queue
[2026-05-08T11:56:59.389+0000] {logging_mixin.py:188} INFO - [2026-05-08T11:56:59.389+0000] {dagbag.py:545} INFO - Filling up the DagBag from /opt/airflow/dags/dynamic_etl_dag.py
[2026-05-08T11:57:00.402+0000] {processor.py:840} INFO - DAG(s) 'dynamic_etl_framework' retrieved from /opt/airflow/dags/dynamic_etl_dag.py
[2026-05-08T11:57:00.598+0000] {logging_mixin.py:188} INFO - [2026-05-08T11:57:00.598+0000] {dag.py:3096} INFO - Sync 1 DAGs
[2026-05-08T11:57:00.627+0000] {logging_mixin.py:188} INFO - [2026-05-08T11:57:00.627+0000] {dag.py:3954} INFO - Setting next_dagrun for dynamic_etl_framework to 2026-05-08 00:00:00+00:00, run_after=2026-05-09 00:00:00+00:00
[2026-05-08T11:57:00.675+0000] {processor.py:183} INFO - Processing /opt/airflow/dags/dynamic_etl_dag.py took 1.299 seconds
[2026-05-08T11:57:30.960+0000] {processor.py:161} INFO - Started process (PID=4987) to work on /opt/airflow/dags/dynamic_etl_dag.py
[2026-05-08T11:57:30.965+0000] {processor.py:830} INFO - Processing file /opt/airflow/dags/dynamic_etl_dag.py for tasks to queue
[2026-05-08T11:57:30.977+0000] {logging_mixin.py:188} INFO - [2026-05-08T11:57:30.977+0000] {dagbag.py:545} INFO - Filling up the DagBag from /opt/airflow/dags/dynamic_etl_dag.py
[2026-05-08T11:57:31.970+0000] {processor.py:840} INFO - DAG(s) 'dynamic_etl_framework' retrieved from /opt/airflow/dags/dynamic_etl_dag.py
[2026-05-08T11:57:32.181+0000] {logging_mixin.py:188} INFO - [2026-05-08T11:57:32.181+0000] {dag.py:3096} INFO - Sync 1 DAGs
[2026-05-08T11:57:32.214+0000] {logging_mixin.py:188} INFO - [2026-05-08T11:57:32.214+0000] {dag.py:3954} INFO - Setting next_dagrun for dynamic_etl_framework to 2026-05-08 00:00:00+00:00, run_after=2026-05-09 00:00:00+00:00
[2026-05-08T11:57:32.260+0000] {processor.py:183} INFO - Processing /opt/airflow/dags/dynamic_etl_dag.py took 1.311 seconds
[2026-05-08T11:58:02.847+0000] {processor.py:161} INFO - Started process (PID=4993) to work on /opt/airflow/dags/dynamic_etl_dag.py
[2026-05-08T11:58:02.849+0000] {processor.py:830} INFO - Processing file /opt/airflow/dags/dynamic_etl_dag.py for tasks to queue
[2026-05-08T11:58:02.851+0000] {logging_mixin.py:188} INFO - [2026-05-08T11:58:02.851+0000] {dagbag.py:545} INFO - Filling up the DagBag from /opt/airflow/dags/dynamic_etl_dag.py
[2026-05-08T11:58:03.840+0000] {processor.py:840} INFO - DAG(s) 'dynamic_etl_framework' retrieved from /opt/airflow/dags/dynamic_etl_dag.py
[2026-05-08T11:58:04.069+0000] {logging_mixin.py:188} INFO - [2026-05-08T11:58:04.069+0000] {dag.py:3096} INFO - Sync 1 DAGs
[2026-05-08T11:58:04.098+0000] {logging_mixin.py:188} INFO - [2026-05-08T11:58:04.098+0000] {dag.py:3954} INFO - Setting next_dagrun for dynamic_etl_framework to 2026-05-08 00:00:00+00:00, run_after=2026-05-09 00:00:00+00:00
[2026-05-08T11:58:04.146+0000] {processor.py:183} INFO - Processing /opt/airflow/dags/dynamic_etl_dag.py took 1.306 seconds
[2026-05-08T11:58:34.392+0000] {processor.py:161} INFO - Started process (PID=4999) to work on /opt/airflow/dags/dynamic_etl_dag.py
[2026-05-08T11:58:34.397+0000] {processor.py:830} INFO - Processing file /opt/airflow/dags/dynamic_etl_dag.py for tasks to queue
[2026-05-08T11:58:34.405+0000] {logging_mixin.py:188} INFO - [2026-05-08T11:58:34.404+0000] {dagbag.py:545} INFO - Filling up the DagBag from /opt/airflow/dags/dynamic_etl_dag.py
[2026-05-08T11:58:35.489+0000] {processor.py:840} INFO - DAG(s) 'dynamic_etl_framework' retrieved from /opt/airflow/dags/dynamic_etl_dag.py
[2026-05-08T11:58:35.691+0000] {logging_mixin.py:188} INFO - [2026-05-08T11:58:35.690+0000] {dag.py:3096} INFO - Sync 1 DAGs
[2026-05-08T11:58:35.726+0000] {logging_mixin.py:188} INFO - [2026-05-08T11:58:35.725+0000] {dag.py:3954} INFO - Setting next_dagrun for dynamic_etl_framework to 2026-05-08 00:00:00+00:00, run_after=2026-05-09 00:00:00+00:00
[2026-05-08T11:58:35.778+0000] {processor.py:183} INFO - Processing /opt/airflow/dags/dynamic_etl_dag.py took 1.402 seconds
[2026-05-08T11:59:06.191+0000] {processor.py:161} INFO - Started process (PID=5005) to work on /opt/airflow/dags/dynamic_etl_dag.py
[2026-05-08T11:59:06.193+0000] {processor.py:830} INFO - Processing file /opt/airflow/dags/dynamic_etl_dag.py for tasks to queue
[2026-05-08T11:59:06.195+0000] {logging_mixin.py:188} INFO - [2026-05-08T11:59:06.195+0000] {dagbag.py:545} INFO - Filling up the DagBag from /opt/airflow/dags/dynamic_etl_dag.py
[2026-05-08T11:59:07.182+0000] {processor.py:840} INFO - DAG(s) 'dynamic_etl_framework' retrieved from /opt/airflow/dags/dynamic_etl_dag.py
[2026-05-08T11:59:07.374+0000] {logging_mixin.py:188} INFO - [2026-05-08T11:59:07.373+0000] {dag.py:3096} INFO - Sync 1 DAGs
[2026-05-08T11:59:07.400+0000] {logging_mixin.py:188} INFO - [2026-05-08T11:59:07.400+0000] {dag.py:3954} INFO - Setting next_dagrun for dynamic_etl_framework to 2026-05-08 00:00:00+00:00, run_after=2026-05-09 00:00:00+00:00
[2026-05-08T11:59:07.441+0000] {processor.py:183} INFO - Processing /opt/airflow/dags/dynamic_etl_dag.py took 1.257 seconds
[2026-05-08T11:59:37.757+0000] {processor.py:161} INFO - Started process (PID=5011) to work on /opt/airflow/dags/dynamic_etl_dag.py
[2026-05-08T11:59:37.760+0000] {processor.py:830} INFO - Processing file /opt/airflow/dags/dynamic_etl_dag.py for tasks to queue
[2026-05-08T11:59:37.762+0000] {logging_mixin.py:188} INFO - [2026-05-08T11:59:37.762+0000] {dagbag.py:545} INFO - Filling up the DagBag from /opt/airflow/dags/dynamic_etl_dag.py
[2026-05-08T11:59:38.865+0000] {processor.py:840} INFO - DAG(s) 'dynamic_etl_framework' retrieved from /opt/airflow/dags/dynamic_etl_dag.py
[2026-05-08T11:59:39.069+0000] {logging_mixin.py:188} INFO - [2026-05-08T11:59:39.068+0000] {dag.py:3096} INFO - Sync 1 DAGs
[2026-05-08T11:59:39.112+0000] {logging_mixin.py:188} INFO - [2026-05-08T11:59:39.111+0000] {dag.py:3954} INFO - Setting next_dagrun for dynamic_etl_framework to 2026-05-08 00:00:00+00:00, run_after=2026-05-09 00:00:00+00:00
[2026-05-08T11:59:39.167+0000] {processor.py:183} INFO - Processing /opt/airflow/dags/dynamic_etl_dag.py took 1.417 seconds
[2026-05-08T12:00:09.510+0000] {processor.py:161} INFO - Started process (PID=5017) to work on /opt/airflow/dags/dynamic_etl_dag.py
[2026-05-08T12:00:09.512+0000] {processor.py:830} INFO - Processing file /opt/airflow/dags/dynamic_etl_dag.py for tasks to queue
[2026-05-08T12:00:09.514+0000] {logging_mixin.py:188} INFO - [2026-05-08T12:00:09.514+0000] {dagbag.py:545} INFO - Filling up the DagBag from /opt/airflow/dags/dynamic_etl_dag.py
[2026-05-08T12:00:10.481+0000] {processor.py:840} INFO - DAG(s) 'dynamic_etl_framework' retrieved from /opt/airflow/dags/dynamic_etl_dag.py
[2026-05-08T12:00:10.685+0000] {logging_mixin.py:188} INFO - [2026-05-08T12:00:10.682+0000] {dag.py:3096} INFO - Sync 1 DAGs
[2026-05-08T12:00:10.722+0000] {logging_mixin.py:188} INFO - [2026-05-08T12:00:10.722+0000] {dag.py:3954} INFO - Setting next_dagrun for dynamic_etl_framework to 2026-05-08 00:00:00+00:00, run_after=2026-05-09 00:00:00+00:00
[2026-05-08T12:00:10.778+0000] {processor.py:183} INFO - Processing /opt/airflow/dags/dynamic_etl_dag.py took 1.276 seconds
[2026-05-08T12:00:41.259+0000] {processor.py:161} INFO - Started process (PID=5023) to work on /opt/airflow/dags/dynamic_etl_dag.py
[2026-05-08T12:00:41.261+0000] {processor.py:830} INFO - Processing file /opt/airflow/dags/dynamic_etl_dag.py for tasks to queue
[2026-05-08T12:00:41.263+0000] {logging_mixin.py:188} INFO - [2026-05-08T12:00:41.263+0000] {dagbag.py:545} INFO - Filling up the DagBag from /opt/airflow/dags/dynamic_etl_dag.py
[2026-05-08T12:00:42.331+0000] {processor.py:840} INFO - DAG(s) 'dynamic_etl_framework' retrieved from /opt/airflow/dags/dynamic_etl_dag.py
[2026-05-08T12:00:42.528+0000] {logging_mixin.py:188} INFO - [2026-05-08T12:00:42.527+0000] {dag.py:3096} INFO - Sync 1 DAGs
[2026-05-08T12:00:42.558+0000] {logging_mixin.py:188} INFO - [2026-05-08T12:00:42.557+0000] {dag.py:3954} INFO - Setting next_dagrun for dynamic_etl_framework to 2026-05-08 00:00:00+00:00, run_after=2026-05-09 00:00:00+00:00
[2026-05-08T12:00:42.600+0000] {processor.py:183} INFO - Processing /opt/airflow/dags/dynamic_etl_dag.py took 1.348 seconds
[2026-05-08T12:01:13.144+0000] {processor.py:161} INFO - Started process (PID=5029) to work on /opt/airflow/dags/dynamic_etl_dag.py
[2026-05-08T12:01:13.147+0000] {processor.py:830} INFO - Processing file /opt/airflow/dags/dynamic_etl_dag.py for tasks to queue
[2026-05-08T12:01:13.150+0000] {logging_mixin.py:188} INFO - [2026-05-08T12:01:13.150+0000] {dagbag.py:545} INFO - Filling up the DagBag from /opt/airflow/dags/dynamic_etl_dag.py
[2026-05-08T12:01:14.535+0000] {processor.py:840} INFO - DAG(s) 'dynamic_etl_framework' retrieved from /opt/airflow/dags/dynamic_etl_dag.py
[2026-05-08T12:01:14.736+0000] {logging_mixin.py:188} INFO - [2026-05-08T12:01:14.735+0000] {dag.py:3096} INFO - Sync 1 DAGs
[2026-05-08T12:01:14.764+0000] {logging_mixin.py:188} INFO - [2026-05-08T12:01:14.763+0000] {dag.py:3954} INFO - Setting next_dagrun for dynamic_etl_framework to 2026-05-08 00:00:00+00:00, run_after=2026-05-09 00:00:00+00:00
[2026-05-08T12:01:14.809+0000] {processor.py:183} INFO - Processing /opt/airflow/dags/dynamic_etl_dag.py took 1.674 seconds
[2026-05-08T12:01:45.695+0000] {processor.py:161} INFO - Started process (PID=5035) to work on /opt/airflow/dags/dynamic_etl_dag.py
[2026-05-08T12:01:45.697+0000] {processor.py:830} INFO - Processing file /opt/airflow/dags/dynamic_etl_dag.py for tasks to queue
[2026-05-08T12:01:45.702+0000] {logging_mixin.py:188} INFO - [2026-05-08T12:01:45.702+0000] {dagbag.py:545} INFO - Filling up the DagBag from /opt/airflow/dags/dynamic_etl_dag.py
[2026-05-08T12:01:46.724+0000] {processor.py:840} INFO - DAG(s) 'dynamic_etl_framework' retrieved from /opt/airflow/dags/dynamic_etl_dag.py
[2026-05-08T12:01:46.973+0000] {logging_mixin.py:188} INFO - [2026-05-08T12:01:46.973+0000] {dag.py:3096} INFO - Sync 1 DAGs
[2026-05-08T12:01:47.003+0000] {logging_mixin.py:188} INFO - [2026-05-08T12:01:47.003+0000] {dag.py:3954} INFO - Setting next_dagrun for dynamic_etl_framework to 2026-05-08 00:00:00+00:00, run_after=2026-05-09 00:00:00+00:00
[2026-05-08T12:01:47.044+0000] {processor.py:183} INFO - Processing /opt/airflow/dags/dynamic_etl_dag.py took 1.360 seconds
[2026-05-08T12:02:17.378+0000] {processor.py:161} INFO - Started process (PID=5041) to work on /opt/airflow/dags/dynamic_etl_dag.py
[2026-05-08T12:02:17.380+0000] {processor.py:830} INFO - Processing file /opt/airflow/dags/dynamic_etl_dag.py for tasks to queue
[2026-05-08T12:02:17.383+0000] {logging_mixin.py:188} INFO - [2026-05-08T12:02:17.382+0000] {dagbag.py:545} INFO - Filling up the DagBag from /opt/airflow/dags/dynamic_etl_dag.py
[2026-05-08T12:02:18.730+0000] {processor.py:840} INFO - DAG(s) 'dynamic_etl_framework' retrieved from /opt/airflow/dags/dynamic_etl_dag.py
[2026-05-08T12:02:19.039+0000] {logging_mixin.py:188} INFO - [2026-05-08T12:02:19.039+0000] {dag.py:3096} INFO - Sync 1 DAGs
[2026-05-08T12:02:19.080+0000] {logging_mixin.py:188} INFO - [2026-05-08T12:02:19.080+0000] {dag.py:3954} INFO - Setting next_dagrun for dynamic_etl_framework to 2026-05-08 00:00:00+00:00, run_after=2026-05-09 00:00:00+00:00
[2026-05-08T12:02:19.168+0000] {processor.py:183} INFO - Processing /opt/airflow/dags/dynamic_etl_dag.py took 1.797 seconds
[2026-05-08T12:02:49.246+0000] {processor.py:161} INFO - Started process (PID=5047) to work on /opt/airflow/dags/dynamic_etl_dag.py
[2026-05-08T12:02:49.247+0000] {processor.py:830} INFO - Processing file /opt/airflow/dags/dynamic_etl_dag.py for tasks to queue
[2026-05-08T12:02:49.250+0000] {logging_mixin.py:188} INFO - [2026-05-08T12:02:49.249+0000] {dagbag.py:545} INFO - Filling up the DagBag from /opt/airflow/dags/dynamic_etl_dag.py
[2026-05-08T12:02:50.229+0000] {processor.py:840} INFO - DAG(s) 'dynamic_etl_framework' retrieved from /opt/airflow/dags/dynamic_etl_dag.py
[2026-05-08T12:02:50.431+0000] {logging_mixin.py:188} INFO - [2026-05-08T12:02:50.430+0000] {dag.py:3096} INFO - Sync 1 DAGs
[2026-05-08T12:02:50.464+0000] {logging_mixin.py:188} INFO - [2026-05-08T12:02:50.464+0000] {dag.py:3954} INFO - Setting next_dagrun for dynamic_etl_framework to 2026-05-08 00:00:00+00:00, run_after=2026-05-09 00:00:00+00:00
[2026-05-08T12:02:50.519+0000] {processor.py:183} INFO - Processing /opt/airflow/dags/dynamic_etl_dag.py took 1.280 seconds
[2026-05-08T12:03:20.746+0000] {processor.py:161} INFO - Started process (PID=5053) to work on /opt/airflow/dags/dynamic_etl_dag.py
[2026-05-08T12:03:20.758+0000] {processor.py:830} INFO - Processing file /opt/airflow/dags/dynamic_etl_dag.py for tasks to queue
[2026-05-08T12:03:20.765+0000] {logging_mixin.py:188} INFO - [2026-05-08T12:03:20.764+0000] {dagbag.py:545} INFO - Filling up the DagBag from /opt/airflow/dags/dynamic_etl_dag.py
[2026-05-08T12:03:21.726+0000] {processor.py:840} INFO - DAG(s) 'dynamic_etl_framework' retrieved from /opt/airflow/dags/dynamic_etl_dag.py
[2026-05-08T12:03:22.010+0000] {logging_mixin.py:188} INFO - [2026-05-08T12:03:22.008+0000] {dag.py:3096} INFO - Sync 1 DAGs
[2026-05-08T12:03:22.036+0000] {logging_mixin.py:188} INFO - [2026-05-08T12:03:22.036+0000] {dag.py:3954} INFO - Setting next_dagrun for dynamic_etl_framework to 2026-05-08 00:00:00+00:00, run_after=2026-05-09 00:00:00+00:00
[2026-05-08T12:03:22.080+0000] {processor.py:183} INFO - Processing /opt/airflow/dags/dynamic_etl_dag.py took 1.340 seconds
[2026-05-08T12:03:52.830+0000] {processor.py:161} INFO - Started process (PID=5059) to work on /opt/airflow/dags/dynamic_etl_dag.py
[2026-05-08T12:03:52.832+0000] {processor.py:830} INFO - Processing file /opt/airflow/dags/dynamic_etl_dag.py for tasks to queue
[2026-05-08T12:03:52.835+0000] {logging_mixin.py:188} INFO - [2026-05-08T12:03:52.835+0000] {dagbag.py:545} INFO - Filling up the DagBag from /opt/airflow/dags/dynamic_etl_dag.py
[2026-05-08T12:03:53.881+0000] {processor.py:840} INFO - DAG(s) 'dynamic_etl_framework' retrieved from /opt/airflow/dags/dynamic_etl_dag.py
[2026-05-08T12:03:54.103+0000] {logging_mixin.py:188} INFO - [2026-05-08T12:03:54.102+0000] {dag.py:3096} INFO - Sync 1 DAGs
[2026-05-08T12:03:54.132+0000] {logging_mixin.py:188} INFO - [2026-05-08T12:03:54.132+0000] {dag.py:3954} INFO - Setting next_dagrun for dynamic_etl_framework to 2026-05-08 00:00:00+00:00, run_after=2026-05-09 00:00:00+00:00
[2026-05-08T12:03:54.186+0000] {processor.py:183} INFO - Processing /opt/airflow/dags/dynamic_etl_dag.py took 1.362 seconds
[2026-05-08T12:04:24.351+0000] {processor.py:161} INFO - Started process (PID=5065) to work on /opt/airflow/dags/dynamic_etl_dag.py
[2026-05-08T12:04:24.353+0000] {processor.py:830} INFO - Processing file /opt/airflow/dags/dynamic_etl_dag.py for tasks to queue
[2026-05-08T12:04:24.356+0000] {logging_mixin.py:188} INFO - [2026-05-08T12:04:24.355+0000] {dagbag.py:545} INFO - Filling up the DagBag from /opt/airflow/dags/dynamic_etl_dag.py
[2026-05-08T12:04:25.650+0000] {processor.py:840} INFO - DAG(s) 'dynamic_etl_framework' retrieved from /opt/airflow/dags/dynamic_etl_dag.py
[2026-05-08T12:04:25.868+0000] {logging_mixin.py:188} INFO - [2026-05-08T12:04:25.868+0000] {dag.py:3096} INFO - Sync 1 DAGs
[2026-05-08T12:04:25.899+0000] {logging_mixin.py:188} INFO - [2026-05-08T12:04:25.899+0000] {dag.py:3954} INFO - Setting next_dagrun for dynamic_etl_framework to 2026-05-08 00:00:00+00:00, run_after=2026-05-09 00:00:00+00:00
[2026-05-08T12:04:25.960+0000] {processor.py:183} INFO - Processing /opt/airflow/dags/dynamic_etl_dag.py took 1.615 seconds
[2026-05-08T12:04:56.492+0000] {processor.py:161} INFO - Started process (PID=5071) to work on /opt/airflow/dags/dynamic_etl_dag.py
[2026-05-08T12:04:56.494+0000] {processor.py:830} INFO - Processing file /opt/airflow/dags/dynamic_etl_dag.py for tasks to queue
[2026-05-08T12:04:56.496+0000] {logging_mixin.py:188} INFO - [2026-05-08T12:04:56.496+0000] {dagbag.py:545} INFO - Filling up the DagBag from /opt/airflow/dags/dynamic_etl_dag.py
[2026-05-08T12:04:57.472+0000] {processor.py:840} INFO - DAG(s) 'dynamic_etl_framework' retrieved from /opt/airflow/dags/dynamic_etl_dag.py
[2026-05-08T12:04:57.680+0000] {logging_mixin.py:188} INFO - [2026-05-08T12:04:57.679+0000] {dag.py:3096} INFO - Sync 1 DAGs
[2026-05-08T12:04:57.706+0000] {logging_mixin.py:188} INFO - [2026-05-08T12:04:57.706+0000] {dag.py:3954} INFO - Setting next_dagrun for dynamic_etl_framework to 2026-05-08 00:00:00+00:00, run_after=2026-05-09 00:00:00+00:00
[2026-05-08T12:04:57.747+0000] {processor.py:183} INFO - Processing /opt/airflow/dags/dynamic_etl_dag.py took 1.260 seconds
[2026-05-08T12:05:28.250+0000] {processor.py:161} INFO - Started process (PID=5077) to work on /opt/airflow/dags/dynamic_etl_dag.py
[2026-05-08T12:05:28.252+0000] {processor.py:830} INFO - Processing file /opt/airflow/dags/dynamic_etl_dag.py for tasks to queue
[2026-05-08T12:05:28.255+0000] {logging_mixin.py:188} INFO - [2026-05-08T12:05:28.255+0000] {dagbag.py:545} INFO - Filling up the DagBag from /opt/airflow/dags/dynamic_etl_dag.py
[2026-05-08T12:05:29.291+0000] {processor.py:840} INFO - DAG(s) 'dynamic_etl_framework' retrieved from /opt/airflow/dags/dynamic_etl_dag.py
[2026-05-08T12:05:29.540+0000] {logging_mixin.py:188} INFO - [2026-05-08T12:05:29.539+0000] {dag.py:3096} INFO - Sync 1 DAGs
[2026-05-08T12:05:29.576+0000] {logging_mixin.py:188} INFO - [2026-05-08T12:05:29.576+0000] {dag.py:3954} INFO - Setting next_dagrun for dynamic_etl_framework to 2026-05-08 00:00:00+00:00, run_after=2026-05-09 00:00:00+00:00
[2026-05-08T12:05:29.629+0000] {processor.py:183} INFO - Processing /opt/airflow/dags/dynamic_etl_dag.py took 1.387 seconds
[2026-05-08T12:05:59.869+0000] {processor.py:161} INFO - Started process (PID=5083) to work on /opt/airflow/dags/dynamic_etl_dag.py
[2026-05-08T12:05:59.870+0000] {processor.py:830} INFO - Processing file /opt/airflow/dags/dynamic_etl_dag.py for tasks to queue
[2026-05-08T12:05:59.875+0000] {logging_mixin.py:188} INFO - [2026-05-08T12:05:59.875+0000] {dagbag.py:545} INFO - Filling up the DagBag from /opt/airflow/dags/dynamic_etl_dag.py
[2026-05-08T12:06:00.803+0000] {processor.py:840} INFO - DAG(s) 'dynamic_etl_framework' retrieved from /opt/airflow/dags/dynamic_etl_dag.py
[2026-05-08T12:06:01.023+0000] {logging_mixin.py:188} INFO - [2026-05-08T12:06:01.022+0000] {dag.py:3096} INFO - Sync 1 DAGs
[2026-05-08T12:06:01.066+0000] {logging_mixin.py:188} INFO - [2026-05-08T12:06:01.066+0000] {dag.py:3954} INFO - Setting next_dagrun for dynamic_etl_framework to 2026-05-08 00:00:00+00:00, run_after=2026-05-09 00:00:00+00:00
[2026-05-08T12:06:01.119+0000] {processor.py:183} INFO - Processing /opt/airflow/dags/dynamic_etl_dag.py took 1.256 seconds
[2026-05-08T12:06:31.428+0000] {processor.py:161} INFO - Started process (PID=5089) to work on /opt/airflow/dags/dynamic_etl_dag.py
[2026-05-08T12:06:31.430+0000] {processor.py:830} INFO - Processing file /opt/airflow/dags/dynamic_etl_dag.py for tasks to queue
[2026-05-08T12:06:31.434+0000] {logging_mixin.py:188} INFO - [2026-05-08T12:06:31.434+0000] {dagbag.py:545} INFO - Filling up the DagBag from /opt/airflow/dags/dynamic_etl_dag.py
[2026-05-08T12:06:32.477+0000] {processor.py:840} INFO - DAG(s) 'dynamic_etl_framework' retrieved from /opt/airflow/dags/dynamic_etl_dag.py
[2026-05-08T12:06:32.710+0000] {logging_mixin.py:188} INFO - [2026-05-08T12:06:32.708+0000] {dag.py:3096} INFO - Sync 1 DAGs
[2026-05-08T12:06:32.738+0000] {logging_mixin.py:188} INFO - [2026-05-08T12:06:32.737+0000] {dag.py:3954} INFO - Setting next_dagrun for dynamic_etl_framework to 2026-05-08 00:00:00+00:00, run_after=2026-05-09 00:00:00+00:00
[2026-05-08T12:06:32.782+0000] {processor.py:183} INFO - Processing /opt/airflow/dags/dynamic_etl_dag.py took 1.363 seconds
[2026-05-08T12:07:03.166+0000] {processor.py:161} INFO - Started process (PID=5095) to work on /opt/airflow/dags/dynamic_etl_dag.py
[2026-05-08T12:07:03.168+0000] {processor.py:830} INFO - Processing file /opt/airflow/dags/dynamic_etl_dag.py for tasks to queue
[2026-05-08T12:07:03.174+0000] {logging_mixin.py:188} INFO - [2026-05-08T12:07:03.173+0000] {dagbag.py:545} INFO - Filling up the DagBag from /opt/airflow/dags/dynamic_etl_dag.py
[2026-05-08T12:07:04.081+0000] {processor.py:840} INFO - DAG(s) 'dynamic_etl_framework' retrieved from /opt/airflow/dags/dynamic_etl_dag.py
[2026-05-08T12:07:04.313+0000] {logging_mixin.py:188} INFO - [2026-05-08T12:07:04.312+0000] {dag.py:3096} INFO - Sync 1 DAGs
[2026-05-08T12:07:04.340+0000] {logging_mixin.py:188} INFO - [2026-05-08T12:07:04.340+0000] {dag.py:3954} INFO - Setting next_dagrun for dynamic_etl_framework to 2026-05-08 00:00:00+00:00, run_after=2026-05-09 00:00:00+00:00
[2026-05-08T12:07:04.394+0000] {processor.py:183} INFO - Processing /opt/airflow/dags/dynamic_etl_dag.py took 1.237 seconds
[2026-05-08T12:07:34.904+0000] {processor.py:161} INFO - Started process (PID=5101) to work on /opt/airflow/dags/dynamic_etl_dag.py
[2026-05-08T12:07:34.906+0000] {processor.py:830} INFO - Processing file /opt/airflow/dags/dynamic_etl_dag.py for tasks to queue
[2026-05-08T12:07:34.909+0000] {logging_mixin.py:188} INFO - [2026-05-08T12:07:34.908+0000] {dagbag.py:545} INFO - Filling up the DagBag from /opt/airflow/dags/dynamic_etl_dag.py
[2026-05-08T12:07:35.901+0000] {processor.py:840} INFO - DAG(s) 'dynamic_etl_framework' retrieved from /opt/airflow/dags/dynamic_etl_dag.py
[2026-05-08T12:07:36.117+0000] {logging_mixin.py:188} INFO - [2026-05-08T12:07:36.117+0000] {dag.py:3096} INFO - Sync 1 DAGs
[2026-05-08T12:07:36.146+0000] {logging_mixin.py:188} INFO - [2026-05-08T12:07:36.145+0000] {dag.py:3954} INFO - Setting next_dagrun for dynamic_etl_framework to 2026-05-08 00:00:00+00:00, run_after=2026-05-09 00:00:00+00:00
[2026-05-08T12:07:36.184+0000] {processor.py:183} INFO - Processing /opt/airflow/dags/dynamic_etl_dag.py took 1.286 seconds
[2026-05-08T12:08:06.521+0000] {processor.py:161} INFO - Started process (PID=5107) to work on /opt/airflow/dags/dynamic_etl_dag.py
[2026-05-08T12:08:06.524+0000] {processor.py:830} INFO - Processing file /opt/airflow/dags/dynamic_etl_dag.py for tasks to queue
[2026-05-08T12:08:06.531+0000] {logging_mixin.py:188} INFO - [2026-05-08T12:08:06.530+0000] {dagbag.py:545} INFO - Filling up the DagBag from /opt/airflow/dags/dynamic_etl_dag.py
[2026-05-08T12:08:07.717+0000] {processor.py:840} INFO - DAG(s) 'dynamic_etl_framework' retrieved from /opt/airflow/dags/dynamic_etl_dag.py
[2026-05-08T12:08:07.914+0000] {logging_mixin.py:188} INFO - [2026-05-08T12:08:07.914+0000] {dag.py:3096} INFO - Sync 1 DAGs
[2026-05-08T12:08:07.943+0000] {logging_mixin.py:188} INFO - [2026-05-08T12:08:07.943+0000] {dag.py:3954} INFO - Setting next_dagrun for dynamic_etl_framework to 2026-05-08 00:00:00+00:00, run_after=2026-05-09 00:00:00+00:00
[2026-05-08T12:08:07.992+0000] {processor.py:183} INFO - Processing /opt/airflow/dags/dynamic_etl_dag.py took 1.484 seconds
[2026-05-08T12:08:38.563+0000] {processor.py:161} INFO - Started process (PID=5113) to work on /opt/airflow/dags/dynamic_etl_dag.py
[2026-05-08T12:08:38.567+0000] {processor.py:830} INFO - Processing file /opt/airflow/dags/dynamic_etl_dag.py for tasks to queue
[2026-05-08T12:08:38.571+0000] {logging_mixin.py:188} INFO - [2026-05-08T12:08:38.571+0000] {dagbag.py:545} INFO - Filling up the DagBag from /opt/airflow/dags/dynamic_etl_dag.py
[2026-05-08T12:08:39.702+0000] {processor.py:840} INFO - DAG(s) 'dynamic_etl_framework' retrieved from /opt/airflow/dags/dynamic_etl_dag.py
[2026-05-08T12:08:39.929+0000] {logging_mixin.py:188} INFO - [2026-05-08T12:08:39.928+0000] {dag.py:3096} INFO - Sync 1 DAGs
[2026-05-08T12:08:39.974+0000] {logging_mixin.py:188} INFO - [2026-05-08T12:08:39.974+0000] {dag.py:3954} INFO - Setting next_dagrun for dynamic_etl_framework to 2026-05-08 00:00:00+00:00, run_after=2026-05-09 00:00:00+00:00
[2026-05-08T12:08:40.037+0000] {processor.py:183} INFO - Processing /opt/airflow/dags/dynamic_etl_dag.py took 1.490 seconds
[2026-05-08T12:09:10.149+0000] {processor.py:161} INFO - Started process (PID=5119) to work on /opt/airflow/dags/dynamic_etl_dag.py
[2026-05-08T12:09:10.151+0000] {processor.py:830} INFO - Processing file /opt/airflow/dags/dynamic_etl_dag.py for tasks to queue
[2026-05-08T12:09:10.154+0000] {logging_mixin.py:188} INFO - [2026-05-08T12:09:10.153+0000] {dagbag.py:545} INFO - Filling up the DagBag from /opt/airflow/dags/dynamic_etl_dag.py
[2026-05-08T12:09:11.223+0000] {processor.py:840} INFO - DAG(s) 'dynamic_etl_framework' retrieved from /opt/airflow/dags/dynamic_etl_dag.py
[2026-05-08T12:09:11.440+0000] {logging_mixin.py:188} INFO - [2026-05-08T12:09:11.439+0000] {dag.py:3096} INFO - Sync 1 DAGs
[2026-05-08T12:09:11.481+0000] {logging_mixin.py:188} INFO - [2026-05-08T12:09:11.480+0000] {dag.py:3954} INFO - Setting next_dagrun for dynamic_etl_framework to 2026-05-08 00:00:00+00:00, run_after=2026-05-09 00:00:00+00:00
[2026-05-08T12:09:11.545+0000] {processor.py:183} INFO - Processing /opt/airflow/dags/dynamic_etl_dag.py took 1.402 seconds
[2026-05-08T12:09:41.659+0000] {processor.py:161} INFO - Started process (PID=5125) to work on /opt/airflow/dags/dynamic_etl_dag.py
[2026-05-08T12:09:41.661+0000] {processor.py:830} INFO - Processing file /opt/airflow/dags/dynamic_etl_dag.py for tasks to queue
[2026-05-08T12:09:41.665+0000] {logging_mixin.py:188} INFO - [2026-05-08T12:09:41.664+0000] {dagbag.py:545} INFO - Filling up the DagBag from /opt/airflow/dags/dynamic_etl_dag.py
[2026-05-08T12:09:42.767+0000] {processor.py:840} INFO - DAG(s) 'dynamic_etl_framework' retrieved from /opt/airflow/dags/dynamic_etl_dag.py
[2026-05-08T12:09:42.982+0000] {logging_mixin.py:188} INFO - [2026-05-08T12:09:42.982+0000] {dag.py:3096} INFO - Sync 1 DAGs
[2026-05-08T12:09:43.011+0000] {logging_mixin.py:188} INFO - [2026-05-08T12:09:43.011+0000] {dag.py:3954} INFO - Setting next_dagrun for dynamic_etl_framework to 2026-05-08 00:00:00+00:00, run_after=2026-05-09 00:00:00+00:00
[2026-05-08T12:09:43.061+0000] {processor.py:183} INFO - Processing /opt/airflow/dags/dynamic_etl_dag.py took 1.409 seconds
[2026-05-08T12:10:13.528+0000] {processor.py:161} INFO - Started process (PID=5131) to work on /opt/airflow/dags/dynamic_etl_dag.py
[2026-05-08T12:10:13.531+0000] {processor.py:830} INFO - Processing file /opt/airflow/dags/dynamic_etl_dag.py for tasks to queue
[2026-05-08T12:10:13.535+0000] {logging_mixin.py:188} INFO - [2026-05-08T12:10:13.534+0000] {dagbag.py:545} INFO - Filling up the DagBag from /opt/airflow/dags/dynamic_etl_dag.py
[2026-05-08T12:10:14.613+0000] {processor.py:840} INFO - DAG(s) 'dynamic_etl_framework' retrieved from /opt/airflow/dags/dynamic_etl_dag.py
[2026-05-08T12:10:14.813+0000] {logging_mixin.py:188} INFO - [2026-05-08T12:10:14.812+0000] {dag.py:3096} INFO - Sync 1 DAGs
[2026-05-08T12:10:14.842+0000] {logging_mixin.py:188} INFO - [2026-05-08T12:10:14.842+0000] {dag.py:3954} INFO - Setting next_dagrun for dynamic_etl_framework to 2026-05-08 00:00:00+00:00, run_after=2026-05-09 00:00:00+00:00
[2026-05-08T12:10:14.899+0000] {processor.py:183} INFO - Processing /opt/airflow/dags/dynamic_etl_dag.py took 1.383 seconds
[2026-05-08T12:10:45.244+0000] {processor.py:161} INFO - Started process (PID=5137) to work on /opt/airflow/dags/dynamic_etl_dag.py
[2026-05-08T12:10:45.246+0000] {processor.py:830} INFO - Processing file /opt/airflow/dags/dynamic_etl_dag.py for tasks to queue
[2026-05-08T12:10:45.249+0000] {logging_mixin.py:188} INFO - [2026-05-08T12:10:45.249+0000] {dagbag.py:545} INFO - Filling up the DagBag from /opt/airflow/dags/dynamic_etl_dag.py
[2026-05-08T12:10:46.685+0000] {processor.py:840} INFO - DAG(s) 'dynamic_etl_framework' retrieved from /opt/airflow/dags/dynamic_etl_dag.py
[2026-05-08T12:10:47.088+0000] {logging_mixin.py:188} INFO - [2026-05-08T12:10:47.086+0000] {dag.py:3096} INFO - Sync 1 DAGs
[2026-05-08T12:10:47.158+0000] {logging_mixin.py:188} INFO - [2026-05-08T12:10:47.157+0000] {dag.py:3954} INFO - Setting next_dagrun for dynamic_etl_framework to 2026-05-08 00:00:00+00:00, run_after=2026-05-09 00:00:00+00:00
[2026-05-08T12:10:47.241+0000] {processor.py:183} INFO - Processing /opt/airflow/dags/dynamic_etl_dag.py took 2.006 seconds
[2026-05-08T12:11:17.690+0000] {processor.py:161} INFO - Started process (PID=5143) to work on /opt/airflow/dags/dynamic_etl_dag.py
[2026-05-08T12:11:17.692+0000] {processor.py:830} INFO - Processing file /opt/airflow/dags/dynamic_etl_dag.py for tasks to queue
[2026-05-08T12:11:17.695+0000] {logging_mixin.py:188} INFO - [2026-05-08T12:11:17.694+0000] {dagbag.py:545} INFO - Filling up the DagBag from /opt/airflow/dags/dynamic_etl_dag.py
[2026-05-08T12:11:18.784+0000] {processor.py:840} INFO - DAG(s) 'dynamic_etl_framework' retrieved from /opt/airflow/dags/dynamic_etl_dag.py
[2026-05-08T12:11:18.988+0000] {logging_mixin.py:188} INFO - [2026-05-08T12:11:18.987+0000] {dag.py:3096} INFO - Sync 1 DAGs
[2026-05-08T12:11:19.016+0000] {logging_mixin.py:188} INFO - [2026-05-08T12:11:19.015+0000] {dag.py:3954} INFO - Setting next_dagrun for dynamic_etl_framework to 2026-05-08 00:00:00+00:00, run_after=2026-05-09 00:00:00+00:00
[2026-05-08T12:11:19.059+0000] {processor.py:183} INFO - Processing /opt/airflow/dags/dynamic_etl_dag.py took 1.387 seconds
[2026-05-08T12:11:49.315+0000] {processor.py:161} INFO - Started process (PID=5149) to work on /opt/airflow/dags/dynamic_etl_dag.py
[2026-05-08T12:11:49.317+0000] {processor.py:830} INFO - Processing file /opt/airflow/dags/dynamic_etl_dag.py for tasks to queue
[2026-05-08T12:11:49.321+0000] {logging_mixin.py:188} INFO - [2026-05-08T12:11:49.321+0000] {dagbag.py:545} INFO - Filling up the DagBag from /opt/airflow/dags/dynamic_etl_dag.py
[2026-05-08T12:11:50.413+0000] {processor.py:840} INFO - DAG(s) 'dynamic_etl_framework' retrieved from /opt/airflow/dags/dynamic_etl_dag.py
[2026-05-08T12:11:50.616+0000] {logging_mixin.py:188} INFO - [2026-05-08T12:11:50.615+0000] {dag.py:3096} INFO - Sync 1 DAGs
[2026-05-08T12:11:50.649+0000] {logging_mixin.py:188} INFO - [2026-05-08T12:11:50.648+0000] {dag.py:3954} INFO - Setting next_dagrun for dynamic_etl_framework to 2026-05-08 00:00:00+00:00, run_after=2026-05-09 00:00:00+00:00
[2026-05-08T12:11:50.695+0000] {processor.py:183} INFO - Processing /opt/airflow/dags/dynamic_etl_dag.py took 1.392 seconds
[2026-05-08T12:12:21.155+0000] {processor.py:161} INFO - Started process (PID=5155) to work on /opt/airflow/dags/dynamic_etl_dag.py
[2026-05-08T12:12:21.164+0000] {processor.py:830} INFO - Processing file /opt/airflow/dags/dynamic_etl_dag.py for tasks to queue
[2026-05-08T12:12:21.169+0000] {logging_mixin.py:188} INFO - [2026-05-08T12:12:21.168+0000] {dagbag.py:545} INFO - Filling up the DagBag from /opt/airflow/dags/dynamic_etl_dag.py
[2026-05-08T12:12:22.254+0000] {processor.py:840} INFO - DAG(s) 'dynamic_etl_framework' retrieved from /opt/airflow/dags/dynamic_etl_dag.py
[2026-05-08T12:12:22.472+0000] {logging_mixin.py:188} INFO - [2026-05-08T12:12:22.472+0000] {dag.py:3096} INFO - Sync 1 DAGs
[2026-05-08T12:12:22.509+0000] {logging_mixin.py:188} INFO - [2026-05-08T12:12:22.509+0000] {dag.py:3954} INFO - Setting next_dagrun for dynamic_etl_framework to 2026-05-08 00:00:00+00:00, run_after=2026-05-09 00:00:00+00:00
[2026-05-08T12:12:22.565+0000] {processor.py:183} INFO - Processing /opt/airflow/dags/dynamic_etl_dag.py took 1.418 seconds
[2026-05-08T12:12:52.969+0000] {processor.py:161} INFO - Started process (PID=5161) to work on /opt/airflow/dags/dynamic_etl_dag.py
[2026-05-08T12:12:52.971+0000] {processor.py:830} INFO - Processing file /opt/airflow/dags/dynamic_etl_dag.py for tasks to queue
[2026-05-08T12:12:52.974+0000] {logging_mixin.py:188} INFO - [2026-05-08T12:12:52.974+0000] {dagbag.py:545} INFO - Filling up the DagBag from /opt/airflow/dags/dynamic_etl_dag.py
[2026-05-08T12:12:54.076+0000] {processor.py:840} INFO - DAG(s) 'dynamic_etl_framework' retrieved from /opt/airflow/dags/dynamic_etl_dag.py
[2026-05-08T12:12:54.303+0000] {logging_mixin.py:188} INFO - [2026-05-08T12:12:54.303+0000] {dag.py:3096} INFO - Sync 1 DAGs
[2026-05-08T12:12:54.335+0000] {logging_mixin.py:188} INFO - [2026-05-08T12:12:54.334+0000] {dag.py:3954} INFO - Setting next_dagrun for dynamic_etl_framework to 2026-05-08 00:00:00+00:00, run_after=2026-05-09 00:00:00+00:00
[2026-05-08T12:12:54.389+0000] {processor.py:183} INFO - Processing /opt/airflow/dags/dynamic_etl_dag.py took 1.432 seconds
[2026-05-08T12:13:24.695+0000] {processor.py:161} INFO - Started process (PID=5167) to work on /opt/airflow/dags/dynamic_etl_dag.py
[2026-05-08T12:13:24.698+0000] {processor.py:830} INFO - Processing file /opt/airflow/dags/dynamic_etl_dag.py for tasks to queue
[2026-05-08T12:13:24.704+0000] {logging_mixin.py:188} INFO - [2026-05-08T12:13:24.702+0000] {dagbag.py:545} INFO - Filling up the DagBag from /opt/airflow/dags/dynamic_etl_dag.py
[2026-05-08T12:13:25.967+0000] {processor.py:840} INFO - DAG(s) 'dynamic_etl_framework' retrieved from /opt/airflow/dags/dynamic_etl_dag.py
[2026-05-08T12:13:26.202+0000] {logging_mixin.py:188} INFO - [2026-05-08T12:13:26.202+0000] {dag.py:3096} INFO - Sync 1 DAGs
[2026-05-08T12:13:26.248+0000] {logging_mixin.py:188} INFO - [2026-05-08T12:13:26.247+0000] {dag.py:3954} INFO - Setting next_dagrun for dynamic_etl_framework to 2026-05-08 00:00:00+00:00, run_after=2026-05-09 00:00:00+00:00
[2026-05-08T12:13:26.317+0000] {processor.py:183} INFO - Processing /opt/airflow/dags/dynamic_etl_dag.py took 1.634 seconds
[2026-05-08T12:13:56.601+0000] {processor.py:161} INFO - Started process (PID=5173) to work on /opt/airflow/dags/dynamic_etl_dag.py
[2026-05-08T12:13:56.603+0000] {processor.py:830} INFO - Processing file /opt/airflow/dags/dynamic_etl_dag.py for tasks to queue
[2026-05-08T12:13:56.607+0000] {logging_mixin.py:188} INFO - [2026-05-08T12:13:56.606+0000] {dagbag.py:545} INFO - Filling up the DagBag from /opt/airflow/dags/dynamic_etl_dag.py
[2026-05-08T12:13:58.000+0000] {processor.py:840} INFO - DAG(s) 'dynamic_etl_framework' retrieved from /opt/airflow/dags/dynamic_etl_dag.py
[2026-05-08T12:13:58.221+0000] {logging_mixin.py:188} INFO - [2026-05-08T12:13:58.221+0000] {dag.py:3096} INFO - Sync 1 DAGs
[2026-05-08T12:13:58.256+0000] {logging_mixin.py:188} INFO - [2026-05-08T12:13:58.256+0000] {dag.py:3954} INFO - Setting next_dagrun for dynamic_etl_framework to 2026-05-08 00:00:00+00:00, run_after=2026-05-09 00:00:00+00:00
[2026-05-08T12:13:58.301+0000] {processor.py:183} INFO - Processing /opt/airflow/dags/dynamic_etl_dag.py took 1.710 seconds
[2026-05-08T12:14:28.568+0000] {processor.py:161} INFO - Started process (PID=5179) to work on /opt/airflow/dags/dynamic_etl_dag.py
[2026-05-08T12:14:28.570+0000] {processor.py:830} INFO - Processing file /opt/airflow/dags/dynamic_etl_dag.py for tasks to queue
[2026-05-08T12:14:28.573+0000] {logging_mixin.py:188} INFO - [2026-05-08T12:14:28.573+0000] {dagbag.py:545} INFO - Filling up the DagBag from /opt/airflow/dags/dynamic_etl_dag.py
[2026-05-08T12:14:29.622+0000] {processor.py:840} INFO - DAG(s) 'dynamic_etl_framework' retrieved from /opt/airflow/dags/dynamic_etl_dag.py
[2026-05-08T12:14:29.814+0000] {logging_mixin.py:188} INFO - [2026-05-08T12:14:29.813+0000] {dag.py:3096} INFO - Sync 1 DAGs
[2026-05-08T12:14:29.843+0000] {logging_mixin.py:188} INFO - [2026-05-08T12:14:29.842+0000] {dag.py:3954} INFO - Setting next_dagrun for dynamic_etl_framework to 2026-05-08 00:00:00+00:00, run_after=2026-05-09 00:00:00+00:00
[2026-05-08T12:14:29.893+0000] {processor.py:183} INFO - Processing /opt/airflow/dags/dynamic_etl_dag.py took 1.331 seconds
[2026-05-08T12:15:00.649+0000] {processor.py:161} INFO - Started process (PID=5185) to work on /opt/airflow/dags/dynamic_etl_dag.py
[2026-05-08T12:15:00.651+0000] {processor.py:830} INFO - Processing file /opt/airflow/dags/dynamic_etl_dag.py for tasks to queue
[2026-05-08T12:15:00.654+0000] {logging_mixin.py:188} INFO - [2026-05-08T12:15:00.653+0000] {dagbag.py:545} INFO - Filling up the DagBag from /opt/airflow/dags/dynamic_etl_dag.py
[2026-05-08T12:15:01.791+0000] {processor.py:840} INFO - DAG(s) 'dynamic_etl_framework' retrieved from /opt/airflow/dags/dynamic_etl_dag.py
[2026-05-08T12:15:02.030+0000] {logging_mixin.py:188} INFO - [2026-05-08T12:15:02.029+0000] {dag.py:3096} INFO - Sync 1 DAGs
[2026-05-08T12:15:02.076+0000] {logging_mixin.py:188} INFO - [2026-05-08T12:15:02.076+0000] {dag.py:3954} INFO - Setting next_dagrun for dynamic_etl_framework to 2026-05-08 00:00:00+00:00, run_after=2026-05-09 00:00:00+00:00
[2026-05-08T12:15:02.143+0000] {processor.py:183} INFO - Processing /opt/airflow/dags/dynamic_etl_dag.py took 1.503 seconds
[2026-05-08T12:15:32.259+0000] {processor.py:161} INFO - Started process (PID=5191) to work on /opt/airflow/dags/dynamic_etl_dag.py
[2026-05-08T12:15:32.261+0000] {processor.py:830} INFO - Processing file /opt/airflow/dags/dynamic_etl_dag.py for tasks to queue
[2026-05-08T12:15:32.302+0000] {logging_mixin.py:188} INFO - [2026-05-08T12:15:32.302+0000] {dagbag.py:545} INFO - Filling up the DagBag from /opt/airflow/dags/dynamic_etl_dag.py
[2026-05-08T12:15:33.385+0000] {processor.py:840} INFO - DAG(s) 'dynamic_etl_framework' retrieved from /opt/airflow/dags/dynamic_etl_dag.py
[2026-05-08T12:15:33.605+0000] {logging_mixin.py:188} INFO - [2026-05-08T12:15:33.603+0000] {dag.py:3096} INFO - Sync 1 DAGs
[2026-05-08T12:15:33.668+0000] {logging_mixin.py:188} INFO - [2026-05-08T12:15:33.667+0000] {dag.py:3954} INFO - Setting next_dagrun for dynamic_etl_framework to 2026-05-08 00:00:00+00:00, run_after=2026-05-09 00:00:00+00:00
[2026-05-08T12:15:33.749+0000] {processor.py:183} INFO - Processing /opt/airflow/dags/dynamic_etl_dag.py took 1.496 seconds
[2026-05-08T12:16:04.219+0000] {processor.py:161} INFO - Started process (PID=5197) to work on /opt/airflow/dags/dynamic_etl_dag.py
[2026-05-08T12:16:04.221+0000] {processor.py:830} INFO - Processing file /opt/airflow/dags/dynamic_etl_dag.py for tasks to queue
[2026-05-08T12:16:04.224+0000] {logging_mixin.py:188} INFO - [2026-05-08T12:16:04.223+0000] {dagbag.py:545} INFO - Filling up the DagBag from /opt/airflow/dags/dynamic_etl_dag.py
[2026-05-08T12:16:05.252+0000] {processor.py:840} INFO - DAG(s) 'dynamic_etl_framework' retrieved from /opt/airflow/dags/dynamic_etl_dag.py
[2026-05-08T12:16:05.472+0000] {logging_mixin.py:188} INFO - [2026-05-08T12:16:05.471+0000] {dag.py:3096} INFO - Sync 1 DAGs
[2026-05-08T12:16:05.503+0000] {logging_mixin.py:188} INFO - [2026-05-08T12:16:05.502+0000] {dag.py:3954} INFO - Setting next_dagrun for dynamic_etl_framework to 2026-05-08 00:00:00+00:00, run_after=2026-05-09 00:00:00+00:00
[2026-05-08T12:16:05.549+0000] {processor.py:183} INFO - Processing /opt/airflow/dags/dynamic_etl_dag.py took 1.336 seconds
[2026-05-08T12:16:35.838+0000] {processor.py:161} INFO - Started process (PID=5203) to work on /opt/airflow/dags/dynamic_etl_dag.py
[2026-05-08T12:16:35.840+0000] {processor.py:830} INFO - Processing file /opt/airflow/dags/dynamic_etl_dag.py for tasks to queue
[2026-05-08T12:16:35.843+0000] {logging_mixin.py:188} INFO - [2026-05-08T12:16:35.842+0000] {dagbag.py:545} INFO - Filling up the DagBag from /opt/airflow/dags/dynamic_etl_dag.py
[2026-05-08T12:16:36.894+0000] {processor.py:840} INFO - DAG(s) 'dynamic_etl_framework' retrieved from /opt/airflow/dags/dynamic_etl_dag.py
[2026-05-08T12:16:37.094+0000] {logging_mixin.py:188} INFO - [2026-05-08T12:16:37.094+0000] {dag.py:3096} INFO - Sync 1 DAGs
[2026-05-08T12:16:37.128+0000] {logging_mixin.py:188} INFO - [2026-05-08T12:16:37.128+0000] {dag.py:3954} INFO - Setting next_dagrun for dynamic_etl_framework to 2026-05-08 00:00:00+00:00, run_after=2026-05-09 00:00:00+00:00
[2026-05-08T12:16:37.164+0000] {processor.py:183} INFO - Processing /opt/airflow/dags/dynamic_etl_dag.py took 1.334 seconds
[2026-05-08T12:17:07.696+0000] {processor.py:161} INFO - Started process (PID=5209) to work on /opt/airflow/dags/dynamic_etl_dag.py
[2026-05-08T12:17:07.697+0000] {processor.py:830} INFO - Processing file /opt/airflow/dags/dynamic_etl_dag.py for tasks to queue
[2026-05-08T12:17:07.700+0000] {logging_mixin.py:188} INFO - [2026-05-08T12:17:07.700+0000] {dagbag.py:545} INFO - Filling up the DagBag from /opt/airflow/dags/dynamic_etl_dag.py
[2026-05-08T12:17:08.933+0000] {processor.py:840} INFO - DAG(s) 'dynamic_etl_framework' retrieved from /opt/airflow/dags/dynamic_etl_dag.py
[2026-05-08T12:17:09.182+0000] {logging_mixin.py:188} INFO - [2026-05-08T12:17:09.181+0000] {dag.py:3096} INFO - Sync 1 DAGs
[2026-05-08T12:17:09.232+0000] {logging_mixin.py:188} INFO - [2026-05-08T12:17:09.231+0000] {dag.py:3954} INFO - Setting next_dagrun for dynamic_etl_framework to 2026-05-08 00:00:00+00:00, run_after=2026-05-09 00:00:00+00:00
[2026-05-08T12:17:09.341+0000] {processor.py:183} INFO - Processing /opt/airflow/dags/dynamic_etl_dag.py took 1.651 seconds
[2026-05-08T12:17:39.430+0000] {processor.py:161} INFO - Started process (PID=5215) to work on /opt/airflow/dags/dynamic_etl_dag.py
[2026-05-08T12:17:39.432+0000] {processor.py:830} INFO - Processing file /opt/airflow/dags/dynamic_etl_dag.py for tasks to queue
[2026-05-08T12:17:39.435+0000] {logging_mixin.py:188} INFO - [2026-05-08T12:17:39.435+0000] {dagbag.py:545} INFO - Filling up the DagBag from /opt/airflow/dags/dynamic_etl_dag.py
[2026-05-08T12:17:40.563+0000] {processor.py:840} INFO - DAG(s) 'dynamic_etl_framework' retrieved from /opt/airflow/dags/dynamic_etl_dag.py
[2026-05-08T12:17:40.770+0000] {logging_mixin.py:188} INFO - [2026-05-08T12:17:40.770+0000] {dag.py:3096} INFO - Sync 1 DAGs
[2026-05-08T12:17:40.802+0000] {logging_mixin.py:188} INFO - [2026-05-08T12:17:40.802+0000] {dag.py:3954} INFO - Setting next_dagrun for dynamic_etl_framework to 2026-05-08 00:00:00+00:00, run_after=2026-05-09 00:00:00+00:00
[2026-05-08T12:17:40.848+0000] {processor.py:183} INFO - Processing /opt/airflow/dags/dynamic_etl_dag.py took 1.426 seconds
[2026-05-08T12:18:11.480+0000] {processor.py:161} INFO - Started process (PID=5221) to work on /opt/airflow/dags/dynamic_etl_dag.py
[2026-05-08T12:18:11.483+0000] {processor.py:830} INFO - Processing file /opt/airflow/dags/dynamic_etl_dag.py for tasks to queue
[2026-05-08T12:18:11.487+0000] {logging_mixin.py:188} INFO - [2026-05-08T12:18:11.486+0000] {dagbag.py:545} INFO - Filling up the DagBag from /opt/airflow/dags/dynamic_etl_dag.py
[2026-05-08T12:18:12.615+0000] {processor.py:840} INFO - DAG(s) 'dynamic_etl_framework' retrieved from /opt/airflow/dags/dynamic_etl_dag.py
[2026-05-08T12:18:12.799+0000] {logging_mixin.py:188} INFO - [2026-05-08T12:18:12.798+0000] {dag.py:3096} INFO - Sync 1 DAGs
[2026-05-08T12:18:12.833+0000] {logging_mixin.py:188} INFO - [2026-05-08T12:18:12.832+0000] {dag.py:3954} INFO - Setting next_dagrun for dynamic_etl_framework to 2026-05-08 00:00:00+00:00, run_after=2026-05-09 00:00:00+00:00
[2026-05-08T12:18:12.920+0000] {processor.py:183} INFO - Processing /opt/airflow/dags/dynamic_etl_dag.py took 1.450 seconds
[2026-05-08T12:18:43.051+0000] {processor.py:161} INFO - Started process (PID=5227) to work on /opt/airflow/dags/dynamic_etl_dag.py
[2026-05-08T12:18:43.053+0000] {processor.py:830} INFO - Processing file /opt/airflow/dags/dynamic_etl_dag.py for tasks to queue
[2026-05-08T12:18:43.056+0000] {logging_mixin.py:188} INFO - [2026-05-08T12:18:43.055+0000] {dagbag.py:545} INFO - Filling up the DagBag from /opt/airflow/dags/dynamic_etl_dag.py
[2026-05-08T12:18:44.072+0000] {processor.py:840} INFO - DAG(s) 'dynamic_etl_framework' retrieved from /opt/airflow/dags/dynamic_etl_dag.py
[2026-05-08T12:18:44.264+0000] {logging_mixin.py:188} INFO - [2026-05-08T12:18:44.261+0000] {dag.py:3096} INFO - Sync 1 DAGs
[2026-05-08T12:18:44.290+0000] {logging_mixin.py:188} INFO - [2026-05-08T12:18:44.290+0000] {dag.py:3954} INFO - Setting next_dagrun for dynamic_etl_framework to 2026-05-08 00:00:00+00:00, run_after=2026-05-09 00:00:00+00:00
[2026-05-08T12:18:44.334+0000] {processor.py:183} INFO - Processing /opt/airflow/dags/dynamic_etl_dag.py took 1.292 seconds
[2026-05-08T12:19:14.787+0000] {processor.py:161} INFO - Started process (PID=5233) to work on /opt/airflow/dags/dynamic_etl_dag.py
[2026-05-08T12:19:14.789+0000] {processor.py:830} INFO - Processing file /opt/airflow/dags/dynamic_etl_dag.py for tasks to queue
[2026-05-08T12:19:14.793+0000] {logging_mixin.py:188} INFO - [2026-05-08T12:19:14.792+0000] {dagbag.py:545} INFO - Filling up the DagBag from /opt/airflow/dags/dynamic_etl_dag.py
[2026-05-08T12:19:15.857+0000] {processor.py:840} INFO - DAG(s) 'dynamic_etl_framework' retrieved from /opt/airflow/dags/dynamic_etl_dag.py
[2026-05-08T12:19:16.052+0000] {logging_mixin.py:188} INFO - [2026-05-08T12:19:16.051+0000] {dag.py:3096} INFO - Sync 1 DAGs
[2026-05-08T12:19:16.082+0000] {logging_mixin.py:188} INFO - [2026-05-08T12:19:16.082+0000] {dag.py:3954} INFO - Setting next_dagrun for dynamic_etl_framework to 2026-05-08 00:00:00+00:00, run_after=2026-05-09 00:00:00+00:00
[2026-05-08T12:19:16.126+0000] {processor.py:183} INFO - Processing /opt/airflow/dags/dynamic_etl_dag.py took 1.347 seconds
[2026-05-08T12:19:46.561+0000] {processor.py:161} INFO - Started process (PID=5239) to work on /opt/airflow/dags/dynamic_etl_dag.py
[2026-05-08T12:19:46.563+0000] {processor.py:830} INFO - Processing file /opt/airflow/dags/dynamic_etl_dag.py for tasks to queue
[2026-05-08T12:19:46.565+0000] {logging_mixin.py:188} INFO - [2026-05-08T12:19:46.564+0000] {dagbag.py:545} INFO - Filling up the DagBag from /opt/airflow/dags/dynamic_etl_dag.py
[2026-05-08T12:19:48.207+0000] {processor.py:840} INFO - DAG(s) 'dynamic_etl_framework' retrieved from /opt/airflow/dags/dynamic_etl_dag.py
[2026-05-08T12:19:48.431+0000] {logging_mixin.py:188} INFO - [2026-05-08T12:19:48.430+0000] {dag.py:3096} INFO - Sync 1 DAGs
[2026-05-08T12:19:48.467+0000] {logging_mixin.py:188} INFO - [2026-05-08T12:19:48.466+0000] {dag.py:3954} INFO - Setting next_dagrun for dynamic_etl_framework to 2026-05-08 00:00:00+00:00, run_after=2026-05-09 00:00:00+00:00
[2026-05-08T12:19:48.530+0000] {processor.py:183} INFO - Processing /opt/airflow/dags/dynamic_etl_dag.py took 1.976 seconds
[2026-05-08T12:20:19.104+0000] {processor.py:161} INFO - Started process (PID=5245) to work on /opt/airflow/dags/dynamic_etl_dag.py
[2026-05-08T12:20:19.106+0000] {processor.py:830} INFO - Processing file /opt/airflow/dags/dynamic_etl_dag.py for tasks to queue
[2026-05-08T12:20:19.109+0000] {logging_mixin.py:188} INFO - [2026-05-08T12:20:19.109+0000] {dagbag.py:545} INFO - Filling up the DagBag from /opt/airflow/dags/dynamic_etl_dag.py
[2026-05-08T12:20:20.225+0000] {processor.py:840} INFO - DAG(s) 'dynamic_etl_framework' retrieved from /opt/airflow/dags/dynamic_etl_dag.py
[2026-05-08T12:20:20.426+0000] {logging_mixin.py:188} INFO - [2026-05-08T12:20:20.425+0000] {dag.py:3096} INFO - Sync 1 DAGs
[2026-05-08T12:20:20.457+0000] {logging_mixin.py:188} INFO - [2026-05-08T12:20:20.457+0000] {dag.py:3954} INFO - Setting next_dagrun for dynamic_etl_framework to 2026-05-08 00:00:00+00:00, run_after=2026-05-09 00:00:00+00:00
[2026-05-08T12:20:20.506+0000] {processor.py:183} INFO - Processing /opt/airflow/dags/dynamic_etl_dag.py took 1.411 seconds
[2026-05-08T12:20:50.732+0000] {processor.py:161} INFO - Started process (PID=5251) to work on /opt/airflow/dags/dynamic_etl_dag.py
[2026-05-08T12:20:50.733+0000] {processor.py:830} INFO - Processing file /opt/airflow/dags/dynamic_etl_dag.py for tasks to queue
[2026-05-08T12:20:50.737+0000] {logging_mixin.py:188} INFO - [2026-05-08T12:20:50.737+0000] {dagbag.py:545} INFO - Filling up the DagBag from /opt/airflow/dags/dynamic_etl_dag.py
[2026-05-08T12:20:51.966+0000] {processor.py:840} INFO - DAG(s) 'dynamic_etl_framework' retrieved from /opt/airflow/dags/dynamic_etl_dag.py
[2026-05-08T12:20:52.187+0000] {logging_mixin.py:188} INFO - [2026-05-08T12:20:52.186+0000] {dag.py:3096} INFO - Sync 1 DAGs
[2026-05-08T12:20:52.218+0000] {logging_mixin.py:188} INFO - [2026-05-08T12:20:52.218+0000] {dag.py:3954} INFO - Setting next_dagrun for dynamic_etl_framework to 2026-05-08 00:00:00+00:00, run_after=2026-05-09 00:00:00+00:00
[2026-05-08T12:20:52.289+0000] {processor.py:183} INFO - Processing /opt/airflow/dags/dynamic_etl_dag.py took 1.567 seconds
[2026-05-08T12:21:22.582+0000] {processor.py:161} INFO - Started process (PID=5257) to work on /opt/airflow/dags/dynamic_etl_dag.py
[2026-05-08T12:21:22.583+0000] {processor.py:830} INFO - Processing file /opt/airflow/dags/dynamic_etl_dag.py for tasks to queue
[2026-05-08T12:21:22.586+0000] {logging_mixin.py:188} INFO - [2026-05-08T12:21:22.586+0000] {dagbag.py:545} INFO - Filling up the DagBag from /opt/airflow/dags/dynamic_etl_dag.py
[2026-05-08T12:21:23.720+0000] {processor.py:840} INFO - DAG(s) 'dynamic_etl_framework' retrieved from /opt/airflow/dags/dynamic_etl_dag.py
[2026-05-08T12:21:23.911+0000] {logging_mixin.py:188} INFO - [2026-05-08T12:21:23.910+0000] {dag.py:3096} INFO - Sync 1 DAGs
[2026-05-08T12:21:23.939+0000] {logging_mixin.py:188} INFO - [2026-05-08T12:21:23.939+0000] {dag.py:3954} INFO - Setting next_dagrun for dynamic_etl_framework to 2026-05-08 00:00:00+00:00, run_after=2026-05-09 00:00:00+00:00
[2026-05-08T12:21:23.979+0000] {processor.py:183} INFO - Processing /opt/airflow/dags/dynamic_etl_dag.py took 1.403 seconds
[2026-05-08T12:21:54.476+0000] {processor.py:161} INFO - Started process (PID=5263) to work on /opt/airflow/dags/dynamic_etl_dag.py
[2026-05-08T12:21:54.478+0000] {processor.py:830} INFO - Processing file /opt/airflow/dags/dynamic_etl_dag.py for tasks to queue
[2026-05-08T12:21:54.481+0000] {logging_mixin.py:188} INFO - [2026-05-08T12:21:54.481+0000] {dagbag.py:545} INFO - Filling up the DagBag from /opt/airflow/dags/dynamic_etl_dag.py
[2026-05-08T12:21:55.906+0000] {processor.py:840} INFO - DAG(s) 'dynamic_etl_framework' retrieved from /opt/airflow/dags/dynamic_etl_dag.py
[2026-05-08T12:21:56.090+0000] {logging_mixin.py:188} INFO - [2026-05-08T12:21:56.088+0000] {dag.py:3096} INFO - Sync 1 DAGs
[2026-05-08T12:21:56.125+0000] {logging_mixin.py:188} INFO - [2026-05-08T12:21:56.125+0000] {dag.py:3954} INFO - Setting next_dagrun for dynamic_etl_framework to 2026-05-08 00:00:00+00:00, run_after=2026-05-09 00:00:00+00:00
[2026-05-08T12:21:56.191+0000] {processor.py:183} INFO - Processing /opt/airflow/dags/dynamic_etl_dag.py took 1.725 seconds
[2026-05-08T12:22:26.764+0000] {processor.py:161} INFO - Started process (PID=5269) to work on /opt/airflow/dags/dynamic_etl_dag.py
[2026-05-08T12:22:26.767+0000] {processor.py:830} INFO - Processing file /opt/airflow/dags/dynamic_etl_dag.py for tasks to queue
[2026-05-08T12:22:26.770+0000] {logging_mixin.py:188} INFO - [2026-05-08T12:22:26.770+0000] {dagbag.py:545} INFO - Filling up the DagBag from /opt/airflow/dags/dynamic_etl_dag.py
[2026-05-08T12:22:27.929+0000] {processor.py:840} INFO - DAG(s) 'dynamic_etl_framework' retrieved from /opt/airflow/dags/dynamic_etl_dag.py
[2026-05-08T12:22:28.149+0000] {logging_mixin.py:188} INFO - [2026-05-08T12:22:28.148+0000] {dag.py:3096} INFO - Sync 1 DAGs
[2026-05-08T12:22:28.189+0000] {logging_mixin.py:188} INFO - [2026-05-08T12:22:28.189+0000] {dag.py:3954} INFO - Setting next_dagrun for dynamic_etl_framework to 2026-05-08 00:00:00+00:00, run_after=2026-05-09 00:00:00+00:00
[2026-05-08T12:22:28.253+0000] {processor.py:183} INFO - Processing /opt/airflow/dags/dynamic_etl_dag.py took 1.500 seconds
[2026-05-08T12:22:58.482+0000] {processor.py:161} INFO - Started process (PID=5275) to work on /opt/airflow/dags/dynamic_etl_dag.py
[2026-05-08T12:22:58.484+0000] {processor.py:830} INFO - Processing file /opt/airflow/dags/dynamic_etl_dag.py for tasks to queue
[2026-05-08T12:22:58.490+0000] {logging_mixin.py:188} INFO - [2026-05-08T12:22:58.489+0000] {dagbag.py:545} INFO - Filling up the DagBag from /opt/airflow/dags/dynamic_etl_dag.py
[2026-05-08T12:22:59.586+0000] {processor.py:840} INFO - DAG(s) 'dynamic_etl_framework' retrieved from /opt/airflow/dags/dynamic_etl_dag.py
[2026-05-08T12:22:59.785+0000] {logging_mixin.py:188} INFO - [2026-05-08T12:22:59.784+0000] {dag.py:3096} INFO - Sync 1 DAGs
[2026-05-08T12:22:59.815+0000] {logging_mixin.py:188} INFO - [2026-05-08T12:22:59.815+0000] {dag.py:3954} INFO - Setting next_dagrun for dynamic_etl_framework to 2026-05-08 00:00:00+00:00, run_after=2026-05-09 00:00:00+00:00
[2026-05-08T12:22:59.864+0000] {processor.py:183} INFO - Processing /opt/airflow/dags/dynamic_etl_dag.py took 1.388 seconds
[2026-05-08T12:23:30.255+0000] {processor.py:161} INFO - Started process (PID=5281) to work on /opt/airflow/dags/dynamic_etl_dag.py
[2026-05-08T12:23:30.257+0000] {processor.py:830} INFO - Processing file /opt/airflow/dags/dynamic_etl_dag.py for tasks to queue
[2026-05-08T12:23:30.259+0000] {logging_mixin.py:188} INFO - [2026-05-08T12:23:30.259+0000] {dagbag.py:545} INFO - Filling up the DagBag from /opt/airflow/dags/dynamic_etl_dag.py
[2026-05-08T12:23:31.235+0000] {processor.py:840} INFO - DAG(s) 'dynamic_etl_framework' retrieved from /opt/airflow/dags/dynamic_etl_dag.py
[2026-05-08T12:23:31.433+0000] {logging_mixin.py:188} INFO - [2026-05-08T12:23:31.433+0000] {dag.py:3096} INFO - Sync 1 DAGs
[2026-05-08T12:23:31.461+0000] {logging_mixin.py:188} INFO - [2026-05-08T12:23:31.461+0000] {dag.py:3954} INFO - Setting next_dagrun for dynamic_etl_framework to 2026-05-08 00:00:00+00:00, run_after=2026-05-09 00:00:00+00:00
[2026-05-08T12:23:31.503+0000] {processor.py:183} INFO - Processing /opt/airflow/dags/dynamic_etl_dag.py took 1.254 seconds
[2026-05-08T12:24:02.088+0000] {processor.py:161} INFO - Started process (PID=5287) to work on /opt/airflow/dags/dynamic_etl_dag.py
[2026-05-08T12:24:02.090+0000] {processor.py:830} INFO - Processing file /opt/airflow/dags/dynamic_etl_dag.py for tasks to queue
[2026-05-08T12:24:02.094+0000] {logging_mixin.py:188} INFO - [2026-05-08T12:24:02.094+0000] {dagbag.py:545} INFO - Filling up the DagBag from /opt/airflow/dags/dynamic_etl_dag.py
[2026-05-08T12:24:03.171+0000] {processor.py:840} INFO - DAG(s) 'dynamic_etl_framework' retrieved from /opt/airflow/dags/dynamic_etl_dag.py
[2026-05-08T12:24:03.396+0000] {logging_mixin.py:188} INFO - [2026-05-08T12:24:03.396+0000] {dag.py:3096} INFO - Sync 1 DAGs
[2026-05-08T12:24:03.431+0000] {logging_mixin.py:188} INFO - [2026-05-08T12:24:03.431+0000] {dag.py:3954} INFO - Setting next_dagrun for dynamic_etl_framework to 2026-05-08 00:00:00+00:00, run_after=2026-05-09 00:00:00+00:00
[2026-05-08T12:24:03.487+0000] {processor.py:183} INFO - Processing /opt/airflow/dags/dynamic_etl_dag.py took 1.405 seconds
[2026-05-08T12:24:33.686+0000] {processor.py:161} INFO - Started process (PID=5293) to work on /opt/airflow/dags/dynamic_etl_dag.py
[2026-05-08T12:24:33.688+0000] {processor.py:830} INFO - Processing file /opt/airflow/dags/dynamic_etl_dag.py for tasks to queue
[2026-05-08T12:24:33.692+0000] {logging_mixin.py:188} INFO - [2026-05-08T12:24:33.691+0000] {dagbag.py:545} INFO - Filling up the DagBag from /opt/airflow/dags/dynamic_etl_dag.py
[2026-05-08T12:24:34.712+0000] {processor.py:840} INFO - DAG(s) 'dynamic_etl_framework' retrieved from /opt/airflow/dags/dynamic_etl_dag.py
[2026-05-08T12:24:34.912+0000] {logging_mixin.py:188} INFO - [2026-05-08T12:24:34.911+0000] {dag.py:3096} INFO - Sync 1 DAGs
[2026-05-08T12:24:34.944+0000] {logging_mixin.py:188} INFO - [2026-05-08T12:24:34.944+0000] {dag.py:3954} INFO - Setting next_dagrun for dynamic_etl_framework to 2026-05-08 00:00:00+00:00, run_after=2026-05-09 00:00:00+00:00
[2026-05-08T12:24:34.992+0000] {processor.py:183} INFO - Processing /opt/airflow/dags/dynamic_etl_dag.py took 1.316 seconds
[2026-05-08T12:25:05.598+0000] {processor.py:161} INFO - Started process (PID=5299) to work on /opt/airflow/dags/dynamic_etl_dag.py
[2026-05-08T12:25:05.601+0000] {processor.py:830} INFO - Processing file /opt/airflow/dags/dynamic_etl_dag.py for tasks to queue
[2026-05-08T12:25:05.605+0000] {logging_mixin.py:188} INFO - [2026-05-08T12:25:05.604+0000] {dagbag.py:545} INFO - Filling up the DagBag from /opt/airflow/dags/dynamic_etl_dag.py
[2026-05-08T12:25:06.647+0000] {processor.py:840} INFO - DAG(s) 'dynamic_etl_framework' retrieved from /opt/airflow/dags/dynamic_etl_dag.py
[2026-05-08T12:25:06.852+0000] {logging_mixin.py:188} INFO - [2026-05-08T12:25:06.851+0000] {dag.py:3096} INFO - Sync 1 DAGs
[2026-05-08T12:25:06.882+0000] {logging_mixin.py:188} INFO - [2026-05-08T12:25:06.882+0000] {dag.py:3954} INFO - Setting next_dagrun for dynamic_etl_framework to 2026-05-08 00:00:00+00:00, run_after=2026-05-09 00:00:00+00:00
[2026-05-08T12:25:06.939+0000] {processor.py:183} INFO - Processing /opt/airflow/dags/dynamic_etl_dag.py took 1.349 seconds
[2026-05-08T12:25:37.151+0000] {processor.py:161} INFO - Started process (PID=5305) to work on /opt/airflow/dags/dynamic_etl_dag.py
[2026-05-08T12:25:37.153+0000] {processor.py:830} INFO - Processing file /opt/airflow/dags/dynamic_etl_dag.py for tasks to queue
[2026-05-08T12:25:37.157+0000] {logging_mixin.py:188} INFO - [2026-05-08T12:25:37.156+0000] {dagbag.py:545} INFO - Filling up the DagBag from /opt/airflow/dags/dynamic_etl_dag.py
[2026-05-08T12:25:38.312+0000] {processor.py:840} INFO - DAG(s) 'dynamic_etl_framework' retrieved from /opt/airflow/dags/dynamic_etl_dag.py
[2026-05-08T12:25:38.508+0000] {logging_mixin.py:188} INFO - [2026-05-08T12:25:38.507+0000] {dag.py:3096} INFO - Sync 1 DAGs
[2026-05-08T12:25:38.538+0000] {logging_mixin.py:188} INFO - [2026-05-08T12:25:38.538+0000] {dag.py:3954} INFO - Setting next_dagrun for dynamic_etl_framework to 2026-05-08 00:00:00+00:00, run_after=2026-05-09 00:00:00+00:00
[2026-05-08T12:25:38.582+0000] {processor.py:183} INFO - Processing /opt/airflow/dags/dynamic_etl_dag.py took 1.442 seconds
[2026-05-08T12:26:09.082+0000] {processor.py:161} INFO - Started process (PID=5311) to work on /opt/airflow/dags/dynamic_etl_dag.py
[2026-05-08T12:26:09.085+0000] {processor.py:830} INFO - Processing file /opt/airflow/dags/dynamic_etl_dag.py for tasks to queue
[2026-05-08T12:26:09.090+0000] {logging_mixin.py:188} INFO - [2026-05-08T12:26:09.089+0000] {dagbag.py:545} INFO - Filling up the DagBag from /opt/airflow/dags/dynamic_etl_dag.py
[2026-05-08T12:26:10.048+0000] {processor.py:840} INFO - DAG(s) 'dynamic_etl_framework' retrieved from /opt/airflow/dags/dynamic_etl_dag.py
[2026-05-08T12:26:10.251+0000] {logging_mixin.py:188} INFO - [2026-05-08T12:26:10.250+0000] {dag.py:3096} INFO - Sync 1 DAGs
[2026-05-08T12:26:10.275+0000] {logging_mixin.py:188} INFO - [2026-05-08T12:26:10.275+0000] {dag.py:3954} INFO - Setting next_dagrun for dynamic_etl_framework to 2026-05-08 00:00:00+00:00, run_after=2026-05-09 00:00:00+00:00
[2026-05-08T12:26:10.317+0000] {processor.py:183} INFO - Processing /opt/airflow/dags/dynamic_etl_dag.py took 1.244 seconds
[2026-05-08T12:26:40.890+0000] {processor.py:161} INFO - Started process (PID=5317) to work on /opt/airflow/dags/dynamic_etl_dag.py
[2026-05-08T12:26:40.892+0000] {processor.py:830} INFO - Processing file /opt/airflow/dags/dynamic_etl_dag.py for tasks to queue
[2026-05-08T12:26:40.896+0000] {logging_mixin.py:188} INFO - [2026-05-08T12:26:40.895+0000] {dagbag.py:545} INFO - Filling up the DagBag from /opt/airflow/dags/dynamic_etl_dag.py
[2026-05-08T12:26:41.843+0000] {processor.py:840} INFO - DAG(s) 'dynamic_etl_framework' retrieved from /opt/airflow/dags/dynamic_etl_dag.py
[2026-05-08T12:26:42.042+0000] {logging_mixin.py:188} INFO - [2026-05-08T12:26:42.042+0000] {dag.py:3096} INFO - Sync 1 DAGs
[2026-05-08T12:26:42.078+0000] {logging_mixin.py:188} INFO - [2026-05-08T12:26:42.078+0000] {dag.py:3954} INFO - Setting next_dagrun for dynamic_etl_framework to 2026-05-08 00:00:00+00:00, run_after=2026-05-09 00:00:00+00:00
[2026-05-08T12:26:42.127+0000] {processor.py:183} INFO - Processing /opt/airflow/dags/dynamic_etl_dag.py took 1.249 seconds
[2026-05-08T12:27:12.719+0000] {processor.py:161} INFO - Started process (PID=5323) to work on /opt/airflow/dags/dynamic_etl_dag.py
[2026-05-08T12:27:12.721+0000] {processor.py:830} INFO - Processing file /opt/airflow/dags/dynamic_etl_dag.py for tasks to queue
[2026-05-08T12:27:12.724+0000] {logging_mixin.py:188} INFO - [2026-05-08T12:27:12.723+0000] {dagbag.py:545} INFO - Filling up the DagBag from /opt/airflow/dags/dynamic_etl_dag.py
[2026-05-08T12:27:13.746+0000] {processor.py:840} INFO - DAG(s) 'dynamic_etl_framework' retrieved from /opt/airflow/dags/dynamic_etl_dag.py
[2026-05-08T12:27:13.943+0000] {logging_mixin.py:188} INFO - [2026-05-08T12:27:13.942+0000] {dag.py:3096} INFO - Sync 1 DAGs
[2026-05-08T12:27:13.985+0000] {logging_mixin.py:188} INFO - [2026-05-08T12:27:13.984+0000] {dag.py:3954} INFO - Setting next_dagrun for dynamic_etl_framework to 2026-05-08 00:00:00+00:00, run_after=2026-05-09 00:00:00+00:00
[2026-05-08T12:27:14.030+0000] {processor.py:183} INFO - Processing /opt/airflow/dags/dynamic_etl_dag.py took 1.320 seconds
[2026-05-08T12:27:44.254+0000] {processor.py:161} INFO - Started process (PID=5329) to work on /opt/airflow/dags/dynamic_etl_dag.py
[2026-05-08T12:27:44.256+0000] {processor.py:830} INFO - Processing file /opt/airflow/dags/dynamic_etl_dag.py for tasks to queue
[2026-05-08T12:27:44.258+0000] {logging_mixin.py:188} INFO - [2026-05-08T12:27:44.258+0000] {dagbag.py:545} INFO - Filling up the DagBag from /opt/airflow/dags/dynamic_etl_dag.py
[2026-05-08T12:27:45.445+0000] {processor.py:840} INFO - DAG(s) 'dynamic_etl_framework' retrieved from /opt/airflow/dags/dynamic_etl_dag.py
[2026-05-08T12:27:45.706+0000] {logging_mixin.py:188} INFO - [2026-05-08T12:27:45.705+0000] {dag.py:3096} INFO - Sync 1 DAGs
[2026-05-08T12:27:45.748+0000] {logging_mixin.py:188} INFO - [2026-05-08T12:27:45.748+0000] {dag.py:3954} INFO - Setting next_dagrun for dynamic_etl_framework to 2026-05-08 00:00:00+00:00, run_after=2026-05-09 00:00:00+00:00
[2026-05-08T12:27:45.811+0000] {processor.py:183} INFO - Processing /opt/airflow/dags/dynamic_etl_dag.py took 1.565 seconds
[2026-05-08T12:28:16.233+0000] {processor.py:161} INFO - Started process (PID=5335) to work on /opt/airflow/dags/dynamic_etl_dag.py
[2026-05-08T12:28:16.235+0000] {processor.py:830} INFO - Processing file /opt/airflow/dags/dynamic_etl_dag.py for tasks to queue
[2026-05-08T12:28:16.237+0000] {logging_mixin.py:188} INFO - [2026-05-08T12:28:16.237+0000] {dagbag.py:545} INFO - Filling up the DagBag from /opt/airflow/dags/dynamic_etl_dag.py
[2026-05-08T12:28:17.249+0000] {processor.py:840} INFO - DAG(s) 'dynamic_etl_framework' retrieved from /opt/airflow/dags/dynamic_etl_dag.py
[2026-05-08T12:28:17.436+0000] {logging_mixin.py:188} INFO - [2026-05-08T12:28:17.435+0000] {dag.py:3096} INFO - Sync 1 DAGs
[2026-05-08T12:28:17.477+0000] {logging_mixin.py:188} INFO - [2026-05-08T12:28:17.477+0000] {dag.py:3954} INFO - Setting next_dagrun for dynamic_etl_framework to 2026-05-08 00:00:00+00:00, run_after=2026-05-09 00:00:00+00:00
[2026-05-08T12:28:17.544+0000] {processor.py:183} INFO - Processing /opt/airflow/dags/dynamic_etl_dag.py took 1.319 seconds
[2026-05-08T12:28:48.180+0000] {processor.py:161} INFO - Started process (PID=5341) to work on /opt/airflow/dags/dynamic_etl_dag.py
[2026-05-08T12:28:48.182+0000] {processor.py:830} INFO - Processing file /opt/airflow/dags/dynamic_etl_dag.py for tasks to queue
[2026-05-08T12:28:48.188+0000] {logging_mixin.py:188} INFO - [2026-05-08T12:28:48.187+0000] {dagbag.py:545} INFO - Filling up the DagBag from /opt/airflow/dags/dynamic_etl_dag.py
[2026-05-08T12:28:49.409+0000] {processor.py:840} INFO - DAG(s) 'dynamic_etl_framework' retrieved from /opt/airflow/dags/dynamic_etl_dag.py
[2026-05-08T12:28:49.673+0000] {logging_mixin.py:188} INFO - [2026-05-08T12:28:49.672+0000] {dag.py:3096} INFO - Sync 1 DAGs
[2026-05-08T12:28:49.707+0000] {logging_mixin.py:188} INFO - [2026-05-08T12:28:49.706+0000] {dag.py:3954} INFO - Setting next_dagrun for dynamic_etl_framework to 2026-05-08 00:00:00+00:00, run_after=2026-05-09 00:00:00+00:00
[2026-05-08T12:28:49.777+0000] {processor.py:183} INFO - Processing /opt/airflow/dags/dynamic_etl_dag.py took 1.609 seconds
[2026-05-08T12:29:20.326+0000] {processor.py:161} INFO - Started process (PID=5347) to work on /opt/airflow/dags/dynamic_etl_dag.py
[2026-05-08T12:29:20.328+0000] {processor.py:830} INFO - Processing file /opt/airflow/dags/dynamic_etl_dag.py for tasks to queue
[2026-05-08T12:29:20.333+0000] {logging_mixin.py:188} INFO - [2026-05-08T12:29:20.332+0000] {dagbag.py:545} INFO - Filling up the DagBag from /opt/airflow/dags/dynamic_etl_dag.py
[2026-05-08T12:29:21.447+0000] {processor.py:840} INFO - DAG(s) 'dynamic_etl_framework' retrieved from /opt/airflow/dags/dynamic_etl_dag.py
[2026-05-08T12:29:21.646+0000] {logging_mixin.py:188} INFO - [2026-05-08T12:29:21.645+0000] {dag.py:3096} INFO - Sync 1 DAGs
[2026-05-08T12:29:21.675+0000] {logging_mixin.py:188} INFO - [2026-05-08T12:29:21.674+0000] {dag.py:3954} INFO - Setting next_dagrun for dynamic_etl_framework to 2026-05-08 00:00:00+00:00, run_after=2026-05-09 00:00:00+00:00
[2026-05-08T12:29:21.723+0000] {processor.py:183} INFO - Processing /opt/airflow/dags/dynamic_etl_dag.py took 1.407 seconds
[2026-05-08T12:29:52.260+0000] {processor.py:161} INFO - Started process (PID=5353) to work on /opt/airflow/dags/dynamic_etl_dag.py
[2026-05-08T12:29:52.261+0000] {processor.py:830} INFO - Processing file /opt/airflow/dags/dynamic_etl_dag.py for tasks to queue
[2026-05-08T12:29:52.266+0000] {logging_mixin.py:188} INFO - [2026-05-08T12:29:52.265+0000] {dagbag.py:545} INFO - Filling up the DagBag from /opt/airflow/dags/dynamic_etl_dag.py
[2026-05-08T12:29:53.438+0000] {processor.py:840} INFO - DAG(s) 'dynamic_etl_framework' retrieved from /opt/airflow/dags/dynamic_etl_dag.py
[2026-05-08T12:29:53.654+0000] {logging_mixin.py:188} INFO - [2026-05-08T12:29:53.653+0000] {dag.py:3096} INFO - Sync 1 DAGs
[2026-05-08T12:29:53.686+0000] {logging_mixin.py:188} INFO - [2026-05-08T12:29:53.686+0000] {dag.py:3954} INFO - Setting next_dagrun for dynamic_etl_framework to 2026-05-08 00:00:00+00:00, run_after=2026-05-09 00:00:00+00:00
[2026-05-08T12:29:53.727+0000] {processor.py:183} INFO - Processing /opt/airflow/dags/dynamic_etl_dag.py took 1.475 seconds
[2026-05-08T12:30:23.959+0000] {processor.py:161} INFO - Started process (PID=5359) to work on /opt/airflow/dags/dynamic_etl_dag.py
[2026-05-08T12:30:23.962+0000] {processor.py:830} INFO - Processing file /opt/airflow/dags/dynamic_etl_dag.py for tasks to queue
[2026-05-08T12:30:23.966+0000] {logging_mixin.py:188} INFO - [2026-05-08T12:30:23.966+0000] {dagbag.py:545} INFO - Filling up the DagBag from /opt/airflow/dags/dynamic_etl_dag.py
[2026-05-08T12:30:25.404+0000] {processor.py:840} INFO - DAG(s) 'dynamic_etl_framework' retrieved from /opt/airflow/dags/dynamic_etl_dag.py
[2026-05-08T12:30:25.646+0000] {logging_mixin.py:188} INFO - [2026-05-08T12:30:25.645+0000] {dag.py:3096} INFO - Sync 1 DAGs
[2026-05-08T12:30:25.685+0000] {logging_mixin.py:188} INFO - [2026-05-08T12:30:25.685+0000] {dag.py:3954} INFO - Setting next_dagrun for dynamic_etl_framework to 2026-05-08 00:00:00+00:00, run_after=2026-05-09 00:00:00+00:00
[2026-05-08T12:30:25.751+0000] {processor.py:183} INFO - Processing /opt/airflow/dags/dynamic_etl_dag.py took 1.803 seconds
[2026-05-08T12:30:55.987+0000] {processor.py:161} INFO - Started process (PID=5365) to work on /opt/airflow/dags/dynamic_etl_dag.py
[2026-05-08T12:30:55.989+0000] {processor.py:830} INFO - Processing file /opt/airflow/dags/dynamic_etl_dag.py for tasks to queue
[2026-05-08T12:30:55.995+0000] {logging_mixin.py:188} INFO - [2026-05-08T12:30:55.994+0000] {dagbag.py:545} INFO - Filling up the DagBag from /opt/airflow/dags/dynamic_etl_dag.py
[2026-05-08T12:30:57.227+0000] {processor.py:840} INFO - DAG(s) 'dynamic_etl_framework' retrieved from /opt/airflow/dags/dynamic_etl_dag.py
[2026-05-08T12:30:57.470+0000] {logging_mixin.py:188} INFO - [2026-05-08T12:30:57.469+0000] {dag.py:3096} INFO - Sync 1 DAGs
[2026-05-08T12:30:57.504+0000] {logging_mixin.py:188} INFO - [2026-05-08T12:30:57.504+0000] {dag.py:3954} INFO - Setting next_dagrun for dynamic_etl_framework to 2026-05-08 00:00:00+00:00, run_after=2026-05-09 00:00:00+00:00
[2026-05-08T12:30:57.570+0000] {processor.py:183} INFO - Processing /opt/airflow/dags/dynamic_etl_dag.py took 1.597 seconds
[2026-05-08T12:31:28.137+0000] {processor.py:161} INFO - Started process (PID=5371) to work on /opt/airflow/dags/dynamic_etl_dag.py
[2026-05-08T12:31:28.141+0000] {processor.py:830} INFO - Processing file /opt/airflow/dags/dynamic_etl_dag.py for tasks to queue
[2026-05-08T12:31:28.146+0000] {logging_mixin.py:188} INFO - [2026-05-08T12:31:28.145+0000] {dagbag.py:545} INFO - Filling up the DagBag from /opt/airflow/dags/dynamic_etl_dag.py
[2026-05-08T12:31:29.388+0000] {processor.py:840} INFO - DAG(s) 'dynamic_etl_framework' retrieved from /opt/airflow/dags/dynamic_etl_dag.py
[2026-05-08T12:31:29.653+0000] {logging_mixin.py:188} INFO - [2026-05-08T12:31:29.653+0000] {dag.py:3096} INFO - Sync 1 DAGs
[2026-05-08T12:31:29.690+0000] {logging_mixin.py:188} INFO - [2026-05-08T12:31:29.689+0000] {dag.py:3954} INFO - Setting next_dagrun for dynamic_etl_framework to 2026-05-08 00:00:00+00:00, run_after=2026-05-09 00:00:00+00:00
[2026-05-08T12:31:29.748+0000] {processor.py:183} INFO - Processing /opt/airflow/dags/dynamic_etl_dag.py took 1.621 seconds
[2026-05-08T12:32:00.380+0000] {processor.py:161} INFO - Started process (PID=5377) to work on /opt/airflow/dags/dynamic_etl_dag.py
[2026-05-08T12:32:00.382+0000] {processor.py:830} INFO - Processing file /opt/airflow/dags/dynamic_etl_dag.py for tasks to queue
[2026-05-08T12:32:00.385+0000] {logging_mixin.py:188} INFO - [2026-05-08T12:32:00.385+0000] {dagbag.py:545} INFO - Filling up the DagBag from /opt/airflow/dags/dynamic_etl_dag.py
[2026-05-08T12:32:01.488+0000] {processor.py:840} INFO - DAG(s) 'dynamic_etl_framework' retrieved from /opt/airflow/dags/dynamic_etl_dag.py
[2026-05-08T12:32:01.712+0000] {logging_mixin.py:188} INFO - [2026-05-08T12:32:01.711+0000] {dag.py:3096} INFO - Sync 1 DAGs
[2026-05-08T12:32:01.743+0000] {logging_mixin.py:188} INFO - [2026-05-08T12:32:01.742+0000] {dag.py:3954} INFO - Setting next_dagrun for dynamic_etl_framework to 2026-05-08 00:00:00+00:00, run_after=2026-05-09 00:00:00+00:00
[2026-05-08T12:32:01.783+0000] {processor.py:183} INFO - Processing /opt/airflow/dags/dynamic_etl_dag.py took 1.414 seconds
[2026-05-08T12:32:32.279+0000] {processor.py:161} INFO - Started process (PID=5383) to work on /opt/airflow/dags/dynamic_etl_dag.py
[2026-05-08T12:32:32.282+0000] {processor.py:830} INFO - Processing file /opt/airflow/dags/dynamic_etl_dag.py for tasks to queue
[2026-05-08T12:32:32.289+0000] {logging_mixin.py:188} INFO - [2026-05-08T12:32:32.288+0000] {dagbag.py:545} INFO - Filling up the DagBag from /opt/airflow/dags/dynamic_etl_dag.py
[2026-05-08T12:32:33.723+0000] {processor.py:840} INFO - DAG(s) 'dynamic_etl_framework' retrieved from /opt/airflow/dags/dynamic_etl_dag.py
[2026-05-08T12:32:34.062+0000] {logging_mixin.py:188} INFO - [2026-05-08T12:32:34.061+0000] {dag.py:3096} INFO - Sync 1 DAGs
[2026-05-08T12:32:34.119+0000] {logging_mixin.py:188} INFO - [2026-05-08T12:32:34.118+0000] {dag.py:3954} INFO - Setting next_dagrun for dynamic_etl_framework to 2026-05-08 00:00:00+00:00, run_after=2026-05-09 00:00:00+00:00
[2026-05-08T12:32:34.188+0000] {processor.py:183} INFO - Processing /opt/airflow/dags/dynamic_etl_dag.py took 1.931 seconds
[2026-05-08T12:33:04.864+0000] {processor.py:161} INFO - Started process (PID=5389) to work on /opt/airflow/dags/dynamic_etl_dag.py
[2026-05-08T12:33:04.866+0000] {processor.py:830} INFO - Processing file /opt/airflow/dags/dynamic_etl_dag.py for tasks to queue
[2026-05-08T12:33:04.868+0000] {logging_mixin.py:188} INFO - [2026-05-08T12:33:04.868+0000] {dagbag.py:545} INFO - Filling up the DagBag from /opt/airflow/dags/dynamic_etl_dag.py
[2026-05-08T12:33:06.308+0000] {processor.py:840} INFO - DAG(s) 'dynamic_etl_framework' retrieved from /opt/airflow/dags/dynamic_etl_dag.py
[2026-05-08T12:33:06.580+0000] {logging_mixin.py:188} INFO - [2026-05-08T12:33:06.579+0000] {dag.py:3096} INFO - Sync 1 DAGs
[2026-05-08T12:33:06.621+0000] {logging_mixin.py:188} INFO - [2026-05-08T12:33:06.621+0000] {dag.py:3954} INFO - Setting next_dagrun for dynamic_etl_framework to 2026-05-08 00:00:00+00:00, run_after=2026-05-09 00:00:00+00:00
[2026-05-08T12:33:06.678+0000] {processor.py:183} INFO - Processing /opt/airflow/dags/dynamic_etl_dag.py took 1.822 seconds
[2026-05-08T12:33:37.447+0000] {processor.py:161} INFO - Started process (PID=5395) to work on /opt/airflow/dags/dynamic_etl_dag.py
[2026-05-08T12:33:37.449+0000] {processor.py:830} INFO - Processing file /opt/airflow/dags/dynamic_etl_dag.py for tasks to queue
[2026-05-08T12:33:37.452+0000] {logging_mixin.py:188} INFO - [2026-05-08T12:33:37.452+0000] {dagbag.py:545} INFO - Filling up the DagBag from /opt/airflow/dags/dynamic_etl_dag.py
[2026-05-08T12:33:38.804+0000] {processor.py:840} INFO - DAG(s) 'dynamic_etl_framework' retrieved from /opt/airflow/dags/dynamic_etl_dag.py
[2026-05-08T12:33:39.072+0000] {logging_mixin.py:188} INFO - [2026-05-08T12:33:39.071+0000] {dag.py:3096} INFO - Sync 1 DAGs
[2026-05-08T12:33:39.126+0000] {logging_mixin.py:188} INFO - [2026-05-08T12:33:39.125+0000] {dag.py:3954} INFO - Setting next_dagrun for dynamic_etl_framework to 2026-05-08 00:00:00+00:00, run_after=2026-05-09 00:00:00+00:00
[2026-05-08T12:33:39.178+0000] {processor.py:183} INFO - Processing /opt/airflow/dags/dynamic_etl_dag.py took 1.742 seconds
[2026-05-08T12:34:09.978+0000] {processor.py:161} INFO - Started process (PID=5401) to work on /opt/airflow/dags/dynamic_etl_dag.py
[2026-05-08T12:34:09.981+0000] {processor.py:830} INFO - Processing file /opt/airflow/dags/dynamic_etl_dag.py for tasks to queue
[2026-05-08T12:34:09.986+0000] {logging_mixin.py:188} INFO - [2026-05-08T12:34:09.985+0000] {dagbag.py:545} INFO - Filling up the DagBag from /opt/airflow/dags/dynamic_etl_dag.py
[2026-05-08T12:34:11.377+0000] {processor.py:840} INFO - DAG(s) 'dynamic_etl_framework' retrieved from /opt/airflow/dags/dynamic_etl_dag.py
[2026-05-08T12:34:11.662+0000] {logging_mixin.py:188} INFO - [2026-05-08T12:34:11.658+0000] {dag.py:3096} INFO - Sync 1 DAGs
[2026-05-08T12:34:11.703+0000] {logging_mixin.py:188} INFO - [2026-05-08T12:34:11.702+0000] {dag.py:3954} INFO - Setting next_dagrun for dynamic_etl_framework to 2026-05-08 00:00:00+00:00, run_after=2026-05-09 00:00:00+00:00
[2026-05-08T12:34:11.773+0000] {processor.py:183} INFO - Processing /opt/airflow/dags/dynamic_etl_dag.py took 1.805 seconds
[2026-05-08T12:34:42.623+0000] {processor.py:161} INFO - Started process (PID=5407) to work on /opt/airflow/dags/dynamic_etl_dag.py
[2026-05-08T12:34:42.625+0000] {processor.py:830} INFO - Processing file /opt/airflow/dags/dynamic_etl_dag.py for tasks to queue
[2026-05-08T12:34:42.631+0000] {logging_mixin.py:188} INFO - [2026-05-08T12:34:42.630+0000] {dagbag.py:545} INFO - Filling up the DagBag from /opt/airflow/dags/dynamic_etl_dag.py
[2026-05-08T12:34:44.252+0000] {processor.py:840} INFO - DAG(s) 'dynamic_etl_framework' retrieved from /opt/airflow/dags/dynamic_etl_dag.py
[2026-05-08T12:34:44.574+0000] {logging_mixin.py:188} INFO - [2026-05-08T12:34:44.573+0000] {dag.py:3096} INFO - Sync 1 DAGs
[2026-05-08T12:34:44.636+0000] {logging_mixin.py:188} INFO - [2026-05-08T12:34:44.636+0000] {dag.py:3954} INFO - Setting next_dagrun for dynamic_etl_framework to 2026-05-08 00:00:00+00:00, run_after=2026-05-09 00:00:00+00:00
[2026-05-08T12:34:44.752+0000] {processor.py:183} INFO - Processing /opt/airflow/dags/dynamic_etl_dag.py took 2.143 seconds
[2026-05-08T12:35:15.582+0000] {processor.py:161} INFO - Started process (PID=5413) to work on /opt/airflow/dags/dynamic_etl_dag.py
[2026-05-08T12:35:15.585+0000] {processor.py:830} INFO - Processing file /opt/airflow/dags/dynamic_etl_dag.py for tasks to queue
[2026-05-08T12:35:15.588+0000] {logging_mixin.py:188} INFO - [2026-05-08T12:35:15.587+0000] {dagbag.py:545} INFO - Filling up the DagBag from /opt/airflow/dags/dynamic_etl_dag.py
[2026-05-08T12:35:17.187+0000] {processor.py:840} INFO - DAG(s) 'dynamic_etl_framework' retrieved from /opt/airflow/dags/dynamic_etl_dag.py
[2026-05-08T12:35:17.453+0000] {logging_mixin.py:188} INFO - [2026-05-08T12:35:17.452+0000] {dag.py:3096} INFO - Sync 1 DAGs
[2026-05-08T12:35:17.498+0000] {logging_mixin.py:188} INFO - [2026-05-08T12:35:17.498+0000] {dag.py:3954} INFO - Setting next_dagrun for dynamic_etl_framework to 2026-05-08 00:00:00+00:00, run_after=2026-05-09 00:00:00+00:00
[2026-05-08T12:35:17.583+0000] {processor.py:183} INFO - Processing /opt/airflow/dags/dynamic_etl_dag.py took 2.010 seconds
[2026-05-08T12:35:48.222+0000] {processor.py:161} INFO - Started process (PID=5419) to work on /opt/airflow/dags/dynamic_etl_dag.py
[2026-05-08T12:35:48.224+0000] {processor.py:830} INFO - Processing file /opt/airflow/dags/dynamic_etl_dag.py for tasks to queue
[2026-05-08T12:35:48.228+0000] {logging_mixin.py:188} INFO - [2026-05-08T12:35:48.227+0000] {dagbag.py:545} INFO - Filling up the DagBag from /opt/airflow/dags/dynamic_etl_dag.py
[2026-05-08T12:35:49.681+0000] {processor.py:840} INFO - DAG(s) 'dynamic_etl_framework' retrieved from /opt/airflow/dags/dynamic_etl_dag.py
[2026-05-08T12:35:49.959+0000] {logging_mixin.py:188} INFO - [2026-05-08T12:35:49.958+0000] {dag.py:3096} INFO - Sync 1 DAGs
[2026-05-08T12:35:50.025+0000] {logging_mixin.py:188} INFO - [2026-05-08T12:35:50.024+0000] {dag.py:3954} INFO - Setting next_dagrun for dynamic_etl_framework to 2026-05-08 00:00:00+00:00, run_after=2026-05-09 00:00:00+00:00
[2026-05-08T12:35:50.163+0000] {processor.py:183} INFO - Processing /opt/airflow/dags/dynamic_etl_dag.py took 1.954 seconds
[2026-05-08T12:36:20.784+0000] {processor.py:161} INFO - Started process (PID=5425) to work on /opt/airflow/dags/dynamic_etl_dag.py
[2026-05-08T12:36:20.786+0000] {processor.py:830} INFO - Processing file /opt/airflow/dags/dynamic_etl_dag.py for tasks to queue
[2026-05-08T12:36:20.790+0000] {logging_mixin.py:188} INFO - [2026-05-08T12:36:20.790+0000] {dagbag.py:545} INFO - Filling up the DagBag from /opt/airflow/dags/dynamic_etl_dag.py
[2026-05-08T12:36:21.941+0000] {processor.py:840} INFO - DAG(s) 'dynamic_etl_framework' retrieved from /opt/airflow/dags/dynamic_etl_dag.py
[2026-05-08T12:36:22.180+0000] {logging_mixin.py:188} INFO - [2026-05-08T12:36:22.179+0000] {dag.py:3096} INFO - Sync 1 DAGs
[2026-05-08T12:36:22.223+0000] {logging_mixin.py:188} INFO - [2026-05-08T12:36:22.222+0000] {dag.py:3954} INFO - Setting next_dagrun for dynamic_etl_framework to 2026-05-08 00:00:00+00:00, run_after=2026-05-09 00:00:00+00:00
[2026-05-08T12:36:22.287+0000] {processor.py:183} INFO - Processing /opt/airflow/dags/dynamic_etl_dag.py took 1.512 seconds
[2026-05-08T12:36:52.524+0000] {processor.py:161} INFO - Started process (PID=5431) to work on /opt/airflow/dags/dynamic_etl_dag.py
[2026-05-08T12:36:52.528+0000] {processor.py:830} INFO - Processing file /opt/airflow/dags/dynamic_etl_dag.py for tasks to queue
[2026-05-08T12:36:52.532+0000] {logging_mixin.py:188} INFO - [2026-05-08T12:36:52.531+0000] {dagbag.py:545} INFO - Filling up the DagBag from /opt/airflow/dags/dynamic_etl_dag.py
[2026-05-08T12:36:53.901+0000] {processor.py:840} INFO - DAG(s) 'dynamic_etl_framework' retrieved from /opt/airflow/dags/dynamic_etl_dag.py
[2026-05-08T12:36:54.181+0000] {logging_mixin.py:188} INFO - [2026-05-08T12:36:54.180+0000] {dag.py:3096} INFO - Sync 1 DAGs
[2026-05-08T12:36:54.257+0000] {logging_mixin.py:188} INFO - [2026-05-08T12:36:54.256+0000] {dag.py:3954} INFO - Setting next_dagrun for dynamic_etl_framework to 2026-05-08 00:00:00+00:00, run_after=2026-05-09 00:00:00+00:00
[2026-05-08T12:36:54.341+0000] {processor.py:183} INFO - Processing /opt/airflow/dags/dynamic_etl_dag.py took 1.827 seconds
[2026-05-08T12:37:24.501+0000] {processor.py:161} INFO - Started process (PID=5437) to work on /opt/airflow/dags/dynamic_etl_dag.py
[2026-05-08T12:37:24.503+0000] {processor.py:830} INFO - Processing file /opt/airflow/dags/dynamic_etl_dag.py for tasks to queue
[2026-05-08T12:37:24.507+0000] {logging_mixin.py:188} INFO - [2026-05-08T12:37:24.506+0000] {dagbag.py:545} INFO - Filling up the DagBag from /opt/airflow/dags/dynamic_etl_dag.py
[2026-05-08T12:37:25.862+0000] {processor.py:840} INFO - DAG(s) 'dynamic_etl_framework' retrieved from /opt/airflow/dags/dynamic_etl_dag.py
[2026-05-08T12:37:26.196+0000] {logging_mixin.py:188} INFO - [2026-05-08T12:37:26.192+0000] {dag.py:3096} INFO - Sync 1 DAGs
[2026-05-08T12:37:26.257+0000] {logging_mixin.py:188} INFO - [2026-05-08T12:37:26.255+0000] {dag.py:3954} INFO - Setting next_dagrun for dynamic_etl_framework to 2026-05-08 00:00:00+00:00, run_after=2026-05-09 00:00:00+00:00
[2026-05-08T12:37:26.342+0000] {processor.py:183} INFO - Processing /opt/airflow/dags/dynamic_etl_dag.py took 1.852 seconds
[2026-05-08T12:37:56.660+0000] {processor.py:161} INFO - Started process (PID=5443) to work on /opt/airflow/dags/dynamic_etl_dag.py
[2026-05-08T12:37:56.662+0000] {processor.py:830} INFO - Processing file /opt/airflow/dags/dynamic_etl_dag.py for tasks to queue
[2026-05-08T12:37:56.667+0000] {logging_mixin.py:188} INFO - [2026-05-08T12:37:56.666+0000] {dagbag.py:545} INFO - Filling up the DagBag from /opt/airflow/dags/dynamic_etl_dag.py
[2026-05-08T12:37:58.380+0000] {processor.py:840} INFO - DAG(s) 'dynamic_etl_framework' retrieved from /opt/airflow/dags/dynamic_etl_dag.py
[2026-05-08T12:37:58.644+0000] {logging_mixin.py:188} INFO - [2026-05-08T12:37:58.643+0000] {dag.py:3096} INFO - Sync 1 DAGs
[2026-05-08T12:37:58.696+0000] {logging_mixin.py:188} INFO - [2026-05-08T12:37:58.695+0000] {dag.py:3954} INFO - Setting next_dagrun for dynamic_etl_framework to 2026-05-08 00:00:00+00:00, run_after=2026-05-09 00:00:00+00:00
[2026-05-08T12:37:58.764+0000] {processor.py:183} INFO - Processing /opt/airflow/dags/dynamic_etl_dag.py took 2.119 seconds
[2026-05-08T12:38:29.351+0000] {processor.py:161} INFO - Started process (PID=5449) to work on /opt/airflow/dags/dynamic_etl_dag.py
[2026-05-08T12:38:29.355+0000] {processor.py:830} INFO - Processing file /opt/airflow/dags/dynamic_etl_dag.py for tasks to queue
[2026-05-08T12:38:29.359+0000] {logging_mixin.py:188} INFO - [2026-05-08T12:38:29.358+0000] {dagbag.py:545} INFO - Filling up the DagBag from /opt/airflow/dags/dynamic_etl_dag.py
[2026-05-08T12:38:30.777+0000] {processor.py:840} INFO - DAG(s) 'dynamic_etl_framework' retrieved from /opt/airflow/dags/dynamic_etl_dag.py
[2026-05-08T12:38:31.030+0000] {logging_mixin.py:188} INFO - [2026-05-08T12:38:31.029+0000] {dag.py:3096} INFO - Sync 1 DAGs
[2026-05-08T12:38:31.075+0000] {logging_mixin.py:188} INFO - [2026-05-08T12:38:31.074+0000] {dag.py:3954} INFO - Setting next_dagrun for dynamic_etl_framework to 2026-05-08 00:00:00+00:00, run_after=2026-05-09 00:00:00+00:00
[2026-05-08T12:38:31.196+0000] {processor.py:183} INFO - Processing /opt/airflow/dags/dynamic_etl_dag.py took 1.853 seconds
[2026-05-08T12:39:01.990+0000] {processor.py:161} INFO - Started process (PID=5455) to work on /opt/airflow/dags/dynamic_etl_dag.py
[2026-05-08T12:39:01.992+0000] {processor.py:830} INFO - Processing file /opt/airflow/dags/dynamic_etl_dag.py for tasks to queue
[2026-05-08T12:39:01.996+0000] {logging_mixin.py:188} INFO - [2026-05-08T12:39:01.995+0000] {dagbag.py:545} INFO - Filling up the DagBag from /opt/airflow/dags/dynamic_etl_dag.py
[2026-05-08T12:39:03.261+0000] {processor.py:840} INFO - DAG(s) 'dynamic_etl_framework' retrieved from /opt/airflow/dags/dynamic_etl_dag.py
[2026-05-08T12:39:03.602+0000] {logging_mixin.py:188} INFO - [2026-05-08T12:39:03.601+0000] {dag.py:3096} INFO - Sync 1 DAGs
[2026-05-08T12:39:03.658+0000] {logging_mixin.py:188} INFO - [2026-05-08T12:39:03.658+0000] {dag.py:3954} INFO - Setting next_dagrun for dynamic_etl_framework to 2026-05-08 00:00:00+00:00, run_after=2026-05-09 00:00:00+00:00
[2026-05-08T12:39:03.741+0000] {processor.py:183} INFO - Processing /opt/airflow/dags/dynamic_etl_dag.py took 1.760 seconds
[2026-05-08T12:39:34.580+0000] {processor.py:161} INFO - Started process (PID=5461) to work on /opt/airflow/dags/dynamic_etl_dag.py
[2026-05-08T12:39:34.583+0000] {processor.py:830} INFO - Processing file /opt/airflow/dags/dynamic_etl_dag.py for tasks to queue
[2026-05-08T12:39:34.588+0000] {logging_mixin.py:188} INFO - [2026-05-08T12:39:34.587+0000] {dagbag.py:545} INFO - Filling up the DagBag from /opt/airflow/dags/dynamic_etl_dag.py
[2026-05-08T12:39:35.809+0000] {processor.py:840} INFO - DAG(s) 'dynamic_etl_framework' retrieved from /opt/airflow/dags/dynamic_etl_dag.py
[2026-05-08T12:39:36.064+0000] {logging_mixin.py:188} INFO - [2026-05-08T12:39:36.063+0000] {dag.py:3096} INFO - Sync 1 DAGs
[2026-05-08T12:39:36.106+0000] {logging_mixin.py:188} INFO - [2026-05-08T12:39:36.106+0000] {dag.py:3954} INFO - Setting next_dagrun for dynamic_etl_framework to 2026-05-08 00:00:00+00:00, run_after=2026-05-09 00:00:00+00:00
[2026-05-08T12:39:36.164+0000] {processor.py:183} INFO - Processing /opt/airflow/dags/dynamic_etl_dag.py took 1.594 seconds
[2026-05-08T12:40:06.713+0000] {processor.py:161} INFO - Started process (PID=5467) to work on /opt/airflow/dags/dynamic_etl_dag.py
[2026-05-08T12:40:06.716+0000] {processor.py:830} INFO - Processing file /opt/airflow/dags/dynamic_etl_dag.py for tasks to queue
[2026-05-08T12:40:06.720+0000] {logging_mixin.py:188} INFO - [2026-05-08T12:40:06.720+0000] {dagbag.py:545} INFO - Filling up the DagBag from /opt/airflow/dags/dynamic_etl_dag.py
[2026-05-08T12:40:07.950+0000] {processor.py:840} INFO - DAG(s) 'dynamic_etl_framework' retrieved from /opt/airflow/dags/dynamic_etl_dag.py
[2026-05-08T12:40:08.177+0000] {logging_mixin.py:188} INFO - [2026-05-08T12:40:08.176+0000] {dag.py:3096} INFO - Sync 1 DAGs
[2026-05-08T12:40:08.221+0000] {logging_mixin.py:188} INFO - [2026-05-08T12:40:08.220+0000] {dag.py:3954} INFO - Setting next_dagrun for dynamic_etl_framework to 2026-05-08 00:00:00+00:00, run_after=2026-05-09 00:00:00+00:00
[2026-05-08T12:40:08.273+0000] {processor.py:183} INFO - Processing /opt/airflow/dags/dynamic_etl_dag.py took 1.569 seconds
[2026-05-08T12:40:38.763+0000] {processor.py:161} INFO - Started process (PID=5473) to work on /opt/airflow/dags/dynamic_etl_dag.py
[2026-05-08T12:40:38.765+0000] {processor.py:830} INFO - Processing file /opt/airflow/dags/dynamic_etl_dag.py for tasks to queue
[2026-05-08T12:40:38.768+0000] {logging_mixin.py:188} INFO - [2026-05-08T12:40:38.768+0000] {dagbag.py:545} INFO - Filling up the DagBag from /opt/airflow/dags/dynamic_etl_dag.py
[2026-05-08T12:40:40.110+0000] {processor.py:840} INFO - DAG(s) 'dynamic_etl_framework' retrieved from /opt/airflow/dags/dynamic_etl_dag.py
[2026-05-08T12:40:40.382+0000] {logging_mixin.py:188} INFO - [2026-05-08T12:40:40.381+0000] {dag.py:3096} INFO - Sync 1 DAGs
[2026-05-08T12:40:40.419+0000] {logging_mixin.py:188} INFO - [2026-05-08T12:40:40.418+0000] {dag.py:3954} INFO - Setting next_dagrun for dynamic_etl_framework to 2026-05-08 00:00:00+00:00, run_after=2026-05-09 00:00:00+00:00
[2026-05-08T12:40:40.478+0000] {processor.py:183} INFO - Processing /opt/airflow/dags/dynamic_etl_dag.py took 1.723 seconds
[2026-05-08T12:41:11.105+0000] {processor.py:161} INFO - Started process (PID=5479) to work on /opt/airflow/dags/dynamic_etl_dag.py
[2026-05-08T12:41:11.107+0000] {processor.py:830} INFO - Processing file /opt/airflow/dags/dynamic_etl_dag.py for tasks to queue
[2026-05-08T12:41:11.110+0000] {logging_mixin.py:188} INFO - [2026-05-08T12:41:11.109+0000] {dagbag.py:545} INFO - Filling up the DagBag from /opt/airflow/dags/dynamic_etl_dag.py
[2026-05-08T12:41:12.422+0000] {processor.py:840} INFO - DAG(s) 'dynamic_etl_framework' retrieved from /opt/airflow/dags/dynamic_etl_dag.py
[2026-05-08T12:41:12.639+0000] {logging_mixin.py:188} INFO - [2026-05-08T12:41:12.638+0000] {dag.py:3096} INFO - Sync 1 DAGs
[2026-05-08T12:41:12.670+0000] {logging_mixin.py:188} INFO - [2026-05-08T12:41:12.670+0000] {dag.py:3954} INFO - Setting next_dagrun for dynamic_etl_framework to 2026-05-08 00:00:00+00:00, run_after=2026-05-09 00:00:00+00:00
[2026-05-08T12:41:12.719+0000] {processor.py:183} INFO - Processing /opt/airflow/dags/dynamic_etl_dag.py took 1.622 seconds
[2026-05-08T12:41:43.081+0000] {processor.py:161} INFO - Started process (PID=5485) to work on /opt/airflow/dags/dynamic_etl_dag.py
[2026-05-08T12:41:43.084+0000] {processor.py:830} INFO - Processing file /opt/airflow/dags/dynamic_etl_dag.py for tasks to queue
[2026-05-08T12:41:43.089+0000] {logging_mixin.py:188} INFO - [2026-05-08T12:41:43.089+0000] {dagbag.py:545} INFO - Filling up the DagBag from /opt/airflow/dags/dynamic_etl_dag.py
[2026-05-08T12:41:44.902+0000] {processor.py:840} INFO - DAG(s) 'dynamic_etl_framework' retrieved from /opt/airflow/dags/dynamic_etl_dag.py
[2026-05-08T12:41:45.167+0000] {logging_mixin.py:188} INFO - [2026-05-08T12:41:45.167+0000] {dag.py:3096} INFO - Sync 1 DAGs
[2026-05-08T12:41:45.204+0000] {logging_mixin.py:188} INFO - [2026-05-08T12:41:45.204+0000] {dag.py:3954} INFO - Setting next_dagrun for dynamic_etl_framework to 2026-05-08 00:00:00+00:00, run_after=2026-05-09 00:00:00+00:00
[2026-05-08T12:41:45.266+0000] {processor.py:183} INFO - Processing /opt/airflow/dags/dynamic_etl_dag.py took 2.197 seconds
[2026-05-08T12:42:15.747+0000] {processor.py:161} INFO - Started process (PID=5491) to work on /opt/airflow/dags/dynamic_etl_dag.py
[2026-05-08T12:42:15.750+0000] {processor.py:830} INFO - Processing file /opt/airflow/dags/dynamic_etl_dag.py for tasks to queue
[2026-05-08T12:42:15.754+0000] {logging_mixin.py:188} INFO - [2026-05-08T12:42:15.753+0000] {dagbag.py:545} INFO - Filling up the DagBag from /opt/airflow/dags/dynamic_etl_dag.py
[2026-05-08T12:42:17.052+0000] {processor.py:840} INFO - DAG(s) 'dynamic_etl_framework' retrieved from /opt/airflow/dags/dynamic_etl_dag.py
[2026-05-08T12:42:17.286+0000] {logging_mixin.py:188} INFO - [2026-05-08T12:42:17.285+0000] {dag.py:3096} INFO - Sync 1 DAGs
[2026-05-08T12:42:17.325+0000] {logging_mixin.py:188} INFO - [2026-05-08T12:42:17.324+0000] {dag.py:3954} INFO - Setting next_dagrun for dynamic_etl_framework to 2026-05-08 00:00:00+00:00, run_after=2026-05-09 00:00:00+00:00
[2026-05-08T12:42:17.379+0000] {processor.py:183} INFO - Processing /opt/airflow/dags/dynamic_etl_dag.py took 1.646 seconds
[2026-05-08T12:42:47.565+0000] {processor.py:161} INFO - Started process (PID=5497) to work on /opt/airflow/dags/dynamic_etl_dag.py
[2026-05-08T12:42:47.568+0000] {processor.py:830} INFO - Processing file /opt/airflow/dags/dynamic_etl_dag.py for tasks to queue
[2026-05-08T12:42:47.572+0000] {logging_mixin.py:188} INFO - [2026-05-08T12:42:47.572+0000] {dagbag.py:545} INFO - Filling up the DagBag from /opt/airflow/dags/dynamic_etl_dag.py
[2026-05-08T12:42:48.956+0000] {processor.py:840} INFO - DAG(s) 'dynamic_etl_framework' retrieved from /opt/airflow/dags/dynamic_etl_dag.py
[2026-05-08T12:42:49.211+0000] {logging_mixin.py:188} INFO - [2026-05-08T12:42:49.210+0000] {dag.py:3096} INFO - Sync 1 DAGs
[2026-05-08T12:42:49.265+0000] {logging_mixin.py:188} INFO - [2026-05-08T12:42:49.264+0000] {dag.py:3954} INFO - Setting next_dagrun for dynamic_etl_framework to 2026-05-08 00:00:00+00:00, run_after=2026-05-09 00:00:00+00:00
[2026-05-08T12:42:49.337+0000] {processor.py:183} INFO - Processing /opt/airflow/dags/dynamic_etl_dag.py took 1.789 seconds
[2026-05-08T12:43:19.663+0000] {processor.py:161} INFO - Started process (PID=5503) to work on /opt/airflow/dags/dynamic_etl_dag.py
[2026-05-08T12:43:19.665+0000] {processor.py:830} INFO - Processing file /opt/airflow/dags/dynamic_etl_dag.py for tasks to queue
[2026-05-08T12:43:19.668+0000] {logging_mixin.py:188} INFO - [2026-05-08T12:43:19.668+0000] {dagbag.py:545} INFO - Filling up the DagBag from /opt/airflow/dags/dynamic_etl_dag.py
[2026-05-08T12:43:20.898+0000] {processor.py:840} INFO - DAG(s) 'dynamic_etl_framework' retrieved from /opt/airflow/dags/dynamic_etl_dag.py
[2026-05-08T12:43:21.171+0000] {logging_mixin.py:188} INFO - [2026-05-08T12:43:21.170+0000] {dag.py:3096} INFO - Sync 1 DAGs
[2026-05-08T12:43:21.215+0000] {logging_mixin.py:188} INFO - [2026-05-08T12:43:21.215+0000] {dag.py:3954} INFO - Setting next_dagrun for dynamic_etl_framework to 2026-05-08 00:00:00+00:00, run_after=2026-05-09 00:00:00+00:00
[2026-05-08T12:43:21.279+0000] {processor.py:183} INFO - Processing /opt/airflow/dags/dynamic_etl_dag.py took 1.625 seconds
[2026-05-08T12:43:51.445+0000] {processor.py:161} INFO - Started process (PID=5509) to work on /opt/airflow/dags/dynamic_etl_dag.py
[2026-05-08T12:43:51.447+0000] {processor.py:830} INFO - Processing file /opt/airflow/dags/dynamic_etl_dag.py for tasks to queue
[2026-05-08T12:43:51.451+0000] {logging_mixin.py:188} INFO - [2026-05-08T12:43:51.450+0000] {dagbag.py:545} INFO - Filling up the DagBag from /opt/airflow/dags/dynamic_etl_dag.py
[2026-05-08T12:43:52.704+0000] {processor.py:840} INFO - DAG(s) 'dynamic_etl_framework' retrieved from /opt/airflow/dags/dynamic_etl_dag.py
[2026-05-08T12:43:53.057+0000] {logging_mixin.py:188} INFO - [2026-05-08T12:43:53.056+0000] {dag.py:3096} INFO - Sync 1 DAGs
[2026-05-08T12:43:53.110+0000] {logging_mixin.py:188} INFO - [2026-05-08T12:43:53.110+0000] {dag.py:3954} INFO - Setting next_dagrun for dynamic_etl_framework to 2026-05-08 00:00:00+00:00, run_after=2026-05-09 00:00:00+00:00
[2026-05-08T12:43:53.183+0000] {processor.py:183} INFO - Processing /opt/airflow/dags/dynamic_etl_dag.py took 1.746 seconds
[2026-05-08T12:44:23.835+0000] {processor.py:161} INFO - Started process (PID=5515) to work on /opt/airflow/dags/dynamic_etl_dag.py
[2026-05-08T12:44:23.838+0000] {processor.py:830} INFO - Processing file /opt/airflow/dags/dynamic_etl_dag.py for tasks to queue
[2026-05-08T12:44:23.845+0000] {logging_mixin.py:188} INFO - [2026-05-08T12:44:23.844+0000] {dagbag.py:545} INFO - Filling up the DagBag from /opt/airflow/dags/dynamic_etl_dag.py
[2026-05-08T12:44:25.353+0000] {processor.py:840} INFO - DAG(s) 'dynamic_etl_framework' retrieved from /opt/airflow/dags/dynamic_etl_dag.py
[2026-05-08T12:44:25.601+0000] {logging_mixin.py:188} INFO - [2026-05-08T12:44:25.601+0000] {dag.py:3096} INFO - Sync 1 DAGs
[2026-05-08T12:44:25.633+0000] {logging_mixin.py:188} INFO - [2026-05-08T12:44:25.632+0000] {dag.py:3954} INFO - Setting next_dagrun for dynamic_etl_framework to 2026-05-08 00:00:00+00:00, run_after=2026-05-09 00:00:00+00:00
[2026-05-08T12:44:25.684+0000] {processor.py:183} INFO - Processing /opt/airflow/dags/dynamic_etl_dag.py took 1.865 seconds
[2026-05-08T12:44:56.435+0000] {processor.py:161} INFO - Started process (PID=5521) to work on /opt/airflow/dags/dynamic_etl_dag.py
[2026-05-08T12:44:56.438+0000] {processor.py:830} INFO - Processing file /opt/airflow/dags/dynamic_etl_dag.py for tasks to queue
[2026-05-08T12:44:56.443+0000] {logging_mixin.py:188} INFO - [2026-05-08T12:44:56.442+0000] {dagbag.py:545} INFO - Filling up the DagBag from /opt/airflow/dags/dynamic_etl_dag.py
[2026-05-08T12:44:57.377+0000] {processor.py:840} INFO - DAG(s) 'dynamic_etl_framework' retrieved from /opt/airflow/dags/dynamic_etl_dag.py
[2026-05-08T12:44:57.602+0000] {logging_mixin.py:188} INFO - [2026-05-08T12:44:57.601+0000] {dag.py:3096} INFO - Sync 1 DAGs
[2026-05-08T12:44:57.636+0000] {logging_mixin.py:188} INFO - [2026-05-08T12:44:57.635+0000] {dag.py:3954} INFO - Setting next_dagrun for dynamic_etl_framework to 2026-05-08 00:00:00+00:00, run_after=2026-05-09 00:00:00+00:00
[2026-05-08T12:44:57.690+0000] {processor.py:183} INFO - Processing /opt/airflow/dags/dynamic_etl_dag.py took 1.271 seconds
[2026-05-08T12:45:27.916+0000] {processor.py:161} INFO - Started process (PID=5527) to work on /opt/airflow/dags/dynamic_etl_dag.py
[2026-05-08T12:45:27.918+0000] {processor.py:830} INFO - Processing file /opt/airflow/dags/dynamic_etl_dag.py for tasks to queue
[2026-05-08T12:45:27.920+0000] {logging_mixin.py:188} INFO - [2026-05-08T12:45:27.920+0000] {dagbag.py:545} INFO - Filling up the DagBag from /opt/airflow/dags/dynamic_etl_dag.py
[2026-05-08T12:45:28.752+0000] {processor.py:840} INFO - DAG(s) 'dynamic_etl_framework' retrieved from /opt/airflow/dags/dynamic_etl_dag.py
[2026-05-08T12:45:28.919+0000] {logging_mixin.py:188} INFO - [2026-05-08T12:45:28.919+0000] {dag.py:3096} INFO - Sync 1 DAGs
[2026-05-08T12:45:28.940+0000] {logging_mixin.py:188} INFO - [2026-05-08T12:45:28.940+0000] {dag.py:3954} INFO - Setting next_dagrun for dynamic_etl_framework to 2026-05-08 00:00:00+00:00, run_after=2026-05-09 00:00:00+00:00
[2026-05-08T12:45:28.984+0000] {processor.py:183} INFO - Processing /opt/airflow/dags/dynamic_etl_dag.py took 1.073 seconds
[2026-05-08T12:45:59.454+0000] {processor.py:161} INFO - Started process (PID=5533) to work on /opt/airflow/dags/dynamic_etl_dag.py
[2026-05-08T12:45:59.457+0000] {processor.py:830} INFO - Processing file /opt/airflow/dags/dynamic_etl_dag.py for tasks to queue
[2026-05-08T12:45:59.465+0000] {logging_mixin.py:188} INFO - [2026-05-08T12:45:59.464+0000] {dagbag.py:545} INFO - Filling up the DagBag from /opt/airflow/dags/dynamic_etl_dag.py
[2026-05-08T12:46:01.197+0000] {processor.py:840} INFO - DAG(s) 'dynamic_etl_framework' retrieved from /opt/airflow/dags/dynamic_etl_dag.py
[2026-05-08T12:46:01.504+0000] {logging_mixin.py:188} INFO - [2026-05-08T12:46:01.502+0000] {dag.py:3096} INFO - Sync 1 DAGs
[2026-05-08T12:46:01.564+0000] {logging_mixin.py:188} INFO - [2026-05-08T12:46:01.564+0000] {dag.py:3954} INFO - Setting next_dagrun for dynamic_etl_framework to 2026-05-08 00:00:00+00:00, run_after=2026-05-09 00:00:00+00:00
[2026-05-08T12:46:01.684+0000] {processor.py:183} INFO - Processing /opt/airflow/dags/dynamic_etl_dag.py took 2.249 seconds
[2026-05-08T12:46:32.319+0000] {processor.py:161} INFO - Started process (PID=5539) to work on /opt/airflow/dags/dynamic_etl_dag.py
[2026-05-08T12:46:32.321+0000] {processor.py:830} INFO - Processing file /opt/airflow/dags/dynamic_etl_dag.py for tasks to queue
[2026-05-08T12:46:32.324+0000] {logging_mixin.py:188} INFO - [2026-05-08T12:46:32.324+0000] {dagbag.py:545} INFO - Filling up the DagBag from /opt/airflow/dags/dynamic_etl_dag.py
[2026-05-08T12:46:33.809+0000] {processor.py:840} INFO - DAG(s) 'dynamic_etl_framework' retrieved from /opt/airflow/dags/dynamic_etl_dag.py
[2026-05-08T12:46:34.152+0000] {logging_mixin.py:188} INFO - [2026-05-08T12:46:34.149+0000] {dag.py:3096} INFO - Sync 1 DAGs
[2026-05-08T12:46:34.210+0000] {logging_mixin.py:188} INFO - [2026-05-08T12:46:34.209+0000] {dag.py:3954} INFO - Setting next_dagrun for dynamic_etl_framework to 2026-05-08 00:00:00+00:00, run_after=2026-05-09 00:00:00+00:00
[2026-05-08T12:46:34.291+0000] {processor.py:183} INFO - Processing /opt/airflow/dags/dynamic_etl_dag.py took 1.982 seconds
[2026-05-08T12:49:43.975+0000] {processor.py:161} INFO - Started process (PID=5545) to work on /opt/airflow/dags/dynamic_etl_dag.py
[2026-05-08T12:49:43.984+0000] {processor.py:830} INFO - Processing file /opt/airflow/dags/dynamic_etl_dag.py for tasks to queue
[2026-05-08T12:49:43.990+0000] {logging_mixin.py:188} INFO - [2026-05-08T12:49:43.989+0000] {dagbag.py:545} INFO - Filling up the DagBag from /opt/airflow/dags/dynamic_etl_dag.py
