[2026-05-12T04:50:19.102+0000] {processor.py:161} INFO - Started process (PID=5549) to work on /opt/airflow/dags/dynamic_etl_dag.py
[2026-05-12T04:50:19.105+0000] {processor.py:830} INFO - Processing file /opt/airflow/dags/dynamic_etl_dag.py for tasks to queue
[2026-05-12T04:50:19.110+0000] {logging_mixin.py:188} INFO - [2026-05-12T04:50:19.110+0000] {dagbag.py:545} INFO - Filling up the DagBag from /opt/airflow/dags/dynamic_etl_dag.py
[2026-05-12T04:50:23.857+0000] {processor.py:840} INFO - DAG(s) 'dynamic_etl_framework' retrieved from /opt/airflow/dags/dynamic_etl_dag.py
[2026-05-12T04:50:26.847+0000] {logging_mixin.py:188} INFO - [2026-05-12T04:50:26.846+0000] {dag.py:3096} INFO - Sync 1 DAGs
[2026-05-12T04:50:27.097+0000] {logging_mixin.py:188} INFO - [2026-05-12T04:50:27.096+0000] {dag.py:3954} INFO - Setting next_dagrun for dynamic_etl_framework to 2026-05-11 00:00:00+00:00, run_after=2026-05-12 00:00:00+00:00
[2026-05-12T04:50:30.075+0000] {processor.py:183} INFO - Processing /opt/airflow/dags/dynamic_etl_dag.py took 10.988 seconds
[2026-05-12T04:51:00.853+0000] {processor.py:161} INFO - Started process (PID=5555) to work on /opt/airflow/dags/dynamic_etl_dag.py
[2026-05-12T04:51:00.856+0000] {processor.py:830} INFO - Processing file /opt/airflow/dags/dynamic_etl_dag.py for tasks to queue
[2026-05-12T04:51:00.859+0000] {logging_mixin.py:188} INFO - [2026-05-12T04:51:00.858+0000] {dagbag.py:545} INFO - Filling up the DagBag from /opt/airflow/dags/dynamic_etl_dag.py
[2026-05-12T04:51:02.235+0000] {processor.py:840} INFO - DAG(s) 'dynamic_etl_framework' retrieved from /opt/airflow/dags/dynamic_etl_dag.py
[2026-05-12T04:51:02.512+0000] {logging_mixin.py:188} INFO - [2026-05-12T04:51:02.511+0000] {dag.py:3096} INFO - Sync 1 DAGs
[2026-05-12T04:51:02.550+0000] {logging_mixin.py:188} INFO - [2026-05-12T04:51:02.549+0000] {dag.py:3954} INFO - Setting next_dagrun for dynamic_etl_framework to 2026-05-11 00:00:00+00:00, run_after=2026-05-12 00:00:00+00:00
[2026-05-12T04:51:02.596+0000] {processor.py:183} INFO - Processing /opt/airflow/dags/dynamic_etl_dag.py took 1.755 seconds
[2026-05-12T04:51:32.749+0000] {processor.py:161} INFO - Started process (PID=5561) to work on /opt/airflow/dags/dynamic_etl_dag.py
[2026-05-12T04:51:32.751+0000] {processor.py:830} INFO - Processing file /opt/airflow/dags/dynamic_etl_dag.py for tasks to queue
[2026-05-12T04:51:32.752+0000] {logging_mixin.py:188} INFO - [2026-05-12T04:51:32.752+0000] {dagbag.py:545} INFO - Filling up the DagBag from /opt/airflow/dags/dynamic_etl_dag.py
[2026-05-12T04:51:34.289+0000] {processor.py:840} INFO - DAG(s) 'dynamic_etl_framework' retrieved from /opt/airflow/dags/dynamic_etl_dag.py
[2026-05-12T04:51:34.498+0000] {logging_mixin.py:188} INFO - [2026-05-12T04:51:34.498+0000] {dag.py:3096} INFO - Sync 1 DAGs
[2026-05-12T04:51:34.535+0000] {logging_mixin.py:188} INFO - [2026-05-12T04:51:34.534+0000] {dag.py:3954} INFO - Setting next_dagrun for dynamic_etl_framework to 2026-05-11 00:00:00+00:00, run_after=2026-05-12 00:00:00+00:00
[2026-05-12T04:51:34.594+0000] {processor.py:183} INFO - Processing /opt/airflow/dags/dynamic_etl_dag.py took 1.853 seconds
[2026-05-12T04:52:04.944+0000] {processor.py:161} INFO - Started process (PID=5567) to work on /opt/airflow/dags/dynamic_etl_dag.py
[2026-05-12T04:52:04.947+0000] {processor.py:830} INFO - Processing file /opt/airflow/dags/dynamic_etl_dag.py for tasks to queue
[2026-05-12T04:52:04.949+0000] {logging_mixin.py:188} INFO - [2026-05-12T04:52:04.948+0000] {dagbag.py:545} INFO - Filling up the DagBag from /opt/airflow/dags/dynamic_etl_dag.py
[2026-05-12T04:52:05.999+0000] {processor.py:840} INFO - DAG(s) 'dynamic_etl_framework' retrieved from /opt/airflow/dags/dynamic_etl_dag.py
[2026-05-12T04:52:06.205+0000] {logging_mixin.py:188} INFO - [2026-05-12T04:52:06.205+0000] {dag.py:3096} INFO - Sync 1 DAGs
[2026-05-12T04:52:06.241+0000] {logging_mixin.py:188} INFO - [2026-05-12T04:52:06.241+0000] {dag.py:3954} INFO - Setting next_dagrun for dynamic_etl_framework to 2026-05-11 00:00:00+00:00, run_after=2026-05-12 00:00:00+00:00
[2026-05-12T04:52:06.300+0000] {processor.py:183} INFO - Processing /opt/airflow/dags/dynamic_etl_dag.py took 1.366 seconds
[2026-05-12T04:52:36.557+0000] {processor.py:161} INFO - Started process (PID=5573) to work on /opt/airflow/dags/dynamic_etl_dag.py
[2026-05-12T04:52:36.561+0000] {processor.py:830} INFO - Processing file /opt/airflow/dags/dynamic_etl_dag.py for tasks to queue
[2026-05-12T04:52:36.564+0000] {logging_mixin.py:188} INFO - [2026-05-12T04:52:36.563+0000] {dagbag.py:545} INFO - Filling up the DagBag from /opt/airflow/dags/dynamic_etl_dag.py
[2026-05-12T04:52:37.507+0000] {processor.py:840} INFO - DAG(s) 'dynamic_etl_framework' retrieved from /opt/airflow/dags/dynamic_etl_dag.py
[2026-05-12T04:52:37.702+0000] {logging_mixin.py:188} INFO - [2026-05-12T04:52:37.701+0000] {dag.py:3096} INFO - Sync 1 DAGs
[2026-05-12T04:52:37.740+0000] {logging_mixin.py:188} INFO - [2026-05-12T04:52:37.740+0000] {dag.py:3954} INFO - Setting next_dagrun for dynamic_etl_framework to 2026-05-11 00:00:00+00:00, run_after=2026-05-12 00:00:00+00:00
[2026-05-12T04:52:37.792+0000] {processor.py:183} INFO - Processing /opt/airflow/dags/dynamic_etl_dag.py took 1.254 seconds
[2026-05-12T04:53:08.249+0000] {processor.py:161} INFO - Started process (PID=5579) to work on /opt/airflow/dags/dynamic_etl_dag.py
[2026-05-12T04:53:08.251+0000] {processor.py:830} INFO - Processing file /opt/airflow/dags/dynamic_etl_dag.py for tasks to queue
[2026-05-12T04:53:08.253+0000] {logging_mixin.py:188} INFO - [2026-05-12T04:53:08.252+0000] {dagbag.py:545} INFO - Filling up the DagBag from /opt/airflow/dags/dynamic_etl_dag.py
[2026-05-12T04:53:09.437+0000] {processor.py:840} INFO - DAG(s) 'dynamic_etl_framework' retrieved from /opt/airflow/dags/dynamic_etl_dag.py
[2026-05-12T04:53:09.638+0000] {logging_mixin.py:188} INFO - [2026-05-12T04:53:09.638+0000] {dag.py:3096} INFO - Sync 1 DAGs
[2026-05-12T04:53:09.663+0000] {logging_mixin.py:188} INFO - [2026-05-12T04:53:09.663+0000] {dag.py:3954} INFO - Setting next_dagrun for dynamic_etl_framework to 2026-05-11 00:00:00+00:00, run_after=2026-05-12 00:00:00+00:00
[2026-05-12T04:53:09.703+0000] {processor.py:183} INFO - Processing /opt/airflow/dags/dynamic_etl_dag.py took 1.460 seconds
[2026-05-12T04:53:39.935+0000] {processor.py:161} INFO - Started process (PID=5585) to work on /opt/airflow/dags/dynamic_etl_dag.py
[2026-05-12T04:53:39.937+0000] {processor.py:830} INFO - Processing file /opt/airflow/dags/dynamic_etl_dag.py for tasks to queue
[2026-05-12T04:53:39.939+0000] {logging_mixin.py:188} INFO - [2026-05-12T04:53:39.938+0000] {dagbag.py:545} INFO - Filling up the DagBag from /opt/airflow/dags/dynamic_etl_dag.py
[2026-05-12T04:53:41.148+0000] {processor.py:840} INFO - DAG(s) 'dynamic_etl_framework' retrieved from /opt/airflow/dags/dynamic_etl_dag.py
[2026-05-12T04:53:41.342+0000] {logging_mixin.py:188} INFO - [2026-05-12T04:53:41.342+0000] {dag.py:3096} INFO - Sync 1 DAGs
[2026-05-12T04:53:41.374+0000] {logging_mixin.py:188} INFO - [2026-05-12T04:53:41.374+0000] {dag.py:3954} INFO - Setting next_dagrun for dynamic_etl_framework to 2026-05-11 00:00:00+00:00, run_after=2026-05-12 00:00:00+00:00
[2026-05-12T04:53:41.415+0000] {processor.py:183} INFO - Processing /opt/airflow/dags/dynamic_etl_dag.py took 1.486 seconds
[2026-05-12T04:54:11.766+0000] {processor.py:161} INFO - Started process (PID=5591) to work on /opt/airflow/dags/dynamic_etl_dag.py
[2026-05-12T04:54:11.768+0000] {processor.py:830} INFO - Processing file /opt/airflow/dags/dynamic_etl_dag.py for tasks to queue
[2026-05-12T04:54:11.771+0000] {logging_mixin.py:188} INFO - [2026-05-12T04:54:11.770+0000] {dagbag.py:545} INFO - Filling up the DagBag from /opt/airflow/dags/dynamic_etl_dag.py
[2026-05-12T04:54:12.762+0000] {processor.py:840} INFO - DAG(s) 'dynamic_etl_framework' retrieved from /opt/airflow/dags/dynamic_etl_dag.py
[2026-05-12T04:54:12.980+0000] {logging_mixin.py:188} INFO - [2026-05-12T04:54:12.980+0000] {dag.py:3096} INFO - Sync 1 DAGs
[2026-05-12T04:54:13.006+0000] {logging_mixin.py:188} INFO - [2026-05-12T04:54:13.005+0000] {dag.py:3954} INFO - Setting next_dagrun for dynamic_etl_framework to 2026-05-11 00:00:00+00:00, run_after=2026-05-12 00:00:00+00:00
[2026-05-12T04:54:13.057+0000] {processor.py:183} INFO - Processing /opt/airflow/dags/dynamic_etl_dag.py took 1.298 seconds
[2026-05-12T04:54:43.202+0000] {processor.py:161} INFO - Started process (PID=5597) to work on /opt/airflow/dags/dynamic_etl_dag.py
[2026-05-12T04:54:43.203+0000] {processor.py:830} INFO - Processing file /opt/airflow/dags/dynamic_etl_dag.py for tasks to queue
[2026-05-12T04:54:43.204+0000] {logging_mixin.py:188} INFO - [2026-05-12T04:54:43.204+0000] {dagbag.py:545} INFO - Filling up the DagBag from /opt/airflow/dags/dynamic_etl_dag.py
[2026-05-12T04:54:43.945+0000] {processor.py:840} INFO - DAG(s) 'dynamic_etl_framework' retrieved from /opt/airflow/dags/dynamic_etl_dag.py
[2026-05-12T04:54:44.101+0000] {logging_mixin.py:188} INFO - [2026-05-12T04:54:44.101+0000] {dag.py:3096} INFO - Sync 1 DAGs
[2026-05-12T04:54:44.122+0000] {logging_mixin.py:188} INFO - [2026-05-12T04:54:44.122+0000] {dag.py:3954} INFO - Setting next_dagrun for dynamic_etl_framework to 2026-05-11 00:00:00+00:00, run_after=2026-05-12 00:00:00+00:00
[2026-05-12T04:54:44.156+0000] {processor.py:183} INFO - Processing /opt/airflow/dags/dynamic_etl_dag.py took 0.959 seconds
[2026-05-12T04:55:14.465+0000] {processor.py:161} INFO - Started process (PID=5603) to work on /opt/airflow/dags/dynamic_etl_dag.py
[2026-05-12T04:55:14.467+0000] {processor.py:830} INFO - Processing file /opt/airflow/dags/dynamic_etl_dag.py for tasks to queue
[2026-05-12T04:55:14.470+0000] {logging_mixin.py:188} INFO - [2026-05-12T04:55:14.469+0000] {dagbag.py:545} INFO - Filling up the DagBag from /opt/airflow/dags/dynamic_etl_dag.py
[2026-05-12T04:55:15.286+0000] {processor.py:840} INFO - DAG(s) 'dynamic_etl_framework' retrieved from /opt/airflow/dags/dynamic_etl_dag.py
[2026-05-12T04:55:15.466+0000] {logging_mixin.py:188} INFO - [2026-05-12T04:55:15.465+0000] {dag.py:3096} INFO - Sync 1 DAGs
[2026-05-12T04:55:15.490+0000] {logging_mixin.py:188} INFO - [2026-05-12T04:55:15.490+0000] {dag.py:3954} INFO - Setting next_dagrun for dynamic_etl_framework to 2026-05-11 00:00:00+00:00, run_after=2026-05-12 00:00:00+00:00
[2026-05-12T04:55:15.524+0000] {processor.py:183} INFO - Processing /opt/airflow/dags/dynamic_etl_dag.py took 1.072 seconds
[2026-05-12T04:55:45.965+0000] {processor.py:161} INFO - Started process (PID=5609) to work on /opt/airflow/dags/dynamic_etl_dag.py
[2026-05-12T04:55:45.967+0000] {processor.py:830} INFO - Processing file /opt/airflow/dags/dynamic_etl_dag.py for tasks to queue
[2026-05-12T04:55:45.968+0000] {logging_mixin.py:188} INFO - [2026-05-12T04:55:45.967+0000] {dagbag.py:545} INFO - Filling up the DagBag from /opt/airflow/dags/dynamic_etl_dag.py
[2026-05-12T04:55:46.745+0000] {processor.py:840} INFO - DAG(s) 'dynamic_etl_framework' retrieved from /opt/airflow/dags/dynamic_etl_dag.py
[2026-05-12T04:55:46.909+0000] {logging_mixin.py:188} INFO - [2026-05-12T04:55:46.908+0000] {dag.py:3096} INFO - Sync 1 DAGs
[2026-05-12T04:55:46.932+0000] {logging_mixin.py:188} INFO - [2026-05-12T04:55:46.932+0000] {dag.py:3954} INFO - Setting next_dagrun for dynamic_etl_framework to 2026-05-11 00:00:00+00:00, run_after=2026-05-12 00:00:00+00:00
[2026-05-12T04:55:46.969+0000] {processor.py:183} INFO - Processing /opt/airflow/dags/dynamic_etl_dag.py took 1.008 seconds
[2026-05-12T04:56:17.440+0000] {processor.py:161} INFO - Started process (PID=5615) to work on /opt/airflow/dags/dynamic_etl_dag.py
[2026-05-12T04:56:17.442+0000] {processor.py:830} INFO - Processing file /opt/airflow/dags/dynamic_etl_dag.py for tasks to queue
[2026-05-12T04:56:17.445+0000] {logging_mixin.py:188} INFO - [2026-05-12T04:56:17.444+0000] {dagbag.py:545} INFO - Filling up the DagBag from /opt/airflow/dags/dynamic_etl_dag.py
[2026-05-12T04:56:18.489+0000] {processor.py:840} INFO - DAG(s) 'dynamic_etl_framework' retrieved from /opt/airflow/dags/dynamic_etl_dag.py
[2026-05-12T04:56:18.669+0000] {logging_mixin.py:188} INFO - [2026-05-12T04:56:18.669+0000] {dag.py:3096} INFO - Sync 1 DAGs
[2026-05-12T04:56:18.694+0000] {logging_mixin.py:188} INFO - [2026-05-12T04:56:18.694+0000] {dag.py:3954} INFO - Setting next_dagrun for dynamic_etl_framework to 2026-05-11 00:00:00+00:00, run_after=2026-05-12 00:00:00+00:00
[2026-05-12T04:56:18.745+0000] {processor.py:183} INFO - Processing /opt/airflow/dags/dynamic_etl_dag.py took 1.317 seconds
[2026-05-12T04:56:48.845+0000] {processor.py:161} INFO - Started process (PID=5621) to work on /opt/airflow/dags/dynamic_etl_dag.py
[2026-05-12T04:56:48.847+0000] {processor.py:830} INFO - Processing file /opt/airflow/dags/dynamic_etl_dag.py for tasks to queue
[2026-05-12T04:56:48.848+0000] {logging_mixin.py:188} INFO - [2026-05-12T04:56:48.847+0000] {dagbag.py:545} INFO - Filling up the DagBag from /opt/airflow/dags/dynamic_etl_dag.py
[2026-05-12T04:56:49.774+0000] {processor.py:840} INFO - DAG(s) 'dynamic_etl_framework' retrieved from /opt/airflow/dags/dynamic_etl_dag.py
[2026-05-12T04:56:49.956+0000] {logging_mixin.py:188} INFO - [2026-05-12T04:56:49.955+0000] {dag.py:3096} INFO - Sync 1 DAGs
[2026-05-12T04:56:49.997+0000] {logging_mixin.py:188} INFO - [2026-05-12T04:56:49.997+0000] {dag.py:3954} INFO - Setting next_dagrun for dynamic_etl_framework to 2026-05-11 00:00:00+00:00, run_after=2026-05-12 00:00:00+00:00
[2026-05-12T04:56:50.052+0000] {processor.py:183} INFO - Processing /opt/airflow/dags/dynamic_etl_dag.py took 1.213 seconds
[2026-05-12T04:57:20.179+0000] {processor.py:161} INFO - Started process (PID=5627) to work on /opt/airflow/dags/dynamic_etl_dag.py
[2026-05-12T04:57:20.181+0000] {processor.py:830} INFO - Processing file /opt/airflow/dags/dynamic_etl_dag.py for tasks to queue
[2026-05-12T04:57:20.182+0000] {logging_mixin.py:188} INFO - [2026-05-12T04:57:20.182+0000] {dagbag.py:545} INFO - Filling up the DagBag from /opt/airflow/dags/dynamic_etl_dag.py
[2026-05-12T04:57:20.889+0000] {processor.py:840} INFO - DAG(s) 'dynamic_etl_framework' retrieved from /opt/airflow/dags/dynamic_etl_dag.py
[2026-05-12T04:57:21.027+0000] {logging_mixin.py:188} INFO - [2026-05-12T04:57:21.027+0000] {dag.py:3096} INFO - Sync 1 DAGs
[2026-05-12T04:57:21.063+0000] {logging_mixin.py:188} INFO - [2026-05-12T04:57:21.063+0000] {dag.py:3954} INFO - Setting next_dagrun for dynamic_etl_framework to 2026-05-11 00:00:00+00:00, run_after=2026-05-12 00:00:00+00:00
[2026-05-12T04:57:21.100+0000] {processor.py:183} INFO - Processing /opt/airflow/dags/dynamic_etl_dag.py took 0.927 seconds
[2026-05-12T04:57:51.487+0000] {processor.py:161} INFO - Started process (PID=5633) to work on /opt/airflow/dags/dynamic_etl_dag.py
[2026-05-12T04:57:51.489+0000] {processor.py:830} INFO - Processing file /opt/airflow/dags/dynamic_etl_dag.py for tasks to queue
[2026-05-12T04:57:51.490+0000] {logging_mixin.py:188} INFO - [2026-05-12T04:57:51.490+0000] {dagbag.py:545} INFO - Filling up the DagBag from /opt/airflow/dags/dynamic_etl_dag.py
[2026-05-12T04:57:52.297+0000] {processor.py:840} INFO - DAG(s) 'dynamic_etl_framework' retrieved from /opt/airflow/dags/dynamic_etl_dag.py
[2026-05-12T04:57:52.454+0000] {logging_mixin.py:188} INFO - [2026-05-12T04:57:52.453+0000] {dag.py:3096} INFO - Sync 1 DAGs
[2026-05-12T04:57:52.481+0000] {logging_mixin.py:188} INFO - [2026-05-12T04:57:52.481+0000] {dag.py:3954} INFO - Setting next_dagrun for dynamic_etl_framework to 2026-05-11 00:00:00+00:00, run_after=2026-05-12 00:00:00+00:00
[2026-05-12T04:57:52.528+0000] {processor.py:183} INFO - Processing /opt/airflow/dags/dynamic_etl_dag.py took 1.047 seconds
[2026-05-12T04:58:22.906+0000] {processor.py:161} INFO - Started process (PID=5639) to work on /opt/airflow/dags/dynamic_etl_dag.py
[2026-05-12T04:58:22.907+0000] {processor.py:830} INFO - Processing file /opt/airflow/dags/dynamic_etl_dag.py for tasks to queue
[2026-05-12T04:58:22.909+0000] {logging_mixin.py:188} INFO - [2026-05-12T04:58:22.909+0000] {dagbag.py:545} INFO - Filling up the DagBag from /opt/airflow/dags/dynamic_etl_dag.py
[2026-05-12T04:58:23.870+0000] {processor.py:840} INFO - DAG(s) 'dynamic_etl_framework' retrieved from /opt/airflow/dags/dynamic_etl_dag.py
[2026-05-12T04:58:24.025+0000] {logging_mixin.py:188} INFO - [2026-05-12T04:58:24.024+0000] {dag.py:3096} INFO - Sync 1 DAGs
[2026-05-12T04:58:24.068+0000] {logging_mixin.py:188} INFO - [2026-05-12T04:58:24.068+0000] {dag.py:3954} INFO - Setting next_dagrun for dynamic_etl_framework to 2026-05-11 00:00:00+00:00, run_after=2026-05-12 00:00:00+00:00
[2026-05-12T04:58:24.114+0000] {processor.py:183} INFO - Processing /opt/airflow/dags/dynamic_etl_dag.py took 1.216 seconds
[2026-05-12T04:58:54.318+0000] {processor.py:161} INFO - Started process (PID=5645) to work on /opt/airflow/dags/dynamic_etl_dag.py
[2026-05-12T04:58:54.319+0000] {processor.py:830} INFO - Processing file /opt/airflow/dags/dynamic_etl_dag.py for tasks to queue
[2026-05-12T04:58:54.320+0000] {logging_mixin.py:188} INFO - [2026-05-12T04:58:54.320+0000] {dagbag.py:545} INFO - Filling up the DagBag from /opt/airflow/dags/dynamic_etl_dag.py
[2026-05-12T04:58:54.994+0000] {processor.py:840} INFO - DAG(s) 'dynamic_etl_framework' retrieved from /opt/airflow/dags/dynamic_etl_dag.py
[2026-05-12T04:58:55.148+0000] {logging_mixin.py:188} INFO - [2026-05-12T04:58:55.148+0000] {dag.py:3096} INFO - Sync 1 DAGs
[2026-05-12T04:58:55.168+0000] {logging_mixin.py:188} INFO - [2026-05-12T04:58:55.167+0000] {dag.py:3954} INFO - Setting next_dagrun for dynamic_etl_framework to 2026-05-11 00:00:00+00:00, run_after=2026-05-12 00:00:00+00:00
[2026-05-12T04:58:55.196+0000] {processor.py:183} INFO - Processing /opt/airflow/dags/dynamic_etl_dag.py took 0.884 seconds
[2026-05-12T04:59:25.601+0000] {processor.py:161} INFO - Started process (PID=5651) to work on /opt/airflow/dags/dynamic_etl_dag.py
[2026-05-12T04:59:25.602+0000] {processor.py:830} INFO - Processing file /opt/airflow/dags/dynamic_etl_dag.py for tasks to queue
[2026-05-12T04:59:25.603+0000] {logging_mixin.py:188} INFO - [2026-05-12T04:59:25.603+0000] {dagbag.py:545} INFO - Filling up the DagBag from /opt/airflow/dags/dynamic_etl_dag.py
[2026-05-12T04:59:26.296+0000] {processor.py:840} INFO - DAG(s) 'dynamic_etl_framework' retrieved from /opt/airflow/dags/dynamic_etl_dag.py
[2026-05-12T04:59:26.450+0000] {logging_mixin.py:188} INFO - [2026-05-12T04:59:26.449+0000] {dag.py:3096} INFO - Sync 1 DAGs
[2026-05-12T04:59:26.470+0000] {logging_mixin.py:188} INFO - [2026-05-12T04:59:26.470+0000] {dag.py:3954} INFO - Setting next_dagrun for dynamic_etl_framework to 2026-05-11 00:00:00+00:00, run_after=2026-05-12 00:00:00+00:00
[2026-05-12T04:59:26.503+0000] {processor.py:183} INFO - Processing /opt/airflow/dags/dynamic_etl_dag.py took 0.907 seconds
[2026-05-12T04:59:56.922+0000] {processor.py:161} INFO - Started process (PID=5657) to work on /opt/airflow/dags/dynamic_etl_dag.py
[2026-05-12T04:59:56.923+0000] {processor.py:830} INFO - Processing file /opt/airflow/dags/dynamic_etl_dag.py for tasks to queue
[2026-05-12T04:59:56.925+0000] {logging_mixin.py:188} INFO - [2026-05-12T04:59:56.924+0000] {dagbag.py:545} INFO - Filling up the DagBag from /opt/airflow/dags/dynamic_etl_dag.py
[2026-05-12T04:59:57.695+0000] {processor.py:840} INFO - DAG(s) 'dynamic_etl_framework' retrieved from /opt/airflow/dags/dynamic_etl_dag.py
[2026-05-12T04:59:57.864+0000] {logging_mixin.py:188} INFO - [2026-05-12T04:59:57.864+0000] {dag.py:3096} INFO - Sync 1 DAGs
[2026-05-12T04:59:57.892+0000] {logging_mixin.py:188} INFO - [2026-05-12T04:59:57.892+0000] {dag.py:3954} INFO - Setting next_dagrun for dynamic_etl_framework to 2026-05-11 00:00:00+00:00, run_after=2026-05-12 00:00:00+00:00
[2026-05-12T04:59:57.943+0000] {processor.py:183} INFO - Processing /opt/airflow/dags/dynamic_etl_dag.py took 1.026 seconds
[2026-05-12T05:00:28.341+0000] {processor.py:161} INFO - Started process (PID=5663) to work on /opt/airflow/dags/dynamic_etl_dag.py
[2026-05-12T05:00:28.343+0000] {processor.py:830} INFO - Processing file /opt/airflow/dags/dynamic_etl_dag.py for tasks to queue
[2026-05-12T05:00:28.344+0000] {logging_mixin.py:188} INFO - [2026-05-12T05:00:28.344+0000] {dagbag.py:545} INFO - Filling up the DagBag from /opt/airflow/dags/dynamic_etl_dag.py
[2026-05-12T05:00:29.078+0000] {processor.py:840} INFO - DAG(s) 'dynamic_etl_framework' retrieved from /opt/airflow/dags/dynamic_etl_dag.py
[2026-05-12T05:00:29.247+0000] {logging_mixin.py:188} INFO - [2026-05-12T05:00:29.246+0000] {dag.py:3096} INFO - Sync 1 DAGs
[2026-05-12T05:00:29.269+0000] {logging_mixin.py:188} INFO - [2026-05-12T05:00:29.268+0000] {dag.py:3954} INFO - Setting next_dagrun for dynamic_etl_framework to 2026-05-11 00:00:00+00:00, run_after=2026-05-12 00:00:00+00:00
[2026-05-12T05:00:29.301+0000] {processor.py:183} INFO - Processing /opt/airflow/dags/dynamic_etl_dag.py took 0.965 seconds
[2026-05-12T05:00:59.676+0000] {processor.py:161} INFO - Started process (PID=5669) to work on /opt/airflow/dags/dynamic_etl_dag.py
[2026-05-12T05:00:59.678+0000] {processor.py:830} INFO - Processing file /opt/airflow/dags/dynamic_etl_dag.py for tasks to queue
[2026-05-12T05:00:59.680+0000] {logging_mixin.py:188} INFO - [2026-05-12T05:00:59.679+0000] {dagbag.py:545} INFO - Filling up the DagBag from /opt/airflow/dags/dynamic_etl_dag.py
[2026-05-12T05:01:00.445+0000] {processor.py:840} INFO - DAG(s) 'dynamic_etl_framework' retrieved from /opt/airflow/dags/dynamic_etl_dag.py
[2026-05-12T05:01:00.602+0000] {logging_mixin.py:188} INFO - [2026-05-12T05:01:00.602+0000] {dag.py:3096} INFO - Sync 1 DAGs
[2026-05-12T05:01:00.631+0000] {logging_mixin.py:188} INFO - [2026-05-12T05:01:00.631+0000] {dag.py:3954} INFO - Setting next_dagrun for dynamic_etl_framework to 2026-05-11 00:00:00+00:00, run_after=2026-05-12 00:00:00+00:00
[2026-05-12T05:01:00.674+0000] {processor.py:183} INFO - Processing /opt/airflow/dags/dynamic_etl_dag.py took 1.010 seconds
[2026-05-12T05:01:31.046+0000] {processor.py:161} INFO - Started process (PID=5675) to work on /opt/airflow/dags/dynamic_etl_dag.py
[2026-05-12T05:01:31.047+0000] {processor.py:830} INFO - Processing file /opt/airflow/dags/dynamic_etl_dag.py for tasks to queue
[2026-05-12T05:01:31.049+0000] {logging_mixin.py:188} INFO - [2026-05-12T05:01:31.048+0000] {dagbag.py:545} INFO - Filling up the DagBag from /opt/airflow/dags/dynamic_etl_dag.py
[2026-05-12T05:01:31.892+0000] {processor.py:840} INFO - DAG(s) 'dynamic_etl_framework' retrieved from /opt/airflow/dags/dynamic_etl_dag.py
[2026-05-12T05:01:32.041+0000] {logging_mixin.py:188} INFO - [2026-05-12T05:01:32.041+0000] {dag.py:3096} INFO - Sync 1 DAGs
[2026-05-12T05:01:32.061+0000] {logging_mixin.py:188} INFO - [2026-05-12T05:01:32.061+0000] {dag.py:3954} INFO - Setting next_dagrun for dynamic_etl_framework to 2026-05-11 00:00:00+00:00, run_after=2026-05-12 00:00:00+00:00
[2026-05-12T05:01:32.089+0000] {processor.py:183} INFO - Processing /opt/airflow/dags/dynamic_etl_dag.py took 1.048 seconds
[2026-05-12T05:02:02.408+0000] {processor.py:161} INFO - Started process (PID=5681) to work on /opt/airflow/dags/dynamic_etl_dag.py
[2026-05-12T05:02:02.409+0000] {processor.py:830} INFO - Processing file /opt/airflow/dags/dynamic_etl_dag.py for tasks to queue
[2026-05-12T05:02:02.410+0000] {logging_mixin.py:188} INFO - [2026-05-12T05:02:02.410+0000] {dagbag.py:545} INFO - Filling up the DagBag from /opt/airflow/dags/dynamic_etl_dag.py
[2026-05-12T05:02:03.155+0000] {processor.py:840} INFO - DAG(s) 'dynamic_etl_framework' retrieved from /opt/airflow/dags/dynamic_etl_dag.py
[2026-05-12T05:02:03.304+0000] {logging_mixin.py:188} INFO - [2026-05-12T05:02:03.303+0000] {dag.py:3096} INFO - Sync 1 DAGs
[2026-05-12T05:02:03.334+0000] {logging_mixin.py:188} INFO - [2026-05-12T05:02:03.334+0000] {dag.py:3954} INFO - Setting next_dagrun for dynamic_etl_framework to 2026-05-11 00:00:00+00:00, run_after=2026-05-12 00:00:00+00:00
[2026-05-12T05:02:03.378+0000] {processor.py:183} INFO - Processing /opt/airflow/dags/dynamic_etl_dag.py took 0.975 seconds
[2026-05-12T05:02:33.766+0000] {processor.py:161} INFO - Started process (PID=5687) to work on /opt/airflow/dags/dynamic_etl_dag.py
[2026-05-12T05:02:33.768+0000] {processor.py:830} INFO - Processing file /opt/airflow/dags/dynamic_etl_dag.py for tasks to queue
[2026-05-12T05:02:33.770+0000] {logging_mixin.py:188} INFO - [2026-05-12T05:02:33.770+0000] {dagbag.py:545} INFO - Filling up the DagBag from /opt/airflow/dags/dynamic_etl_dag.py
[2026-05-12T05:02:34.473+0000] {processor.py:840} INFO - DAG(s) 'dynamic_etl_framework' retrieved from /opt/airflow/dags/dynamic_etl_dag.py
[2026-05-12T05:02:34.642+0000] {logging_mixin.py:188} INFO - [2026-05-12T05:02:34.642+0000] {dag.py:3096} INFO - Sync 1 DAGs
[2026-05-12T05:02:34.667+0000] {logging_mixin.py:188} INFO - [2026-05-12T05:02:34.667+0000] {dag.py:3954} INFO - Setting next_dagrun for dynamic_etl_framework to 2026-05-11 00:00:00+00:00, run_after=2026-05-12 00:00:00+00:00
[2026-05-12T05:02:34.705+0000] {processor.py:183} INFO - Processing /opt/airflow/dags/dynamic_etl_dag.py took 0.943 seconds
[2026-05-12T05:03:05.092+0000] {processor.py:161} INFO - Started process (PID=5693) to work on /opt/airflow/dags/dynamic_etl_dag.py
[2026-05-12T05:03:05.094+0000] {processor.py:830} INFO - Processing file /opt/airflow/dags/dynamic_etl_dag.py for tasks to queue
[2026-05-12T05:03:05.095+0000] {logging_mixin.py:188} INFO - [2026-05-12T05:03:05.095+0000] {dagbag.py:545} INFO - Filling up the DagBag from /opt/airflow/dags/dynamic_etl_dag.py
[2026-05-12T05:03:05.746+0000] {processor.py:840} INFO - DAG(s) 'dynamic_etl_framework' retrieved from /opt/airflow/dags/dynamic_etl_dag.py
[2026-05-12T05:03:05.901+0000] {logging_mixin.py:188} INFO - [2026-05-12T05:03:05.900+0000] {dag.py:3096} INFO - Sync 1 DAGs
[2026-05-12T05:03:05.942+0000] {logging_mixin.py:188} INFO - [2026-05-12T05:03:05.942+0000] {dag.py:3954} INFO - Setting next_dagrun for dynamic_etl_framework to 2026-05-11 00:00:00+00:00, run_after=2026-05-12 00:00:00+00:00
[2026-05-12T05:03:05.974+0000] {processor.py:183} INFO - Processing /opt/airflow/dags/dynamic_etl_dag.py took 0.886 seconds
[2026-05-12T05:03:36.371+0000] {processor.py:161} INFO - Started process (PID=5699) to work on /opt/airflow/dags/dynamic_etl_dag.py
[2026-05-12T05:03:36.372+0000] {processor.py:830} INFO - Processing file /opt/airflow/dags/dynamic_etl_dag.py for tasks to queue
[2026-05-12T05:03:36.373+0000] {logging_mixin.py:188} INFO - [2026-05-12T05:03:36.372+0000] {dagbag.py:545} INFO - Filling up the DagBag from /opt/airflow/dags/dynamic_etl_dag.py
[2026-05-12T05:03:37.237+0000] {processor.py:840} INFO - DAG(s) 'dynamic_etl_framework' retrieved from /opt/airflow/dags/dynamic_etl_dag.py
[2026-05-12T05:03:37.440+0000] {logging_mixin.py:188} INFO - [2026-05-12T05:03:37.439+0000] {dag.py:3096} INFO - Sync 1 DAGs
[2026-05-12T05:03:37.465+0000] {logging_mixin.py:188} INFO - [2026-05-12T05:03:37.464+0000] {dag.py:3954} INFO - Setting next_dagrun for dynamic_etl_framework to 2026-05-11 00:00:00+00:00, run_after=2026-05-12 00:00:00+00:00
[2026-05-12T05:03:37.505+0000] {processor.py:183} INFO - Processing /opt/airflow/dags/dynamic_etl_dag.py took 1.141 seconds
[2026-05-12T05:04:07.786+0000] {processor.py:161} INFO - Started process (PID=5705) to work on /opt/airflow/dags/dynamic_etl_dag.py
[2026-05-12T05:04:07.787+0000] {processor.py:830} INFO - Processing file /opt/airflow/dags/dynamic_etl_dag.py for tasks to queue
[2026-05-12T05:04:07.788+0000] {logging_mixin.py:188} INFO - [2026-05-12T05:04:07.787+0000] {dagbag.py:545} INFO - Filling up the DagBag from /opt/airflow/dags/dynamic_etl_dag.py
[2026-05-12T05:04:08.624+0000] {processor.py:840} INFO - DAG(s) 'dynamic_etl_framework' retrieved from /opt/airflow/dags/dynamic_etl_dag.py
[2026-05-12T05:04:08.776+0000] {logging_mixin.py:188} INFO - [2026-05-12T05:04:08.775+0000] {dag.py:3096} INFO - Sync 1 DAGs
[2026-05-12T05:04:08.806+0000] {logging_mixin.py:188} INFO - [2026-05-12T05:04:08.806+0000] {dag.py:3954} INFO - Setting next_dagrun for dynamic_etl_framework to 2026-05-11 00:00:00+00:00, run_after=2026-05-12 00:00:00+00:00
[2026-05-12T05:04:08.845+0000] {processor.py:183} INFO - Processing /opt/airflow/dags/dynamic_etl_dag.py took 1.064 seconds
[2026-05-12T05:04:39.173+0000] {processor.py:161} INFO - Started process (PID=5711) to work on /opt/airflow/dags/dynamic_etl_dag.py
[2026-05-12T05:04:39.175+0000] {processor.py:830} INFO - Processing file /opt/airflow/dags/dynamic_etl_dag.py for tasks to queue
[2026-05-12T05:04:39.177+0000] {logging_mixin.py:188} INFO - [2026-05-12T05:04:39.176+0000] {dagbag.py:545} INFO - Filling up the DagBag from /opt/airflow/dags/dynamic_etl_dag.py
[2026-05-12T05:04:40.032+0000] {processor.py:840} INFO - DAG(s) 'dynamic_etl_framework' retrieved from /opt/airflow/dags/dynamic_etl_dag.py
[2026-05-12T05:04:40.179+0000] {logging_mixin.py:188} INFO - [2026-05-12T05:04:40.178+0000] {dag.py:3096} INFO - Sync 1 DAGs
[2026-05-12T05:04:40.198+0000] {logging_mixin.py:188} INFO - [2026-05-12T05:04:40.198+0000] {dag.py:3954} INFO - Setting next_dagrun for dynamic_etl_framework to 2026-05-11 00:00:00+00:00, run_after=2026-05-12 00:00:00+00:00
[2026-05-12T05:04:40.225+0000] {processor.py:183} INFO - Processing /opt/airflow/dags/dynamic_etl_dag.py took 1.058 seconds
[2026-05-12T05:05:10.580+0000] {processor.py:161} INFO - Started process (PID=5717) to work on /opt/airflow/dags/dynamic_etl_dag.py
[2026-05-12T05:05:10.581+0000] {processor.py:830} INFO - Processing file /opt/airflow/dags/dynamic_etl_dag.py for tasks to queue
[2026-05-12T05:05:10.582+0000] {logging_mixin.py:188} INFO - [2026-05-12T05:05:10.582+0000] {dagbag.py:545} INFO - Filling up the DagBag from /opt/airflow/dags/dynamic_etl_dag.py
[2026-05-12T05:05:11.300+0000] {processor.py:840} INFO - DAG(s) 'dynamic_etl_framework' retrieved from /opt/airflow/dags/dynamic_etl_dag.py
[2026-05-12T05:05:11.448+0000] {logging_mixin.py:188} INFO - [2026-05-12T05:05:11.447+0000] {dag.py:3096} INFO - Sync 1 DAGs
[2026-05-12T05:05:11.470+0000] {logging_mixin.py:188} INFO - [2026-05-12T05:05:11.470+0000] {dag.py:3954} INFO - Setting next_dagrun for dynamic_etl_framework to 2026-05-11 00:00:00+00:00, run_after=2026-05-12 00:00:00+00:00
[2026-05-12T05:05:11.504+0000] {processor.py:183} INFO - Processing /opt/airflow/dags/dynamic_etl_dag.py took 0.928 seconds
[2026-05-12T05:05:42.023+0000] {processor.py:161} INFO - Started process (PID=5723) to work on /opt/airflow/dags/dynamic_etl_dag.py
[2026-05-12T05:05:42.025+0000] {processor.py:830} INFO - Processing file /opt/airflow/dags/dynamic_etl_dag.py for tasks to queue
[2026-05-12T05:05:42.026+0000] {logging_mixin.py:188} INFO - [2026-05-12T05:05:42.026+0000] {dagbag.py:545} INFO - Filling up the DagBag from /opt/airflow/dags/dynamic_etl_dag.py
[2026-05-12T05:05:42.734+0000] {processor.py:840} INFO - DAG(s) 'dynamic_etl_framework' retrieved from /opt/airflow/dags/dynamic_etl_dag.py
[2026-05-12T05:05:42.881+0000] {logging_mixin.py:188} INFO - [2026-05-12T05:05:42.881+0000] {dag.py:3096} INFO - Sync 1 DAGs
[2026-05-12T05:05:42.903+0000] {logging_mixin.py:188} INFO - [2026-05-12T05:05:42.903+0000] {dag.py:3954} INFO - Setting next_dagrun for dynamic_etl_framework to 2026-05-11 00:00:00+00:00, run_after=2026-05-12 00:00:00+00:00
[2026-05-12T05:05:42.935+0000] {processor.py:183} INFO - Processing /opt/airflow/dags/dynamic_etl_dag.py took 0.917 seconds
[2026-05-12T05:06:13.313+0000] {processor.py:161} INFO - Started process (PID=5729) to work on /opt/airflow/dags/dynamic_etl_dag.py
[2026-05-12T05:06:13.315+0000] {processor.py:830} INFO - Processing file /opt/airflow/dags/dynamic_etl_dag.py for tasks to queue
[2026-05-12T05:06:13.316+0000] {logging_mixin.py:188} INFO - [2026-05-12T05:06:13.315+0000] {dagbag.py:545} INFO - Filling up the DagBag from /opt/airflow/dags/dynamic_etl_dag.py
[2026-05-12T05:06:14.135+0000] {processor.py:840} INFO - DAG(s) 'dynamic_etl_framework' retrieved from /opt/airflow/dags/dynamic_etl_dag.py
[2026-05-12T05:06:14.300+0000] {logging_mixin.py:188} INFO - [2026-05-12T05:06:14.300+0000] {dag.py:3096} INFO - Sync 1 DAGs
[2026-05-12T05:06:14.328+0000] {logging_mixin.py:188} INFO - [2026-05-12T05:06:14.328+0000] {dag.py:3954} INFO - Setting next_dagrun for dynamic_etl_framework to 2026-05-11 00:00:00+00:00, run_after=2026-05-12 00:00:00+00:00
[2026-05-12T05:06:14.369+0000] {processor.py:183} INFO - Processing /opt/airflow/dags/dynamic_etl_dag.py took 1.061 seconds
[2026-05-12T05:06:44.726+0000] {processor.py:161} INFO - Started process (PID=5735) to work on /opt/airflow/dags/dynamic_etl_dag.py
[2026-05-12T05:06:44.728+0000] {processor.py:830} INFO - Processing file /opt/airflow/dags/dynamic_etl_dag.py for tasks to queue
[2026-05-12T05:06:44.729+0000] {logging_mixin.py:188} INFO - [2026-05-12T05:06:44.729+0000] {dagbag.py:545} INFO - Filling up the DagBag from /opt/airflow/dags/dynamic_etl_dag.py
[2026-05-12T05:06:45.574+0000] {processor.py:840} INFO - DAG(s) 'dynamic_etl_framework' retrieved from /opt/airflow/dags/dynamic_etl_dag.py
[2026-05-12T05:06:45.758+0000] {logging_mixin.py:188} INFO - [2026-05-12T05:06:45.758+0000] {dag.py:3096} INFO - Sync 1 DAGs
[2026-05-12T05:06:45.779+0000] {logging_mixin.py:188} INFO - [2026-05-12T05:06:45.778+0000] {dag.py:3954} INFO - Setting next_dagrun for dynamic_etl_framework to 2026-05-11 00:00:00+00:00, run_after=2026-05-12 00:00:00+00:00
[2026-05-12T05:06:45.815+0000] {processor.py:183} INFO - Processing /opt/airflow/dags/dynamic_etl_dag.py took 1.098 seconds
[2026-05-12T05:07:16.133+0000] {processor.py:161} INFO - Started process (PID=5741) to work on /opt/airflow/dags/dynamic_etl_dag.py
[2026-05-12T05:07:16.134+0000] {processor.py:830} INFO - Processing file /opt/airflow/dags/dynamic_etl_dag.py for tasks to queue
[2026-05-12T05:07:16.135+0000] {logging_mixin.py:188} INFO - [2026-05-12T05:07:16.135+0000] {dagbag.py:545} INFO - Filling up the DagBag from /opt/airflow/dags/dynamic_etl_dag.py
[2026-05-12T05:07:16.909+0000] {processor.py:840} INFO - DAG(s) 'dynamic_etl_framework' retrieved from /opt/airflow/dags/dynamic_etl_dag.py
[2026-05-12T05:07:17.088+0000] {logging_mixin.py:188} INFO - [2026-05-12T05:07:17.087+0000] {dag.py:3096} INFO - Sync 1 DAGs
[2026-05-12T05:07:17.112+0000] {logging_mixin.py:188} INFO - [2026-05-12T05:07:17.112+0000] {dag.py:3954} INFO - Setting next_dagrun for dynamic_etl_framework to 2026-05-11 00:00:00+00:00, run_after=2026-05-12 00:00:00+00:00
[2026-05-12T05:07:17.158+0000] {processor.py:183} INFO - Processing /opt/airflow/dags/dynamic_etl_dag.py took 1.031 seconds
[2026-05-12T05:07:47.585+0000] {processor.py:161} INFO - Started process (PID=5747) to work on /opt/airflow/dags/dynamic_etl_dag.py
[2026-05-12T05:07:47.587+0000] {processor.py:830} INFO - Processing file /opt/airflow/dags/dynamic_etl_dag.py for tasks to queue
[2026-05-12T05:07:47.588+0000] {logging_mixin.py:188} INFO - [2026-05-12T05:07:47.588+0000] {dagbag.py:545} INFO - Filling up the DagBag from /opt/airflow/dags/dynamic_etl_dag.py
[2026-05-12T05:07:48.399+0000] {processor.py:840} INFO - DAG(s) 'dynamic_etl_framework' retrieved from /opt/airflow/dags/dynamic_etl_dag.py
[2026-05-12T05:07:48.585+0000] {logging_mixin.py:188} INFO - [2026-05-12T05:07:48.584+0000] {dag.py:3096} INFO - Sync 1 DAGs
[2026-05-12T05:07:48.610+0000] {logging_mixin.py:188} INFO - [2026-05-12T05:07:48.609+0000] {dag.py:3954} INFO - Setting next_dagrun for dynamic_etl_framework to 2026-05-11 00:00:00+00:00, run_after=2026-05-12 00:00:00+00:00
[2026-05-12T05:07:48.649+0000] {processor.py:183} INFO - Processing /opt/airflow/dags/dynamic_etl_dag.py took 1.069 seconds
[2026-05-12T05:08:19.041+0000] {processor.py:161} INFO - Started process (PID=5753) to work on /opt/airflow/dags/dynamic_etl_dag.py
[2026-05-12T05:08:19.045+0000] {processor.py:830} INFO - Processing file /opt/airflow/dags/dynamic_etl_dag.py for tasks to queue
[2026-05-12T05:08:19.048+0000] {logging_mixin.py:188} INFO - [2026-05-12T05:08:19.047+0000] {dagbag.py:545} INFO - Filling up the DagBag from /opt/airflow/dags/dynamic_etl_dag.py
[2026-05-12T05:08:19.838+0000] {processor.py:840} INFO - DAG(s) 'dynamic_etl_framework' retrieved from /opt/airflow/dags/dynamic_etl_dag.py
[2026-05-12T05:08:19.987+0000] {logging_mixin.py:188} INFO - [2026-05-12T05:08:19.986+0000] {dag.py:3096} INFO - Sync 1 DAGs
[2026-05-12T05:08:20.008+0000] {logging_mixin.py:188} INFO - [2026-05-12T05:08:20.008+0000] {dag.py:3954} INFO - Setting next_dagrun for dynamic_etl_framework to 2026-05-11 00:00:00+00:00, run_after=2026-05-12 00:00:00+00:00
[2026-05-12T05:08:20.038+0000] {processor.py:183} INFO - Processing /opt/airflow/dags/dynamic_etl_dag.py took 1.010 seconds
[2026-05-12T05:08:50.390+0000] {processor.py:161} INFO - Started process (PID=5759) to work on /opt/airflow/dags/dynamic_etl_dag.py
[2026-05-12T05:08:50.391+0000] {processor.py:830} INFO - Processing file /opt/airflow/dags/dynamic_etl_dag.py for tasks to queue
[2026-05-12T05:08:50.392+0000] {logging_mixin.py:188} INFO - [2026-05-12T05:08:50.391+0000] {dagbag.py:545} INFO - Filling up the DagBag from /opt/airflow/dags/dynamic_etl_dag.py
[2026-05-12T05:08:51.153+0000] {processor.py:840} INFO - DAG(s) 'dynamic_etl_framework' retrieved from /opt/airflow/dags/dynamic_etl_dag.py
[2026-05-12T05:08:51.420+0000] {logging_mixin.py:188} INFO - [2026-05-12T05:08:51.419+0000] {dag.py:3096} INFO - Sync 1 DAGs
[2026-05-12T05:08:51.449+0000] {logging_mixin.py:188} INFO - [2026-05-12T05:08:51.448+0000] {dag.py:3954} INFO - Setting next_dagrun for dynamic_etl_framework to 2026-05-11 00:00:00+00:00, run_after=2026-05-12 00:00:00+00:00
[2026-05-12T05:08:51.491+0000] {processor.py:183} INFO - Processing /opt/airflow/dags/dynamic_etl_dag.py took 1.106 seconds
[2026-05-12T05:09:21.791+0000] {processor.py:161} INFO - Started process (PID=5765) to work on /opt/airflow/dags/dynamic_etl_dag.py
[2026-05-12T05:09:21.793+0000] {processor.py:830} INFO - Processing file /opt/airflow/dags/dynamic_etl_dag.py for tasks to queue
[2026-05-12T05:09:21.795+0000] {logging_mixin.py:188} INFO - [2026-05-12T05:09:21.794+0000] {dagbag.py:545} INFO - Filling up the DagBag from /opt/airflow/dags/dynamic_etl_dag.py
[2026-05-12T05:09:22.545+0000] {processor.py:840} INFO - DAG(s) 'dynamic_etl_framework' retrieved from /opt/airflow/dags/dynamic_etl_dag.py
[2026-05-12T05:09:22.698+0000] {logging_mixin.py:188} INFO - [2026-05-12T05:09:22.698+0000] {dag.py:3096} INFO - Sync 1 DAGs
[2026-05-12T05:09:22.719+0000] {logging_mixin.py:188} INFO - [2026-05-12T05:09:22.718+0000] {dag.py:3954} INFO - Setting next_dagrun for dynamic_etl_framework to 2026-05-11 00:00:00+00:00, run_after=2026-05-12 00:00:00+00:00
[2026-05-12T05:09:22.748+0000] {processor.py:183} INFO - Processing /opt/airflow/dags/dynamic_etl_dag.py took 0.964 seconds
[2026-05-12T05:09:53.159+0000] {processor.py:161} INFO - Started process (PID=5771) to work on /opt/airflow/dags/dynamic_etl_dag.py
[2026-05-12T05:09:53.161+0000] {processor.py:830} INFO - Processing file /opt/airflow/dags/dynamic_etl_dag.py for tasks to queue
[2026-05-12T05:09:53.162+0000] {logging_mixin.py:188} INFO - [2026-05-12T05:09:53.162+0000] {dagbag.py:545} INFO - Filling up the DagBag from /opt/airflow/dags/dynamic_etl_dag.py
[2026-05-12T05:09:53.848+0000] {processor.py:840} INFO - DAG(s) 'dynamic_etl_framework' retrieved from /opt/airflow/dags/dynamic_etl_dag.py
[2026-05-12T05:09:53.989+0000] {logging_mixin.py:188} INFO - [2026-05-12T05:09:53.988+0000] {dag.py:3096} INFO - Sync 1 DAGs
[2026-05-12T05:09:54.008+0000] {logging_mixin.py:188} INFO - [2026-05-12T05:09:54.008+0000] {dag.py:3954} INFO - Setting next_dagrun for dynamic_etl_framework to 2026-05-11 00:00:00+00:00, run_after=2026-05-12 00:00:00+00:00
[2026-05-12T05:09:54.036+0000] {processor.py:183} INFO - Processing /opt/airflow/dags/dynamic_etl_dag.py took 0.882 seconds
[2026-05-12T05:10:24.539+0000] {processor.py:161} INFO - Started process (PID=5777) to work on /opt/airflow/dags/dynamic_etl_dag.py
[2026-05-12T05:10:24.540+0000] {processor.py:830} INFO - Processing file /opt/airflow/dags/dynamic_etl_dag.py for tasks to queue
[2026-05-12T05:10:24.541+0000] {logging_mixin.py:188} INFO - [2026-05-12T05:10:24.541+0000] {dagbag.py:545} INFO - Filling up the DagBag from /opt/airflow/dags/dynamic_etl_dag.py
[2026-05-12T05:10:25.238+0000] {processor.py:840} INFO - DAG(s) 'dynamic_etl_framework' retrieved from /opt/airflow/dags/dynamic_etl_dag.py
[2026-05-12T05:10:25.413+0000] {logging_mixin.py:188} INFO - [2026-05-12T05:10:25.413+0000] {dag.py:3096} INFO - Sync 1 DAGs
[2026-05-12T05:10:25.439+0000] {logging_mixin.py:188} INFO - [2026-05-12T05:10:25.439+0000] {dag.py:3954} INFO - Setting next_dagrun for dynamic_etl_framework to 2026-05-11 00:00:00+00:00, run_after=2026-05-12 00:00:00+00:00
[2026-05-12T05:10:25.484+0000] {processor.py:183} INFO - Processing /opt/airflow/dags/dynamic_etl_dag.py took 0.950 seconds
[2026-05-12T05:10:55.940+0000] {processor.py:161} INFO - Started process (PID=5783) to work on /opt/airflow/dags/dynamic_etl_dag.py
[2026-05-12T05:10:55.942+0000] {processor.py:830} INFO - Processing file /opt/airflow/dags/dynamic_etl_dag.py for tasks to queue
[2026-05-12T05:10:55.943+0000] {logging_mixin.py:188} INFO - [2026-05-12T05:10:55.943+0000] {dagbag.py:545} INFO - Filling up the DagBag from /opt/airflow/dags/dynamic_etl_dag.py
[2026-05-12T05:10:56.615+0000] {processor.py:840} INFO - DAG(s) 'dynamic_etl_framework' retrieved from /opt/airflow/dags/dynamic_etl_dag.py
[2026-05-12T05:10:56.763+0000] {logging_mixin.py:188} INFO - [2026-05-12T05:10:56.762+0000] {dag.py:3096} INFO - Sync 1 DAGs
[2026-05-12T05:10:56.783+0000] {logging_mixin.py:188} INFO - [2026-05-12T05:10:56.783+0000] {dag.py:3954} INFO - Setting next_dagrun for dynamic_etl_framework to 2026-05-11 00:00:00+00:00, run_after=2026-05-12 00:00:00+00:00
[2026-05-12T05:10:56.818+0000] {processor.py:183} INFO - Processing /opt/airflow/dags/dynamic_etl_dag.py took 0.883 seconds
[2026-05-12T05:11:27.278+0000] {processor.py:161} INFO - Started process (PID=5789) to work on /opt/airflow/dags/dynamic_etl_dag.py
[2026-05-12T05:11:27.280+0000] {processor.py:830} INFO - Processing file /opt/airflow/dags/dynamic_etl_dag.py for tasks to queue
[2026-05-12T05:11:27.281+0000] {logging_mixin.py:188} INFO - [2026-05-12T05:11:27.281+0000] {dagbag.py:545} INFO - Filling up the DagBag from /opt/airflow/dags/dynamic_etl_dag.py
[2026-05-12T05:11:27.718+0000] {logging_mixin.py:188} INFO - [2026-05-12T05:11:27.707+0000] {dagbag.py:355} ERROR - Failed to import: /opt/airflow/dags/dynamic_etl_dag.py
Traceback (most recent call last):
  File "/home/airflow/.local/lib/python3.12/site-packages/airflow/models/dagbag.py", line 351, in parse
    loader.exec_module(new_module)
  File "<frozen importlib._bootstrap_external>", line 995, in exec_module
  File "<frozen importlib._bootstrap>", line 488, in _call_with_frames_removed
  File "/opt/airflow/dags/dynamic_etl_dag.py", line 19, in <module>
    from main import run_pipeline
  File "/opt/airflow/project/main.py", line 6, in <module>
    from target_loader import create_table_if_not_exists, upsert_data, get_target_connection
  File "/opt/airflow/project/target_loader.py", line 78
    with engine.begin() as conn:
                                ^
IndentationError: unindent does not match any outer indentation level
[2026-05-12T05:11:27.721+0000] {processor.py:842} WARNING - No viable dags retrieved from /opt/airflow/dags/dynamic_etl_dag.py
[2026-05-12T05:11:27.877+0000] {processor.py:183} INFO - Processing /opt/airflow/dags/dynamic_etl_dag.py took 0.604 seconds
[2026-05-12T05:11:58.248+0000] {processor.py:161} INFO - Started process (PID=5795) to work on /opt/airflow/dags/dynamic_etl_dag.py
[2026-05-12T05:11:58.250+0000] {processor.py:830} INFO - Processing file /opt/airflow/dags/dynamic_etl_dag.py for tasks to queue
[2026-05-12T05:11:58.251+0000] {logging_mixin.py:188} INFO - [2026-05-12T05:11:58.251+0000] {dagbag.py:545} INFO - Filling up the DagBag from /opt/airflow/dags/dynamic_etl_dag.py
[2026-05-12T05:11:59.027+0000] {processor.py:840} INFO - DAG(s) 'dynamic_etl_framework' retrieved from /opt/airflow/dags/dynamic_etl_dag.py
[2026-05-12T05:11:59.177+0000] {logging_mixin.py:188} INFO - [2026-05-12T05:11:59.177+0000] {dag.py:3096} INFO - Sync 1 DAGs
[2026-05-12T05:11:59.205+0000] {logging_mixin.py:188} INFO - [2026-05-12T05:11:59.205+0000] {dag.py:3954} INFO - Setting next_dagrun for dynamic_etl_framework to 2026-05-11 00:00:00+00:00, run_after=2026-05-12 00:00:00+00:00
[2026-05-12T05:11:59.246+0000] {processor.py:183} INFO - Processing /opt/airflow/dags/dynamic_etl_dag.py took 1.002 seconds
[2026-05-12T05:12:29.602+0000] {processor.py:161} INFO - Started process (PID=5801) to work on /opt/airflow/dags/dynamic_etl_dag.py
[2026-05-12T05:12:29.603+0000] {processor.py:830} INFO - Processing file /opt/airflow/dags/dynamic_etl_dag.py for tasks to queue
[2026-05-12T05:12:29.604+0000] {logging_mixin.py:188} INFO - [2026-05-12T05:12:29.604+0000] {dagbag.py:545} INFO - Filling up the DagBag from /opt/airflow/dags/dynamic_etl_dag.py
[2026-05-12T05:12:30.325+0000] {processor.py:840} INFO - DAG(s) 'dynamic_etl_framework' retrieved from /opt/airflow/dags/dynamic_etl_dag.py
[2026-05-12T05:12:30.481+0000] {logging_mixin.py:188} INFO - [2026-05-12T05:12:30.480+0000] {dag.py:3096} INFO - Sync 1 DAGs
[2026-05-12T05:12:30.501+0000] {logging_mixin.py:188} INFO - [2026-05-12T05:12:30.501+0000] {dag.py:3954} INFO - Setting next_dagrun for dynamic_etl_framework to 2026-05-11 00:00:00+00:00, run_after=2026-05-12 00:00:00+00:00
[2026-05-12T05:12:30.534+0000] {processor.py:183} INFO - Processing /opt/airflow/dags/dynamic_etl_dag.py took 0.937 seconds
[2026-05-12T05:13:01.021+0000] {processor.py:161} INFO - Started process (PID=5807) to work on /opt/airflow/dags/dynamic_etl_dag.py
[2026-05-12T05:13:01.022+0000] {processor.py:830} INFO - Processing file /opt/airflow/dags/dynamic_etl_dag.py for tasks to queue
[2026-05-12T05:13:01.023+0000] {logging_mixin.py:188} INFO - [2026-05-12T05:13:01.023+0000] {dagbag.py:545} INFO - Filling up the DagBag from /opt/airflow/dags/dynamic_etl_dag.py
[2026-05-12T05:13:01.796+0000] {processor.py:840} INFO - DAG(s) 'dynamic_etl_framework' retrieved from /opt/airflow/dags/dynamic_etl_dag.py
[2026-05-12T05:13:01.953+0000] {logging_mixin.py:188} INFO - [2026-05-12T05:13:01.953+0000] {dag.py:3096} INFO - Sync 1 DAGs
[2026-05-12T05:13:01.972+0000] {logging_mixin.py:188} INFO - [2026-05-12T05:13:01.972+0000] {dag.py:3954} INFO - Setting next_dagrun for dynamic_etl_framework to 2026-05-11 00:00:00+00:00, run_after=2026-05-12 00:00:00+00:00
[2026-05-12T05:13:02.007+0000] {processor.py:183} INFO - Processing /opt/airflow/dags/dynamic_etl_dag.py took 0.991 seconds
[2026-05-12T05:13:32.523+0000] {processor.py:161} INFO - Started process (PID=5813) to work on /opt/airflow/dags/dynamic_etl_dag.py
[2026-05-12T05:13:32.524+0000] {processor.py:830} INFO - Processing file /opt/airflow/dags/dynamic_etl_dag.py for tasks to queue
[2026-05-12T05:13:32.525+0000] {logging_mixin.py:188} INFO - [2026-05-12T05:13:32.525+0000] {dagbag.py:545} INFO - Filling up the DagBag from /opt/airflow/dags/dynamic_etl_dag.py
[2026-05-12T05:13:33.285+0000] {processor.py:840} INFO - DAG(s) 'dynamic_etl_framework' retrieved from /opt/airflow/dags/dynamic_etl_dag.py
[2026-05-12T05:13:33.435+0000] {logging_mixin.py:188} INFO - [2026-05-12T05:13:33.435+0000] {dag.py:3096} INFO - Sync 1 DAGs
[2026-05-12T05:13:33.459+0000] {logging_mixin.py:188} INFO - [2026-05-12T05:13:33.459+0000] {dag.py:3954} INFO - Setting next_dagrun for dynamic_etl_framework to 2026-05-11 00:00:00+00:00, run_after=2026-05-12 00:00:00+00:00
[2026-05-12T05:13:33.503+0000] {processor.py:183} INFO - Processing /opt/airflow/dags/dynamic_etl_dag.py took 0.986 seconds
[2026-05-12T05:14:03.901+0000] {processor.py:161} INFO - Started process (PID=5819) to work on /opt/airflow/dags/dynamic_etl_dag.py
[2026-05-12T05:14:03.902+0000] {processor.py:830} INFO - Processing file /opt/airflow/dags/dynamic_etl_dag.py for tasks to queue
[2026-05-12T05:14:03.904+0000] {logging_mixin.py:188} INFO - [2026-05-12T05:14:03.903+0000] {dagbag.py:545} INFO - Filling up the DagBag from /opt/airflow/dags/dynamic_etl_dag.py
[2026-05-12T05:14:04.790+0000] {processor.py:840} INFO - DAG(s) 'dynamic_etl_framework' retrieved from /opt/airflow/dags/dynamic_etl_dag.py
[2026-05-12T05:14:05.021+0000] {logging_mixin.py:188} INFO - [2026-05-12T05:14:05.021+0000] {dag.py:3096} INFO - Sync 1 DAGs
[2026-05-12T05:14:05.044+0000] {logging_mixin.py:188} INFO - [2026-05-12T05:14:05.044+0000] {dag.py:3954} INFO - Setting next_dagrun for dynamic_etl_framework to 2026-05-11 00:00:00+00:00, run_after=2026-05-12 00:00:00+00:00
[2026-05-12T05:14:05.080+0000] {processor.py:183} INFO - Processing /opt/airflow/dags/dynamic_etl_dag.py took 1.183 seconds
[2026-05-12T05:14:35.279+0000] {processor.py:161} INFO - Started process (PID=5825) to work on /opt/airflow/dags/dynamic_etl_dag.py
[2026-05-12T05:14:35.280+0000] {processor.py:830} INFO - Processing file /opt/airflow/dags/dynamic_etl_dag.py for tasks to queue
[2026-05-12T05:14:35.281+0000] {logging_mixin.py:188} INFO - [2026-05-12T05:14:35.281+0000] {dagbag.py:545} INFO - Filling up the DagBag from /opt/airflow/dags/dynamic_etl_dag.py
[2026-05-12T05:14:35.999+0000] {processor.py:840} INFO - DAG(s) 'dynamic_etl_framework' retrieved from /opt/airflow/dags/dynamic_etl_dag.py
[2026-05-12T05:14:36.135+0000] {logging_mixin.py:188} INFO - [2026-05-12T05:14:36.135+0000] {dag.py:3096} INFO - Sync 1 DAGs
[2026-05-12T05:14:36.155+0000] {logging_mixin.py:188} INFO - [2026-05-12T05:14:36.155+0000] {dag.py:3954} INFO - Setting next_dagrun for dynamic_etl_framework to 2026-05-11 00:00:00+00:00, run_after=2026-05-12 00:00:00+00:00
[2026-05-12T05:14:36.185+0000] {processor.py:183} INFO - Processing /opt/airflow/dags/dynamic_etl_dag.py took 0.911 seconds
[2026-05-12T05:15:06.647+0000] {processor.py:161} INFO - Started process (PID=5831) to work on /opt/airflow/dags/dynamic_etl_dag.py
[2026-05-12T05:15:06.648+0000] {processor.py:830} INFO - Processing file /opt/airflow/dags/dynamic_etl_dag.py for tasks to queue
[2026-05-12T05:15:06.649+0000] {logging_mixin.py:188} INFO - [2026-05-12T05:15:06.649+0000] {dagbag.py:545} INFO - Filling up the DagBag from /opt/airflow/dags/dynamic_etl_dag.py
[2026-05-12T05:15:07.366+0000] {processor.py:840} INFO - DAG(s) 'dynamic_etl_framework' retrieved from /opt/airflow/dags/dynamic_etl_dag.py
[2026-05-12T05:15:07.522+0000] {logging_mixin.py:188} INFO - [2026-05-12T05:15:07.522+0000] {dag.py:3096} INFO - Sync 1 DAGs
[2026-05-12T05:15:07.542+0000] {logging_mixin.py:188} INFO - [2026-05-12T05:15:07.541+0000] {dag.py:3954} INFO - Setting next_dagrun for dynamic_etl_framework to 2026-05-11 00:00:00+00:00, run_after=2026-05-12 00:00:00+00:00
[2026-05-12T05:15:07.571+0000] {processor.py:183} INFO - Processing /opt/airflow/dags/dynamic_etl_dag.py took 0.930 seconds
[2026-05-12T05:15:38.049+0000] {processor.py:161} INFO - Started process (PID=5837) to work on /opt/airflow/dags/dynamic_etl_dag.py
[2026-05-12T05:15:38.051+0000] {processor.py:830} INFO - Processing file /opt/airflow/dags/dynamic_etl_dag.py for tasks to queue
[2026-05-12T05:15:38.053+0000] {logging_mixin.py:188} INFO - [2026-05-12T05:15:38.052+0000] {dagbag.py:545} INFO - Filling up the DagBag from /opt/airflow/dags/dynamic_etl_dag.py
[2026-05-12T05:15:38.892+0000] {processor.py:840} INFO - DAG(s) 'dynamic_etl_framework' retrieved from /opt/airflow/dags/dynamic_etl_dag.py
[2026-05-12T05:15:39.042+0000] {logging_mixin.py:188} INFO - [2026-05-12T05:15:39.041+0000] {dag.py:3096} INFO - Sync 1 DAGs
[2026-05-12T05:15:39.072+0000] {logging_mixin.py:188} INFO - [2026-05-12T05:15:39.072+0000] {dag.py:3954} INFO - Setting next_dagrun for dynamic_etl_framework to 2026-05-11 00:00:00+00:00, run_after=2026-05-12 00:00:00+00:00
[2026-05-12T05:15:39.113+0000] {processor.py:183} INFO - Processing /opt/airflow/dags/dynamic_etl_dag.py took 1.069 seconds
[2026-05-12T05:16:09.410+0000] {processor.py:161} INFO - Started process (PID=5843) to work on /opt/airflow/dags/dynamic_etl_dag.py
[2026-05-12T05:16:09.412+0000] {processor.py:830} INFO - Processing file /opt/airflow/dags/dynamic_etl_dag.py for tasks to queue
[2026-05-12T05:16:09.413+0000] {logging_mixin.py:188} INFO - [2026-05-12T05:16:09.412+0000] {dagbag.py:545} INFO - Filling up the DagBag from /opt/airflow/dags/dynamic_etl_dag.py
[2026-05-12T05:16:10.267+0000] {processor.py:840} INFO - DAG(s) 'dynamic_etl_framework' retrieved from /opt/airflow/dags/dynamic_etl_dag.py
[2026-05-12T05:16:10.426+0000] {logging_mixin.py:188} INFO - [2026-05-12T05:16:10.425+0000] {dag.py:3096} INFO - Sync 1 DAGs
[2026-05-12T05:16:10.451+0000] {logging_mixin.py:188} INFO - [2026-05-12T05:16:10.451+0000] {dag.py:3954} INFO - Setting next_dagrun for dynamic_etl_framework to 2026-05-11 00:00:00+00:00, run_after=2026-05-12 00:00:00+00:00
[2026-05-12T05:16:10.503+0000] {processor.py:183} INFO - Processing /opt/airflow/dags/dynamic_etl_dag.py took 1.102 seconds
[2026-05-12T05:16:40.851+0000] {processor.py:161} INFO - Started process (PID=5849) to work on /opt/airflow/dags/dynamic_etl_dag.py
[2026-05-12T05:16:40.852+0000] {processor.py:830} INFO - Processing file /opt/airflow/dags/dynamic_etl_dag.py for tasks to queue
[2026-05-12T05:16:40.853+0000] {logging_mixin.py:188} INFO - [2026-05-12T05:16:40.853+0000] {dagbag.py:545} INFO - Filling up the DagBag from /opt/airflow/dags/dynamic_etl_dag.py
[2026-05-12T05:16:41.623+0000] {processor.py:840} INFO - DAG(s) 'dynamic_etl_framework' retrieved from /opt/airflow/dags/dynamic_etl_dag.py
[2026-05-12T05:16:41.784+0000] {logging_mixin.py:188} INFO - [2026-05-12T05:16:41.783+0000] {dag.py:3096} INFO - Sync 1 DAGs
[2026-05-12T05:16:41.813+0000] {logging_mixin.py:188} INFO - [2026-05-12T05:16:41.813+0000] {dag.py:3954} INFO - Setting next_dagrun for dynamic_etl_framework to 2026-05-11 00:00:00+00:00, run_after=2026-05-12 00:00:00+00:00
[2026-05-12T05:16:41.852+0000] {processor.py:183} INFO - Processing /opt/airflow/dags/dynamic_etl_dag.py took 1.008 seconds
[2026-05-12T05:17:12.152+0000] {processor.py:161} INFO - Started process (PID=5855) to work on /opt/airflow/dags/dynamic_etl_dag.py
[2026-05-12T05:17:12.153+0000] {processor.py:830} INFO - Processing file /opt/airflow/dags/dynamic_etl_dag.py for tasks to queue
[2026-05-12T05:17:12.155+0000] {logging_mixin.py:188} INFO - [2026-05-12T05:17:12.154+0000] {dagbag.py:545} INFO - Filling up the DagBag from /opt/airflow/dags/dynamic_etl_dag.py
[2026-05-12T05:17:12.963+0000] {processor.py:840} INFO - DAG(s) 'dynamic_etl_framework' retrieved from /opt/airflow/dags/dynamic_etl_dag.py
[2026-05-12T05:17:13.103+0000] {logging_mixin.py:188} INFO - [2026-05-12T05:17:13.102+0000] {dag.py:3096} INFO - Sync 1 DAGs
[2026-05-12T05:17:13.125+0000] {logging_mixin.py:188} INFO - [2026-05-12T05:17:13.125+0000] {dag.py:3954} INFO - Setting next_dagrun for dynamic_etl_framework to 2026-05-11 00:00:00+00:00, run_after=2026-05-12 00:00:00+00:00
[2026-05-12T05:17:13.157+0000] {processor.py:183} INFO - Processing /opt/airflow/dags/dynamic_etl_dag.py took 1.011 seconds
[2026-05-12T05:17:43.554+0000] {processor.py:161} INFO - Started process (PID=5861) to work on /opt/airflow/dags/dynamic_etl_dag.py
[2026-05-12T05:17:43.570+0000] {processor.py:830} INFO - Processing file /opt/airflow/dags/dynamic_etl_dag.py for tasks to queue
[2026-05-12T05:17:43.581+0000] {logging_mixin.py:188} INFO - [2026-05-12T05:17:43.577+0000] {dagbag.py:545} INFO - Filling up the DagBag from /opt/airflow/dags/dynamic_etl_dag.py
[2026-05-12T05:17:44.755+0000] {processor.py:840} INFO - DAG(s) 'dynamic_etl_framework' retrieved from /opt/airflow/dags/dynamic_etl_dag.py
[2026-05-12T05:17:44.908+0000] {logging_mixin.py:188} INFO - [2026-05-12T05:17:44.908+0000] {dag.py:3096} INFO - Sync 1 DAGs
[2026-05-12T05:17:44.930+0000] {logging_mixin.py:188} INFO - [2026-05-12T05:17:44.929+0000] {dag.py:3954} INFO - Setting next_dagrun for dynamic_etl_framework to 2026-05-11 00:00:00+00:00, run_after=2026-05-12 00:00:00+00:00
[2026-05-12T05:17:44.962+0000] {processor.py:183} INFO - Processing /opt/airflow/dags/dynamic_etl_dag.py took 1.484 seconds
[2026-05-12T05:18:15.272+0000] {processor.py:161} INFO - Started process (PID=5867) to work on /opt/airflow/dags/dynamic_etl_dag.py
[2026-05-12T05:18:15.273+0000] {processor.py:830} INFO - Processing file /opt/airflow/dags/dynamic_etl_dag.py for tasks to queue
[2026-05-12T05:18:15.274+0000] {logging_mixin.py:188} INFO - [2026-05-12T05:18:15.274+0000] {dagbag.py:545} INFO - Filling up the DagBag from /opt/airflow/dags/dynamic_etl_dag.py
[2026-05-12T05:18:15.932+0000] {processor.py:840} INFO - DAG(s) 'dynamic_etl_framework' retrieved from /opt/airflow/dags/dynamic_etl_dag.py
[2026-05-12T05:18:16.075+0000] {logging_mixin.py:188} INFO - [2026-05-12T05:18:16.075+0000] {dag.py:3096} INFO - Sync 1 DAGs
[2026-05-12T05:18:16.095+0000] {logging_mixin.py:188} INFO - [2026-05-12T05:18:16.095+0000] {dag.py:3954} INFO - Setting next_dagrun for dynamic_etl_framework to 2026-05-11 00:00:00+00:00, run_after=2026-05-12 00:00:00+00:00
[2026-05-12T05:18:16.130+0000] {processor.py:183} INFO - Processing /opt/airflow/dags/dynamic_etl_dag.py took 0.866 seconds
[2026-05-12T05:18:46.407+0000] {processor.py:161} INFO - Started process (PID=5873) to work on /opt/airflow/dags/dynamic_etl_dag.py
[2026-05-12T05:18:46.408+0000] {processor.py:830} INFO - Processing file /opt/airflow/dags/dynamic_etl_dag.py for tasks to queue
[2026-05-12T05:18:46.409+0000] {logging_mixin.py:188} INFO - [2026-05-12T05:18:46.409+0000] {dagbag.py:545} INFO - Filling up the DagBag from /opt/airflow/dags/dynamic_etl_dag.py
[2026-05-12T05:18:47.044+0000] {processor.py:840} INFO - DAG(s) 'dynamic_etl_framework' retrieved from /opt/airflow/dags/dynamic_etl_dag.py
[2026-05-12T05:18:47.159+0000] {logging_mixin.py:188} INFO - [2026-05-12T05:18:47.159+0000] {dag.py:3096} INFO - Sync 1 DAGs
[2026-05-12T05:18:47.177+0000] {logging_mixin.py:188} INFO - [2026-05-12T05:18:47.177+0000] {dag.py:3954} INFO - Setting next_dagrun for dynamic_etl_framework to 2026-05-11 00:00:00+00:00, run_after=2026-05-12 00:00:00+00:00
[2026-05-12T05:18:47.204+0000] {processor.py:183} INFO - Processing /opt/airflow/dags/dynamic_etl_dag.py took 0.803 seconds
[2026-05-12T05:19:17.338+0000] {processor.py:161} INFO - Started process (PID=5879) to work on /opt/airflow/dags/dynamic_etl_dag.py
[2026-05-12T05:19:17.339+0000] {processor.py:830} INFO - Processing file /opt/airflow/dags/dynamic_etl_dag.py for tasks to queue
[2026-05-12T05:19:17.341+0000] {logging_mixin.py:188} INFO - [2026-05-12T05:19:17.340+0000] {dagbag.py:545} INFO - Filling up the DagBag from /opt/airflow/dags/dynamic_etl_dag.py
[2026-05-12T05:19:18.042+0000] {processor.py:840} INFO - DAG(s) 'dynamic_etl_framework' retrieved from /opt/airflow/dags/dynamic_etl_dag.py
[2026-05-12T05:19:18.164+0000] {logging_mixin.py:188} INFO - [2026-05-12T05:19:18.164+0000] {dag.py:3096} INFO - Sync 1 DAGs
[2026-05-12T05:19:18.185+0000] {logging_mixin.py:188} INFO - [2026-05-12T05:19:18.184+0000] {dag.py:3954} INFO - Setting next_dagrun for dynamic_etl_framework to 2026-05-11 00:00:00+00:00, run_after=2026-05-12 00:00:00+00:00
[2026-05-12T05:19:18.223+0000] {processor.py:183} INFO - Processing /opt/airflow/dags/dynamic_etl_dag.py took 0.889 seconds
[2026-05-12T05:19:48.552+0000] {processor.py:161} INFO - Started process (PID=5885) to work on /opt/airflow/dags/dynamic_etl_dag.py
[2026-05-12T05:19:48.553+0000] {processor.py:830} INFO - Processing file /opt/airflow/dags/dynamic_etl_dag.py for tasks to queue
[2026-05-12T05:19:48.554+0000] {logging_mixin.py:188} INFO - [2026-05-12T05:19:48.554+0000] {dagbag.py:545} INFO - Filling up the DagBag from /opt/airflow/dags/dynamic_etl_dag.py
[2026-05-12T05:19:49.446+0000] {processor.py:840} INFO - DAG(s) 'dynamic_etl_framework' retrieved from /opt/airflow/dags/dynamic_etl_dag.py
[2026-05-12T05:19:49.615+0000] {logging_mixin.py:188} INFO - [2026-05-12T05:19:49.614+0000] {dag.py:3096} INFO - Sync 1 DAGs
[2026-05-12T05:19:49.650+0000] {logging_mixin.py:188} INFO - [2026-05-12T05:19:49.650+0000] {dag.py:3954} INFO - Setting next_dagrun for dynamic_etl_framework to 2026-05-11 00:00:00+00:00, run_after=2026-05-12 00:00:00+00:00
[2026-05-12T05:19:49.695+0000] {processor.py:183} INFO - Processing /opt/airflow/dags/dynamic_etl_dag.py took 1.148 seconds
[2026-05-12T05:20:20.012+0000] {processor.py:161} INFO - Started process (PID=5891) to work on /opt/airflow/dags/dynamic_etl_dag.py
[2026-05-12T05:20:20.013+0000] {processor.py:830} INFO - Processing file /opt/airflow/dags/dynamic_etl_dag.py for tasks to queue
[2026-05-12T05:20:20.014+0000] {logging_mixin.py:188} INFO - [2026-05-12T05:20:20.014+0000] {dagbag.py:545} INFO - Filling up the DagBag from /opt/airflow/dags/dynamic_etl_dag.py
[2026-05-12T05:20:20.755+0000] {processor.py:840} INFO - DAG(s) 'dynamic_etl_framework' retrieved from /opt/airflow/dags/dynamic_etl_dag.py
[2026-05-12T05:20:20.889+0000] {logging_mixin.py:188} INFO - [2026-05-12T05:20:20.889+0000] {dag.py:3096} INFO - Sync 1 DAGs
[2026-05-12T05:20:20.912+0000] {logging_mixin.py:188} INFO - [2026-05-12T05:20:20.912+0000] {dag.py:3954} INFO - Setting next_dagrun for dynamic_etl_framework to 2026-05-11 00:00:00+00:00, run_after=2026-05-12 00:00:00+00:00
[2026-05-12T05:20:20.942+0000] {processor.py:183} INFO - Processing /opt/airflow/dags/dynamic_etl_dag.py took 0.935 seconds
[2026-05-12T05:20:51.271+0000] {processor.py:161} INFO - Started process (PID=5897) to work on /opt/airflow/dags/dynamic_etl_dag.py
[2026-05-12T05:20:51.272+0000] {processor.py:830} INFO - Processing file /opt/airflow/dags/dynamic_etl_dag.py for tasks to queue
[2026-05-12T05:20:51.273+0000] {logging_mixin.py:188} INFO - [2026-05-12T05:20:51.272+0000] {dagbag.py:545} INFO - Filling up the DagBag from /opt/airflow/dags/dynamic_etl_dag.py
[2026-05-12T05:20:51.965+0000] {processor.py:840} INFO - DAG(s) 'dynamic_etl_framework' retrieved from /opt/airflow/dags/dynamic_etl_dag.py
[2026-05-12T05:20:52.123+0000] {logging_mixin.py:188} INFO - [2026-05-12T05:20:52.122+0000] {dag.py:3096} INFO - Sync 1 DAGs
[2026-05-12T05:20:52.148+0000] {logging_mixin.py:188} INFO - [2026-05-12T05:20:52.148+0000] {dag.py:3954} INFO - Setting next_dagrun for dynamic_etl_framework to 2026-05-11 00:00:00+00:00, run_after=2026-05-12 00:00:00+00:00
[2026-05-12T05:20:52.187+0000] {processor.py:183} INFO - Processing /opt/airflow/dags/dynamic_etl_dag.py took 0.921 seconds
[2026-05-12T05:21:22.541+0000] {processor.py:161} INFO - Started process (PID=5903) to work on /opt/airflow/dags/dynamic_etl_dag.py
[2026-05-12T05:21:22.542+0000] {processor.py:830} INFO - Processing file /opt/airflow/dags/dynamic_etl_dag.py for tasks to queue
[2026-05-12T05:21:22.543+0000] {logging_mixin.py:188} INFO - [2026-05-12T05:21:22.543+0000] {dagbag.py:545} INFO - Filling up the DagBag from /opt/airflow/dags/dynamic_etl_dag.py
[2026-05-12T05:21:23.330+0000] {processor.py:840} INFO - DAG(s) 'dynamic_etl_framework' retrieved from /opt/airflow/dags/dynamic_etl_dag.py
[2026-05-12T05:21:23.461+0000] {logging_mixin.py:188} INFO - [2026-05-12T05:21:23.461+0000] {dag.py:3096} INFO - Sync 1 DAGs
[2026-05-12T05:21:23.482+0000] {logging_mixin.py:188} INFO - [2026-05-12T05:21:23.482+0000] {dag.py:3954} INFO - Setting next_dagrun for dynamic_etl_framework to 2026-05-11 00:00:00+00:00, run_after=2026-05-12 00:00:00+00:00
[2026-05-12T05:21:23.516+0000] {processor.py:183} INFO - Processing /opt/airflow/dags/dynamic_etl_dag.py took 0.982 seconds
[2026-05-12T05:21:53.810+0000] {processor.py:161} INFO - Started process (PID=5909) to work on /opt/airflow/dags/dynamic_etl_dag.py
[2026-05-12T05:21:53.812+0000] {processor.py:830} INFO - Processing file /opt/airflow/dags/dynamic_etl_dag.py for tasks to queue
[2026-05-12T05:21:53.813+0000] {logging_mixin.py:188} INFO - [2026-05-12T05:21:53.813+0000] {dagbag.py:545} INFO - Filling up the DagBag from /opt/airflow/dags/dynamic_etl_dag.py
[2026-05-12T05:21:54.490+0000] {processor.py:840} INFO - DAG(s) 'dynamic_etl_framework' retrieved from /opt/airflow/dags/dynamic_etl_dag.py
[2026-05-12T05:21:54.629+0000] {logging_mixin.py:188} INFO - [2026-05-12T05:21:54.629+0000] {dag.py:3096} INFO - Sync 1 DAGs
[2026-05-12T05:21:54.649+0000] {logging_mixin.py:188} INFO - [2026-05-12T05:21:54.649+0000] {dag.py:3954} INFO - Setting next_dagrun for dynamic_etl_framework to 2026-05-11 00:00:00+00:00, run_after=2026-05-12 00:00:00+00:00
[2026-05-12T05:21:54.685+0000] {processor.py:183} INFO - Processing /opt/airflow/dags/dynamic_etl_dag.py took 0.880 seconds
[2026-05-12T05:22:25.014+0000] {processor.py:161} INFO - Started process (PID=5915) to work on /opt/airflow/dags/dynamic_etl_dag.py
[2026-05-12T05:22:25.015+0000] {processor.py:830} INFO - Processing file /opt/airflow/dags/dynamic_etl_dag.py for tasks to queue
[2026-05-12T05:22:25.018+0000] {logging_mixin.py:188} INFO - [2026-05-12T05:22:25.017+0000] {dagbag.py:545} INFO - Filling up the DagBag from /opt/airflow/dags/dynamic_etl_dag.py
[2026-05-12T05:22:25.917+0000] {processor.py:840} INFO - DAG(s) 'dynamic_etl_framework' retrieved from /opt/airflow/dags/dynamic_etl_dag.py
[2026-05-12T05:22:26.062+0000] {logging_mixin.py:188} INFO - [2026-05-12T05:22:26.062+0000] {dag.py:3096} INFO - Sync 1 DAGs
[2026-05-12T05:22:26.087+0000] {logging_mixin.py:188} INFO - [2026-05-12T05:22:26.087+0000] {dag.py:3954} INFO - Setting next_dagrun for dynamic_etl_framework to 2026-05-11 00:00:00+00:00, run_after=2026-05-12 00:00:00+00:00
[2026-05-12T05:22:26.132+0000] {processor.py:183} INFO - Processing /opt/airflow/dags/dynamic_etl_dag.py took 1.123 seconds
[2026-05-12T05:22:56.375+0000] {processor.py:161} INFO - Started process (PID=5921) to work on /opt/airflow/dags/dynamic_etl_dag.py
[2026-05-12T05:22:56.376+0000] {processor.py:830} INFO - Processing file /opt/airflow/dags/dynamic_etl_dag.py for tasks to queue
[2026-05-12T05:22:56.378+0000] {logging_mixin.py:188} INFO - [2026-05-12T05:22:56.377+0000] {dagbag.py:545} INFO - Filling up the DagBag from /opt/airflow/dags/dynamic_etl_dag.py
[2026-05-12T05:22:57.098+0000] {processor.py:840} INFO - DAG(s) 'dynamic_etl_framework' retrieved from /opt/airflow/dags/dynamic_etl_dag.py
[2026-05-12T05:22:57.247+0000] {logging_mixin.py:188} INFO - [2026-05-12T05:22:57.247+0000] {dag.py:3096} INFO - Sync 1 DAGs
[2026-05-12T05:22:57.273+0000] {logging_mixin.py:188} INFO - [2026-05-12T05:22:57.273+0000] {dag.py:3954} INFO - Setting next_dagrun for dynamic_etl_framework to 2026-05-11 00:00:00+00:00, run_after=2026-05-12 00:00:00+00:00
[2026-05-12T05:22:57.310+0000] {processor.py:183} INFO - Processing /opt/airflow/dags/dynamic_etl_dag.py took 0.941 seconds
[2026-05-12T05:23:27.661+0000] {processor.py:161} INFO - Started process (PID=5927) to work on /opt/airflow/dags/dynamic_etl_dag.py
[2026-05-12T05:23:27.663+0000] {processor.py:830} INFO - Processing file /opt/airflow/dags/dynamic_etl_dag.py for tasks to queue
[2026-05-12T05:23:27.665+0000] {logging_mixin.py:188} INFO - [2026-05-12T05:23:27.664+0000] {dagbag.py:545} INFO - Filling up the DagBag from /opt/airflow/dags/dynamic_etl_dag.py
[2026-05-12T05:23:28.627+0000] {processor.py:840} INFO - DAG(s) 'dynamic_etl_framework' retrieved from /opt/airflow/dags/dynamic_etl_dag.py
[2026-05-12T05:23:28.790+0000] {logging_mixin.py:188} INFO - [2026-05-12T05:23:28.790+0000] {dag.py:3096} INFO - Sync 1 DAGs
[2026-05-12T05:23:28.818+0000] {logging_mixin.py:188} INFO - [2026-05-12T05:23:28.818+0000] {dag.py:3954} INFO - Setting next_dagrun for dynamic_etl_framework to 2026-05-11 00:00:00+00:00, run_after=2026-05-12 00:00:00+00:00
[2026-05-12T05:23:28.867+0000] {processor.py:183} INFO - Processing /opt/airflow/dags/dynamic_etl_dag.py took 1.213 seconds
[2026-05-12T05:23:58.980+0000] {processor.py:161} INFO - Started process (PID=5933) to work on /opt/airflow/dags/dynamic_etl_dag.py
[2026-05-12T05:23:58.981+0000] {processor.py:830} INFO - Processing file /opt/airflow/dags/dynamic_etl_dag.py for tasks to queue
[2026-05-12T05:23:58.982+0000] {logging_mixin.py:188} INFO - [2026-05-12T05:23:58.981+0000] {dagbag.py:545} INFO - Filling up the DagBag from /opt/airflow/dags/dynamic_etl_dag.py
[2026-05-12T05:23:59.680+0000] {processor.py:840} INFO - DAG(s) 'dynamic_etl_framework' retrieved from /opt/airflow/dags/dynamic_etl_dag.py
[2026-05-12T05:23:59.823+0000] {logging_mixin.py:188} INFO - [2026-05-12T05:23:59.823+0000] {dag.py:3096} INFO - Sync 1 DAGs
[2026-05-12T05:23:59.846+0000] {logging_mixin.py:188} INFO - [2026-05-12T05:23:59.846+0000] {dag.py:3954} INFO - Setting next_dagrun for dynamic_etl_framework to 2026-05-11 00:00:00+00:00, run_after=2026-05-12 00:00:00+00:00
[2026-05-12T05:23:59.879+0000] {processor.py:183} INFO - Processing /opt/airflow/dags/dynamic_etl_dag.py took 0.905 seconds
[2026-05-12T05:24:30.232+0000] {processor.py:161} INFO - Started process (PID=5939) to work on /opt/airflow/dags/dynamic_etl_dag.py
[2026-05-12T05:24:30.233+0000] {processor.py:830} INFO - Processing file /opt/airflow/dags/dynamic_etl_dag.py for tasks to queue
[2026-05-12T05:24:30.235+0000] {logging_mixin.py:188} INFO - [2026-05-12T05:24:30.234+0000] {dagbag.py:545} INFO - Filling up the DagBag from /opt/airflow/dags/dynamic_etl_dag.py
[2026-05-12T05:24:30.931+0000] {processor.py:840} INFO - DAG(s) 'dynamic_etl_framework' retrieved from /opt/airflow/dags/dynamic_etl_dag.py
[2026-05-12T05:24:31.065+0000] {logging_mixin.py:188} INFO - [2026-05-12T05:24:31.065+0000] {dag.py:3096} INFO - Sync 1 DAGs
[2026-05-12T05:24:31.087+0000] {logging_mixin.py:188} INFO - [2026-05-12T05:24:31.087+0000] {dag.py:3954} INFO - Setting next_dagrun for dynamic_etl_framework to 2026-05-11 00:00:00+00:00, run_after=2026-05-12 00:00:00+00:00
[2026-05-12T05:24:31.115+0000] {processor.py:183} INFO - Processing /opt/airflow/dags/dynamic_etl_dag.py took 0.888 seconds
[2026-05-12T05:25:01.431+0000] {processor.py:161} INFO - Started process (PID=5945) to work on /opt/airflow/dags/dynamic_etl_dag.py
[2026-05-12T05:25:01.433+0000] {processor.py:830} INFO - Processing file /opt/airflow/dags/dynamic_etl_dag.py for tasks to queue
[2026-05-12T05:25:01.434+0000] {logging_mixin.py:188} INFO - [2026-05-12T05:25:01.433+0000] {dagbag.py:545} INFO - Filling up the DagBag from /opt/airflow/dags/dynamic_etl_dag.py
[2026-05-12T05:25:02.077+0000] {processor.py:840} INFO - DAG(s) 'dynamic_etl_framework' retrieved from /opt/airflow/dags/dynamic_etl_dag.py
[2026-05-12T05:25:02.226+0000] {logging_mixin.py:188} INFO - [2026-05-12T05:25:02.225+0000] {dag.py:3096} INFO - Sync 1 DAGs
[2026-05-12T05:25:02.247+0000] {logging_mixin.py:188} INFO - [2026-05-12T05:25:02.247+0000] {dag.py:3954} INFO - Setting next_dagrun for dynamic_etl_framework to 2026-05-11 00:00:00+00:00, run_after=2026-05-12 00:00:00+00:00
[2026-05-12T05:25:02.278+0000] {processor.py:183} INFO - Processing /opt/airflow/dags/dynamic_etl_dag.py took 0.853 seconds
[2026-05-12T05:25:32.679+0000] {processor.py:161} INFO - Started process (PID=5951) to work on /opt/airflow/dags/dynamic_etl_dag.py
[2026-05-12T05:25:32.681+0000] {processor.py:830} INFO - Processing file /opt/airflow/dags/dynamic_etl_dag.py for tasks to queue
[2026-05-12T05:25:32.682+0000] {logging_mixin.py:188} INFO - [2026-05-12T05:25:32.682+0000] {dagbag.py:545} INFO - Filling up the DagBag from /opt/airflow/dags/dynamic_etl_dag.py
[2026-05-12T05:25:33.383+0000] {processor.py:840} INFO - DAG(s) 'dynamic_etl_framework' retrieved from /opt/airflow/dags/dynamic_etl_dag.py
[2026-05-12T05:25:33.526+0000] {logging_mixin.py:188} INFO - [2026-05-12T05:25:33.525+0000] {dag.py:3096} INFO - Sync 1 DAGs
[2026-05-12T05:25:33.545+0000] {logging_mixin.py:188} INFO - [2026-05-12T05:25:33.545+0000] {dag.py:3954} INFO - Setting next_dagrun for dynamic_etl_framework to 2026-05-11 00:00:00+00:00, run_after=2026-05-12 00:00:00+00:00
[2026-05-12T05:25:33.578+0000] {processor.py:183} INFO - Processing /opt/airflow/dags/dynamic_etl_dag.py took 0.903 seconds
[2026-05-12T05:26:03.883+0000] {processor.py:161} INFO - Started process (PID=5957) to work on /opt/airflow/dags/dynamic_etl_dag.py
[2026-05-12T05:26:03.885+0000] {processor.py:830} INFO - Processing file /opt/airflow/dags/dynamic_etl_dag.py for tasks to queue
[2026-05-12T05:26:03.886+0000] {logging_mixin.py:188} INFO - [2026-05-12T05:26:03.886+0000] {dagbag.py:545} INFO - Filling up the DagBag from /opt/airflow/dags/dynamic_etl_dag.py
[2026-05-12T05:26:04.544+0000] {processor.py:840} INFO - DAG(s) 'dynamic_etl_framework' retrieved from /opt/airflow/dags/dynamic_etl_dag.py
[2026-05-12T05:26:04.673+0000] {logging_mixin.py:188} INFO - [2026-05-12T05:26:04.673+0000] {dag.py:3096} INFO - Sync 1 DAGs
[2026-05-12T05:26:04.694+0000] {logging_mixin.py:188} INFO - [2026-05-12T05:26:04.694+0000] {dag.py:3954} INFO - Setting next_dagrun for dynamic_etl_framework to 2026-05-11 00:00:00+00:00, run_after=2026-05-12 00:00:00+00:00
[2026-05-12T05:26:04.721+0000] {processor.py:183} INFO - Processing /opt/airflow/dags/dynamic_etl_dag.py took 0.843 seconds
[2026-05-12T05:26:35.005+0000] {processor.py:161} INFO - Started process (PID=5963) to work on /opt/airflow/dags/dynamic_etl_dag.py
[2026-05-12T05:26:35.007+0000] {processor.py:830} INFO - Processing file /opt/airflow/dags/dynamic_etl_dag.py for tasks to queue
[2026-05-12T05:26:35.008+0000] {logging_mixin.py:188} INFO - [2026-05-12T05:26:35.008+0000] {dagbag.py:545} INFO - Filling up the DagBag from /opt/airflow/dags/dynamic_etl_dag.py
[2026-05-12T05:26:35.716+0000] {processor.py:840} INFO - DAG(s) 'dynamic_etl_framework' retrieved from /opt/airflow/dags/dynamic_etl_dag.py
[2026-05-12T05:26:35.867+0000] {logging_mixin.py:188} INFO - [2026-05-12T05:26:35.865+0000] {dag.py:3096} INFO - Sync 1 DAGs
[2026-05-12T05:26:35.886+0000] {logging_mixin.py:188} INFO - [2026-05-12T05:26:35.886+0000] {dag.py:3954} INFO - Setting next_dagrun for dynamic_etl_framework to 2026-05-11 00:00:00+00:00, run_after=2026-05-12 00:00:00+00:00
[2026-05-12T05:26:35.917+0000] {processor.py:183} INFO - Processing /opt/airflow/dags/dynamic_etl_dag.py took 0.917 seconds
[2026-05-12T05:27:06.228+0000] {processor.py:161} INFO - Started process (PID=5969) to work on /opt/airflow/dags/dynamic_etl_dag.py
[2026-05-12T05:27:06.230+0000] {processor.py:830} INFO - Processing file /opt/airflow/dags/dynamic_etl_dag.py for tasks to queue
[2026-05-12T05:27:06.231+0000] {logging_mixin.py:188} INFO - [2026-05-12T05:27:06.230+0000] {dagbag.py:545} INFO - Filling up the DagBag from /opt/airflow/dags/dynamic_etl_dag.py
[2026-05-12T05:27:06.980+0000] {processor.py:840} INFO - DAG(s) 'dynamic_etl_framework' retrieved from /opt/airflow/dags/dynamic_etl_dag.py
[2026-05-12T05:27:07.132+0000] {logging_mixin.py:188} INFO - [2026-05-12T05:27:07.131+0000] {dag.py:3096} INFO - Sync 1 DAGs
[2026-05-12T05:27:07.153+0000] {logging_mixin.py:188} INFO - [2026-05-12T05:27:07.153+0000] {dag.py:3954} INFO - Setting next_dagrun for dynamic_etl_framework to 2026-05-11 00:00:00+00:00, run_after=2026-05-12 00:00:00+00:00
[2026-05-12T05:27:07.187+0000] {processor.py:183} INFO - Processing /opt/airflow/dags/dynamic_etl_dag.py took 0.965 seconds
[2026-05-12T05:27:37.488+0000] {processor.py:161} INFO - Started process (PID=5975) to work on /opt/airflow/dags/dynamic_etl_dag.py
[2026-05-12T05:27:37.490+0000] {processor.py:830} INFO - Processing file /opt/airflow/dags/dynamic_etl_dag.py for tasks to queue
[2026-05-12T05:27:37.490+0000] {logging_mixin.py:188} INFO - [2026-05-12T05:27:37.490+0000] {dagbag.py:545} INFO - Filling up the DagBag from /opt/airflow/dags/dynamic_etl_dag.py
[2026-05-12T05:27:38.116+0000] {processor.py:840} INFO - DAG(s) 'dynamic_etl_framework' retrieved from /opt/airflow/dags/dynamic_etl_dag.py
[2026-05-12T05:27:38.266+0000] {logging_mixin.py:188} INFO - [2026-05-12T05:27:38.265+0000] {dag.py:3096} INFO - Sync 1 DAGs
[2026-05-12T05:27:38.285+0000] {logging_mixin.py:188} INFO - [2026-05-12T05:27:38.285+0000] {dag.py:3954} INFO - Setting next_dagrun for dynamic_etl_framework to 2026-05-11 00:00:00+00:00, run_after=2026-05-12 00:00:00+00:00
[2026-05-12T05:27:38.313+0000] {processor.py:183} INFO - Processing /opt/airflow/dags/dynamic_etl_dag.py took 0.829 seconds
[2026-05-12T05:28:08.640+0000] {processor.py:161} INFO - Started process (PID=5981) to work on /opt/airflow/dags/dynamic_etl_dag.py
[2026-05-12T05:28:08.641+0000] {processor.py:830} INFO - Processing file /opt/airflow/dags/dynamic_etl_dag.py for tasks to queue
[2026-05-12T05:28:08.642+0000] {logging_mixin.py:188} INFO - [2026-05-12T05:28:08.642+0000] {dagbag.py:545} INFO - Filling up the DagBag from /opt/airflow/dags/dynamic_etl_dag.py
[2026-05-12T05:28:09.277+0000] {processor.py:840} INFO - DAG(s) 'dynamic_etl_framework' retrieved from /opt/airflow/dags/dynamic_etl_dag.py
[2026-05-12T05:28:09.425+0000] {logging_mixin.py:188} INFO - [2026-05-12T05:28:09.425+0000] {dag.py:3096} INFO - Sync 1 DAGs
[2026-05-12T05:28:09.448+0000] {logging_mixin.py:188} INFO - [2026-05-12T05:28:09.447+0000] {dag.py:3954} INFO - Setting next_dagrun for dynamic_etl_framework to 2026-05-11 00:00:00+00:00, run_after=2026-05-12 00:00:00+00:00
[2026-05-12T05:28:09.479+0000] {processor.py:183} INFO - Processing /opt/airflow/dags/dynamic_etl_dag.py took 0.843 seconds
[2026-05-12T05:28:39.546+0000] {processor.py:161} INFO - Started process (PID=5987) to work on /opt/airflow/dags/dynamic_etl_dag.py
[2026-05-12T05:28:39.548+0000] {processor.py:830} INFO - Processing file /opt/airflow/dags/dynamic_etl_dag.py for tasks to queue
[2026-05-12T05:28:39.549+0000] {logging_mixin.py:188} INFO - [2026-05-12T05:28:39.549+0000] {dagbag.py:545} INFO - Filling up the DagBag from /opt/airflow/dags/dynamic_etl_dag.py
[2026-05-12T05:28:40.324+0000] {processor.py:840} INFO - DAG(s) 'dynamic_etl_framework' retrieved from /opt/airflow/dags/dynamic_etl_dag.py
[2026-05-12T05:28:40.487+0000] {logging_mixin.py:188} INFO - [2026-05-12T05:28:40.486+0000] {dag.py:3096} INFO - Sync 1 DAGs
[2026-05-12T05:28:40.509+0000] {logging_mixin.py:188} INFO - [2026-05-12T05:28:40.509+0000] {dag.py:3954} INFO - Setting next_dagrun for dynamic_etl_framework to 2026-05-11 00:00:00+00:00, run_after=2026-05-12 00:00:00+00:00
[2026-05-12T05:28:40.545+0000] {processor.py:183} INFO - Processing /opt/airflow/dags/dynamic_etl_dag.py took 1.003 seconds
[2026-05-12T05:29:10.862+0000] {processor.py:161} INFO - Started process (PID=5993) to work on /opt/airflow/dags/dynamic_etl_dag.py
[2026-05-12T05:29:10.863+0000] {processor.py:830} INFO - Processing file /opt/airflow/dags/dynamic_etl_dag.py for tasks to queue
[2026-05-12T05:29:10.865+0000] {logging_mixin.py:188} INFO - [2026-05-12T05:29:10.864+0000] {dagbag.py:545} INFO - Filling up the DagBag from /opt/airflow/dags/dynamic_etl_dag.py
[2026-05-12T05:29:11.557+0000] {processor.py:840} INFO - DAG(s) 'dynamic_etl_framework' retrieved from /opt/airflow/dags/dynamic_etl_dag.py
[2026-05-12T05:29:11.721+0000] {logging_mixin.py:188} INFO - [2026-05-12T05:29:11.720+0000] {dag.py:3096} INFO - Sync 1 DAGs
[2026-05-12T05:29:11.744+0000] {logging_mixin.py:188} INFO - [2026-05-12T05:29:11.744+0000] {dag.py:3954} INFO - Setting next_dagrun for dynamic_etl_framework to 2026-05-11 00:00:00+00:00, run_after=2026-05-12 00:00:00+00:00
[2026-05-12T05:29:11.775+0000] {processor.py:183} INFO - Processing /opt/airflow/dags/dynamic_etl_dag.py took 0.918 seconds
[2026-05-12T05:29:42.159+0000] {processor.py:161} INFO - Started process (PID=5999) to work on /opt/airflow/dags/dynamic_etl_dag.py
[2026-05-12T05:29:42.160+0000] {processor.py:830} INFO - Processing file /opt/airflow/dags/dynamic_etl_dag.py for tasks to queue
[2026-05-12T05:29:42.162+0000] {logging_mixin.py:188} INFO - [2026-05-12T05:29:42.161+0000] {dagbag.py:545} INFO - Filling up the DagBag from /opt/airflow/dags/dynamic_etl_dag.py
[2026-05-12T05:29:43.156+0000] {processor.py:840} INFO - DAG(s) 'dynamic_etl_framework' retrieved from /opt/airflow/dags/dynamic_etl_dag.py
[2026-05-12T05:29:43.335+0000] {logging_mixin.py:188} INFO - [2026-05-12T05:29:43.331+0000] {dag.py:3096} INFO - Sync 1 DAGs
[2026-05-12T05:29:43.363+0000] {logging_mixin.py:188} INFO - [2026-05-12T05:29:43.363+0000] {dag.py:3954} INFO - Setting next_dagrun for dynamic_etl_framework to 2026-05-11 00:00:00+00:00, run_after=2026-05-12 00:00:00+00:00
[2026-05-12T05:29:43.398+0000] {processor.py:183} INFO - Processing /opt/airflow/dags/dynamic_etl_dag.py took 1.245 seconds
[2026-05-12T05:30:13.475+0000] {processor.py:161} INFO - Started process (PID=6005) to work on /opt/airflow/dags/dynamic_etl_dag.py
[2026-05-12T05:30:13.476+0000] {processor.py:830} INFO - Processing file /opt/airflow/dags/dynamic_etl_dag.py for tasks to queue
[2026-05-12T05:30:13.478+0000] {logging_mixin.py:188} INFO - [2026-05-12T05:30:13.477+0000] {dagbag.py:545} INFO - Filling up the DagBag from /opt/airflow/dags/dynamic_etl_dag.py
[2026-05-12T05:30:14.192+0000] {processor.py:840} INFO - DAG(s) 'dynamic_etl_framework' retrieved from /opt/airflow/dags/dynamic_etl_dag.py
[2026-05-12T05:30:14.352+0000] {logging_mixin.py:188} INFO - [2026-05-12T05:30:14.351+0000] {dag.py:3096} INFO - Sync 1 DAGs
[2026-05-12T05:30:14.373+0000] {logging_mixin.py:188} INFO - [2026-05-12T05:30:14.373+0000] {dag.py:3954} INFO - Setting next_dagrun for dynamic_etl_framework to 2026-05-11 00:00:00+00:00, run_after=2026-05-12 00:00:00+00:00
[2026-05-12T05:30:14.416+0000] {processor.py:183} INFO - Processing /opt/airflow/dags/dynamic_etl_dag.py took 0.947 seconds
[2026-05-12T05:30:44.870+0000] {processor.py:161} INFO - Started process (PID=6011) to work on /opt/airflow/dags/dynamic_etl_dag.py
[2026-05-12T05:30:44.871+0000] {processor.py:830} INFO - Processing file /opt/airflow/dags/dynamic_etl_dag.py for tasks to queue
[2026-05-12T05:30:44.872+0000] {logging_mixin.py:188} INFO - [2026-05-12T05:30:44.872+0000] {dagbag.py:545} INFO - Filling up the DagBag from /opt/airflow/dags/dynamic_etl_dag.py
[2026-05-12T05:30:45.528+0000] {processor.py:840} INFO - DAG(s) 'dynamic_etl_framework' retrieved from /opt/airflow/dags/dynamic_etl_dag.py
[2026-05-12T05:30:45.674+0000] {logging_mixin.py:188} INFO - [2026-05-12T05:30:45.673+0000] {dag.py:3096} INFO - Sync 1 DAGs
[2026-05-12T05:30:45.693+0000] {logging_mixin.py:188} INFO - [2026-05-12T05:30:45.693+0000] {dag.py:3954} INFO - Setting next_dagrun for dynamic_etl_framework to 2026-05-11 00:00:00+00:00, run_after=2026-05-12 00:00:00+00:00
[2026-05-12T05:30:45.726+0000] {processor.py:183} INFO - Processing /opt/airflow/dags/dynamic_etl_dag.py took 0.863 seconds
[2026-05-12T05:31:16.070+0000] {processor.py:161} INFO - Started process (PID=6017) to work on /opt/airflow/dags/dynamic_etl_dag.py
[2026-05-12T05:31:16.071+0000] {processor.py:830} INFO - Processing file /opt/airflow/dags/dynamic_etl_dag.py for tasks to queue
[2026-05-12T05:31:16.072+0000] {logging_mixin.py:188} INFO - [2026-05-12T05:31:16.072+0000] {dagbag.py:545} INFO - Filling up the DagBag from /opt/airflow/dags/dynamic_etl_dag.py
[2026-05-12T05:31:16.722+0000] {processor.py:840} INFO - DAG(s) 'dynamic_etl_framework' retrieved from /opt/airflow/dags/dynamic_etl_dag.py
[2026-05-12T05:31:16.859+0000] {logging_mixin.py:188} INFO - [2026-05-12T05:31:16.859+0000] {dag.py:3096} INFO - Sync 1 DAGs
[2026-05-12T05:31:16.878+0000] {logging_mixin.py:188} INFO - [2026-05-12T05:31:16.877+0000] {dag.py:3954} INFO - Setting next_dagrun for dynamic_etl_framework to 2026-05-11 00:00:00+00:00, run_after=2026-05-12 00:00:00+00:00
[2026-05-12T05:31:16.906+0000] {processor.py:183} INFO - Processing /opt/airflow/dags/dynamic_etl_dag.py took 0.842 seconds
[2026-05-12T05:31:47.222+0000] {processor.py:161} INFO - Started process (PID=6023) to work on /opt/airflow/dags/dynamic_etl_dag.py
[2026-05-12T05:31:47.223+0000] {processor.py:830} INFO - Processing file /opt/airflow/dags/dynamic_etl_dag.py for tasks to queue
[2026-05-12T05:31:47.224+0000] {logging_mixin.py:188} INFO - [2026-05-12T05:31:47.224+0000] {dagbag.py:545} INFO - Filling up the DagBag from /opt/airflow/dags/dynamic_etl_dag.py
[2026-05-12T05:31:47.928+0000] {processor.py:840} INFO - DAG(s) 'dynamic_etl_framework' retrieved from /opt/airflow/dags/dynamic_etl_dag.py
[2026-05-12T05:31:48.073+0000] {logging_mixin.py:188} INFO - [2026-05-12T05:31:48.073+0000] {dag.py:3096} INFO - Sync 1 DAGs
[2026-05-12T05:31:48.094+0000] {logging_mixin.py:188} INFO - [2026-05-12T05:31:48.093+0000] {dag.py:3954} INFO - Setting next_dagrun for dynamic_etl_framework to 2026-05-11 00:00:00+00:00, run_after=2026-05-12 00:00:00+00:00
[2026-05-12T05:31:48.125+0000] {processor.py:183} INFO - Processing /opt/airflow/dags/dynamic_etl_dag.py took 0.908 seconds
[2026-05-12T05:32:18.468+0000] {processor.py:161} INFO - Started process (PID=6029) to work on /opt/airflow/dags/dynamic_etl_dag.py
[2026-05-12T05:32:18.470+0000] {processor.py:830} INFO - Processing file /opt/airflow/dags/dynamic_etl_dag.py for tasks to queue
[2026-05-12T05:32:18.471+0000] {logging_mixin.py:188} INFO - [2026-05-12T05:32:18.471+0000] {dagbag.py:545} INFO - Filling up the DagBag from /opt/airflow/dags/dynamic_etl_dag.py
[2026-05-12T05:32:19.119+0000] {processor.py:840} INFO - DAG(s) 'dynamic_etl_framework' retrieved from /opt/airflow/dags/dynamic_etl_dag.py
[2026-05-12T05:32:19.258+0000] {logging_mixin.py:188} INFO - [2026-05-12T05:32:19.258+0000] {dag.py:3096} INFO - Sync 1 DAGs
[2026-05-12T05:32:19.277+0000] {logging_mixin.py:188} INFO - [2026-05-12T05:32:19.277+0000] {dag.py:3954} INFO - Setting next_dagrun for dynamic_etl_framework to 2026-05-11 00:00:00+00:00, run_after=2026-05-12 00:00:00+00:00
[2026-05-12T05:32:19.306+0000] {processor.py:183} INFO - Processing /opt/airflow/dags/dynamic_etl_dag.py took 0.844 seconds
[2026-05-12T05:32:49.619+0000] {processor.py:161} INFO - Started process (PID=6035) to work on /opt/airflow/dags/dynamic_etl_dag.py
[2026-05-12T05:32:49.621+0000] {processor.py:830} INFO - Processing file /opt/airflow/dags/dynamic_etl_dag.py for tasks to queue
[2026-05-12T05:32:49.623+0000] {logging_mixin.py:188} INFO - [2026-05-12T05:32:49.623+0000] {dagbag.py:545} INFO - Filling up the DagBag from /opt/airflow/dags/dynamic_etl_dag.py
[2026-05-12T05:32:50.332+0000] {processor.py:840} INFO - DAG(s) 'dynamic_etl_framework' retrieved from /opt/airflow/dags/dynamic_etl_dag.py
[2026-05-12T05:32:50.477+0000] {logging_mixin.py:188} INFO - [2026-05-12T05:32:50.475+0000] {dag.py:3096} INFO - Sync 1 DAGs
[2026-05-12T05:32:50.495+0000] {logging_mixin.py:188} INFO - [2026-05-12T05:32:50.495+0000] {dag.py:3954} INFO - Setting next_dagrun for dynamic_etl_framework to 2026-05-11 00:00:00+00:00, run_after=2026-05-12 00:00:00+00:00
[2026-05-12T05:32:50.526+0000] {processor.py:183} INFO - Processing /opt/airflow/dags/dynamic_etl_dag.py took 0.914 seconds
[2026-05-12T05:33:20.832+0000] {processor.py:161} INFO - Started process (PID=6041) to work on /opt/airflow/dags/dynamic_etl_dag.py
[2026-05-12T05:33:20.834+0000] {processor.py:830} INFO - Processing file /opt/airflow/dags/dynamic_etl_dag.py for tasks to queue
[2026-05-12T05:33:20.835+0000] {logging_mixin.py:188} INFO - [2026-05-12T05:33:20.835+0000] {dagbag.py:545} INFO - Filling up the DagBag from /opt/airflow/dags/dynamic_etl_dag.py
[2026-05-12T05:33:21.561+0000] {processor.py:840} INFO - DAG(s) 'dynamic_etl_framework' retrieved from /opt/airflow/dags/dynamic_etl_dag.py
[2026-05-12T05:33:21.709+0000] {logging_mixin.py:188} INFO - [2026-05-12T05:33:21.709+0000] {dag.py:3096} INFO - Sync 1 DAGs
[2026-05-12T05:33:21.734+0000] {logging_mixin.py:188} INFO - [2026-05-12T05:33:21.734+0000] {dag.py:3954} INFO - Setting next_dagrun for dynamic_etl_framework to 2026-05-11 00:00:00+00:00, run_after=2026-05-12 00:00:00+00:00
[2026-05-12T05:33:21.767+0000] {processor.py:183} INFO - Processing /opt/airflow/dags/dynamic_etl_dag.py took 0.940 seconds
[2026-05-12T05:33:52.097+0000] {processor.py:161} INFO - Started process (PID=6047) to work on /opt/airflow/dags/dynamic_etl_dag.py
[2026-05-12T05:33:52.098+0000] {processor.py:830} INFO - Processing file /opt/airflow/dags/dynamic_etl_dag.py for tasks to queue
[2026-05-12T05:33:52.100+0000] {logging_mixin.py:188} INFO - [2026-05-12T05:33:52.099+0000] {dagbag.py:545} INFO - Filling up the DagBag from /opt/airflow/dags/dynamic_etl_dag.py
[2026-05-12T05:33:52.895+0000] {processor.py:840} INFO - DAG(s) 'dynamic_etl_framework' retrieved from /opt/airflow/dags/dynamic_etl_dag.py
[2026-05-12T05:33:53.053+0000] {logging_mixin.py:188} INFO - [2026-05-12T05:33:53.052+0000] {dag.py:3096} INFO - Sync 1 DAGs
[2026-05-12T05:33:53.074+0000] {logging_mixin.py:188} INFO - [2026-05-12T05:33:53.074+0000] {dag.py:3954} INFO - Setting next_dagrun for dynamic_etl_framework to 2026-05-11 00:00:00+00:00, run_after=2026-05-12 00:00:00+00:00
[2026-05-12T05:33:53.107+0000] {processor.py:183} INFO - Processing /opt/airflow/dags/dynamic_etl_dag.py took 1.015 seconds
[2026-05-12T05:34:23.411+0000] {processor.py:161} INFO - Started process (PID=6053) to work on /opt/airflow/dags/dynamic_etl_dag.py
[2026-05-12T05:34:23.412+0000] {processor.py:830} INFO - Processing file /opt/airflow/dags/dynamic_etl_dag.py for tasks to queue
[2026-05-12T05:34:23.413+0000] {logging_mixin.py:188} INFO - [2026-05-12T05:34:23.413+0000] {dagbag.py:545} INFO - Filling up the DagBag from /opt/airflow/dags/dynamic_etl_dag.py
[2026-05-12T05:34:24.142+0000] {processor.py:840} INFO - DAG(s) 'dynamic_etl_framework' retrieved from /opt/airflow/dags/dynamic_etl_dag.py
[2026-05-12T05:34:24.304+0000] {logging_mixin.py:188} INFO - [2026-05-12T05:34:24.304+0000] {dag.py:3096} INFO - Sync 1 DAGs
[2026-05-12T05:34:24.327+0000] {logging_mixin.py:188} INFO - [2026-05-12T05:34:24.326+0000] {dag.py:3954} INFO - Setting next_dagrun for dynamic_etl_framework to 2026-05-11 00:00:00+00:00, run_after=2026-05-12 00:00:00+00:00
[2026-05-12T05:34:24.374+0000] {processor.py:183} INFO - Processing /opt/airflow/dags/dynamic_etl_dag.py took 0.969 seconds
[2026-05-12T05:34:54.714+0000] {processor.py:161} INFO - Started process (PID=6059) to work on /opt/airflow/dags/dynamic_etl_dag.py
[2026-05-12T05:34:54.715+0000] {processor.py:830} INFO - Processing file /opt/airflow/dags/dynamic_etl_dag.py for tasks to queue
[2026-05-12T05:34:54.716+0000] {logging_mixin.py:188} INFO - [2026-05-12T05:34:54.716+0000] {dagbag.py:545} INFO - Filling up the DagBag from /opt/airflow/dags/dynamic_etl_dag.py
[2026-05-12T05:34:55.352+0000] {processor.py:840} INFO - DAG(s) 'dynamic_etl_framework' retrieved from /opt/airflow/dags/dynamic_etl_dag.py
[2026-05-12T05:34:55.480+0000] {logging_mixin.py:188} INFO - [2026-05-12T05:34:55.480+0000] {dag.py:3096} INFO - Sync 1 DAGs
[2026-05-12T05:34:55.499+0000] {logging_mixin.py:188} INFO - [2026-05-12T05:34:55.499+0000] {dag.py:3954} INFO - Setting next_dagrun for dynamic_etl_framework to 2026-05-11 00:00:00+00:00, run_after=2026-05-12 00:00:00+00:00
[2026-05-12T05:34:55.531+0000] {processor.py:183} INFO - Processing /opt/airflow/dags/dynamic_etl_dag.py took 0.821 seconds
[2026-05-12T05:35:25.958+0000] {processor.py:161} INFO - Started process (PID=6065) to work on /opt/airflow/dags/dynamic_etl_dag.py
[2026-05-12T05:35:25.959+0000] {processor.py:830} INFO - Processing file /opt/airflow/dags/dynamic_etl_dag.py for tasks to queue
[2026-05-12T05:35:25.960+0000] {logging_mixin.py:188} INFO - [2026-05-12T05:35:25.959+0000] {dagbag.py:545} INFO - Filling up the DagBag from /opt/airflow/dags/dynamic_etl_dag.py
[2026-05-12T05:35:26.706+0000] {processor.py:840} INFO - DAG(s) 'dynamic_etl_framework' retrieved from /opt/airflow/dags/dynamic_etl_dag.py
[2026-05-12T05:35:26.856+0000] {logging_mixin.py:188} INFO - [2026-05-12T05:35:26.856+0000] {dag.py:3096} INFO - Sync 1 DAGs
[2026-05-12T05:35:26.878+0000] {logging_mixin.py:188} INFO - [2026-05-12T05:35:26.878+0000] {dag.py:3954} INFO - Setting next_dagrun for dynamic_etl_framework to 2026-05-11 00:00:00+00:00, run_after=2026-05-12 00:00:00+00:00
[2026-05-12T05:35:26.918+0000] {processor.py:183} INFO - Processing /opt/airflow/dags/dynamic_etl_dag.py took 0.966 seconds
[2026-05-12T05:35:57.250+0000] {processor.py:161} INFO - Started process (PID=6071) to work on /opt/airflow/dags/dynamic_etl_dag.py
[2026-05-12T05:35:57.251+0000] {processor.py:830} INFO - Processing file /opt/airflow/dags/dynamic_etl_dag.py for tasks to queue
[2026-05-12T05:35:57.253+0000] {logging_mixin.py:188} INFO - [2026-05-12T05:35:57.252+0000] {dagbag.py:545} INFO - Filling up the DagBag from /opt/airflow/dags/dynamic_etl_dag.py
[2026-05-12T05:35:57.894+0000] {processor.py:840} INFO - DAG(s) 'dynamic_etl_framework' retrieved from /opt/airflow/dags/dynamic_etl_dag.py
[2026-05-12T05:35:58.051+0000] {logging_mixin.py:188} INFO - [2026-05-12T05:35:58.050+0000] {dag.py:3096} INFO - Sync 1 DAGs
[2026-05-12T05:35:58.070+0000] {logging_mixin.py:188} INFO - [2026-05-12T05:35:58.070+0000] {dag.py:3954} INFO - Setting next_dagrun for dynamic_etl_framework to 2026-05-11 00:00:00+00:00, run_after=2026-05-12 00:00:00+00:00
[2026-05-12T05:35:58.102+0000] {processor.py:183} INFO - Processing /opt/airflow/dags/dynamic_etl_dag.py took 0.857 seconds
[2026-05-12T05:36:28.407+0000] {processor.py:161} INFO - Started process (PID=6077) to work on /opt/airflow/dags/dynamic_etl_dag.py
[2026-05-12T05:36:28.409+0000] {processor.py:830} INFO - Processing file /opt/airflow/dags/dynamic_etl_dag.py for tasks to queue
[2026-05-12T05:36:28.409+0000] {logging_mixin.py:188} INFO - [2026-05-12T05:36:28.409+0000] {dagbag.py:545} INFO - Filling up the DagBag from /opt/airflow/dags/dynamic_etl_dag.py
[2026-05-12T05:36:29.072+0000] {processor.py:840} INFO - DAG(s) 'dynamic_etl_framework' retrieved from /opt/airflow/dags/dynamic_etl_dag.py
[2026-05-12T05:36:29.225+0000] {logging_mixin.py:188} INFO - [2026-05-12T05:36:29.224+0000] {dag.py:3096} INFO - Sync 1 DAGs
[2026-05-12T05:36:29.244+0000] {logging_mixin.py:188} INFO - [2026-05-12T05:36:29.244+0000] {dag.py:3954} INFO - Setting next_dagrun for dynamic_etl_framework to 2026-05-11 00:00:00+00:00, run_after=2026-05-12 00:00:00+00:00
[2026-05-12T05:36:29.278+0000] {processor.py:183} INFO - Processing /opt/airflow/dags/dynamic_etl_dag.py took 0.876 seconds
[2026-05-12T05:36:59.658+0000] {processor.py:161} INFO - Started process (PID=6083) to work on /opt/airflow/dags/dynamic_etl_dag.py
[2026-05-12T05:36:59.660+0000] {processor.py:830} INFO - Processing file /opt/airflow/dags/dynamic_etl_dag.py for tasks to queue
[2026-05-12T05:36:59.661+0000] {logging_mixin.py:188} INFO - [2026-05-12T05:36:59.661+0000] {dagbag.py:545} INFO - Filling up the DagBag from /opt/airflow/dags/dynamic_etl_dag.py
[2026-05-12T05:37:00.401+0000] {processor.py:840} INFO - DAG(s) 'dynamic_etl_framework' retrieved from /opt/airflow/dags/dynamic_etl_dag.py
[2026-05-12T05:37:00.562+0000] {logging_mixin.py:188} INFO - [2026-05-12T05:37:00.562+0000] {dag.py:3096} INFO - Sync 1 DAGs
[2026-05-12T05:37:00.584+0000] {logging_mixin.py:188} INFO - [2026-05-12T05:37:00.583+0000] {dag.py:3954} INFO - Setting next_dagrun for dynamic_etl_framework to 2026-05-11 00:00:00+00:00, run_after=2026-05-12 00:00:00+00:00
[2026-05-12T05:37:00.616+0000] {processor.py:183} INFO - Processing /opt/airflow/dags/dynamic_etl_dag.py took 0.965 seconds
[2026-05-12T05:37:30.974+0000] {processor.py:161} INFO - Started process (PID=6089) to work on /opt/airflow/dags/dynamic_etl_dag.py
[2026-05-12T05:37:30.975+0000] {processor.py:830} INFO - Processing file /opt/airflow/dags/dynamic_etl_dag.py for tasks to queue
[2026-05-12T05:37:30.976+0000] {logging_mixin.py:188} INFO - [2026-05-12T05:37:30.976+0000] {dagbag.py:545} INFO - Filling up the DagBag from /opt/airflow/dags/dynamic_etl_dag.py
[2026-05-12T05:37:31.743+0000] {processor.py:840} INFO - DAG(s) 'dynamic_etl_framework' retrieved from /opt/airflow/dags/dynamic_etl_dag.py
[2026-05-12T05:37:31.910+0000] {logging_mixin.py:188} INFO - [2026-05-12T05:37:31.909+0000] {dag.py:3096} INFO - Sync 1 DAGs
[2026-05-12T05:37:31.957+0000] {logging_mixin.py:188} INFO - [2026-05-12T05:37:31.956+0000] {dag.py:3954} INFO - Setting next_dagrun for dynamic_etl_framework to 2026-05-11 00:00:00+00:00, run_after=2026-05-12 00:00:00+00:00
[2026-05-12T05:37:32.018+0000] {processor.py:183} INFO - Processing /opt/airflow/dags/dynamic_etl_dag.py took 1.049 seconds
[2026-05-12T05:38:02.283+0000] {processor.py:161} INFO - Started process (PID=6095) to work on /opt/airflow/dags/dynamic_etl_dag.py
[2026-05-12T05:38:02.284+0000] {processor.py:830} INFO - Processing file /opt/airflow/dags/dynamic_etl_dag.py for tasks to queue
[2026-05-12T05:38:02.286+0000] {logging_mixin.py:188} INFO - [2026-05-12T05:38:02.286+0000] {dagbag.py:545} INFO - Filling up the DagBag from /opt/airflow/dags/dynamic_etl_dag.py
[2026-05-12T05:38:03.115+0000] {processor.py:840} INFO - DAG(s) 'dynamic_etl_framework' retrieved from /opt/airflow/dags/dynamic_etl_dag.py
[2026-05-12T05:38:03.275+0000] {logging_mixin.py:188} INFO - [2026-05-12T05:38:03.274+0000] {dag.py:3096} INFO - Sync 1 DAGs
[2026-05-12T05:38:03.298+0000] {logging_mixin.py:188} INFO - [2026-05-12T05:38:03.298+0000] {dag.py:3954} INFO - Setting next_dagrun for dynamic_etl_framework to 2026-05-11 00:00:00+00:00, run_after=2026-05-12 00:00:00+00:00
[2026-05-12T05:38:03.335+0000] {processor.py:183} INFO - Processing /opt/airflow/dags/dynamic_etl_dag.py took 1.056 seconds
[2026-05-12T05:38:33.631+0000] {processor.py:161} INFO - Started process (PID=6101) to work on /opt/airflow/dags/dynamic_etl_dag.py
[2026-05-12T05:38:33.632+0000] {processor.py:830} INFO - Processing file /opt/airflow/dags/dynamic_etl_dag.py for tasks to queue
[2026-05-12T05:38:33.634+0000] {logging_mixin.py:188} INFO - [2026-05-12T05:38:33.633+0000] {dagbag.py:545} INFO - Filling up the DagBag from /opt/airflow/dags/dynamic_etl_dag.py
[2026-05-12T05:38:34.341+0000] {processor.py:840} INFO - DAG(s) 'dynamic_etl_framework' retrieved from /opt/airflow/dags/dynamic_etl_dag.py
[2026-05-12T05:38:34.492+0000] {logging_mixin.py:188} INFO - [2026-05-12T05:38:34.491+0000] {dag.py:3096} INFO - Sync 1 DAGs
[2026-05-12T05:38:34.515+0000] {logging_mixin.py:188} INFO - [2026-05-12T05:38:34.514+0000] {dag.py:3954} INFO - Setting next_dagrun for dynamic_etl_framework to 2026-05-11 00:00:00+00:00, run_after=2026-05-12 00:00:00+00:00
[2026-05-12T05:38:34.545+0000] {processor.py:183} INFO - Processing /opt/airflow/dags/dynamic_etl_dag.py took 0.921 seconds
[2026-05-12T06:22:26.381+0000] {processor.py:161} INFO - Started process (PID=168) to work on /opt/airflow/dags/dynamic_etl_dag.py
[2026-05-12T06:22:26.386+0000] {processor.py:830} INFO - Processing file /opt/airflow/dags/dynamic_etl_dag.py for tasks to queue
[2026-05-12T06:22:26.401+0000] {logging_mixin.py:188} INFO - [2026-05-12T06:22:26.398+0000] {dagbag.py:545} INFO - Filling up the DagBag from /opt/airflow/dags/dynamic_etl_dag.py
[2026-05-12T06:22:29.017+0000] {processor.py:840} INFO - DAG(s) 'dynamic_etl_framework' retrieved from /opt/airflow/dags/dynamic_etl_dag.py
[2026-05-12T06:22:29.406+0000] {logging_mixin.py:188} INFO - [2026-05-12T06:22:29.406+0000] {dag.py:3096} INFO - Sync 1 DAGs
[2026-05-12T06:22:29.443+0000] {logging_mixin.py:188} INFO - [2026-05-12T06:22:29.443+0000] {dag.py:3954} INFO - Setting next_dagrun for dynamic_etl_framework to 2026-05-11 00:00:00+00:00, run_after=2026-05-12 00:00:00+00:00
[2026-05-12T06:22:29.497+0000] {processor.py:183} INFO - Processing /opt/airflow/dags/dynamic_etl_dag.py took 3.176 seconds
[2026-05-12T06:22:59.780+0000] {processor.py:161} INFO - Started process (PID=174) to work on /opt/airflow/dags/dynamic_etl_dag.py
[2026-05-12T06:22:59.782+0000] {processor.py:830} INFO - Processing file /opt/airflow/dags/dynamic_etl_dag.py for tasks to queue
[2026-05-12T06:22:59.787+0000] {logging_mixin.py:188} INFO - [2026-05-12T06:22:59.784+0000] {dagbag.py:545} INFO - Filling up the DagBag from /opt/airflow/dags/dynamic_etl_dag.py
[2026-05-12T06:23:00.594+0000] {processor.py:840} INFO - DAG(s) 'dynamic_etl_framework' retrieved from /opt/airflow/dags/dynamic_etl_dag.py
[2026-05-12T06:23:00.738+0000] {logging_mixin.py:188} INFO - [2026-05-12T06:23:00.738+0000] {dag.py:3096} INFO - Sync 1 DAGs
[2026-05-12T06:23:00.757+0000] {logging_mixin.py:188} INFO - [2026-05-12T06:23:00.757+0000] {dag.py:3954} INFO - Setting next_dagrun for dynamic_etl_framework to 2026-05-11 00:00:00+00:00, run_after=2026-05-12 00:00:00+00:00
[2026-05-12T06:23:00.787+0000] {processor.py:183} INFO - Processing /opt/airflow/dags/dynamic_etl_dag.py took 1.020 seconds
[2026-05-12T06:23:31.230+0000] {processor.py:161} INFO - Started process (PID=180) to work on /opt/airflow/dags/dynamic_etl_dag.py
[2026-05-12T06:23:31.231+0000] {processor.py:830} INFO - Processing file /opt/airflow/dags/dynamic_etl_dag.py for tasks to queue
[2026-05-12T06:23:31.233+0000] {logging_mixin.py:188} INFO - [2026-05-12T06:23:31.233+0000] {dagbag.py:545} INFO - Filling up the DagBag from /opt/airflow/dags/dynamic_etl_dag.py
[2026-05-12T06:23:31.890+0000] {processor.py:840} INFO - DAG(s) 'dynamic_etl_framework' retrieved from /opt/airflow/dags/dynamic_etl_dag.py
[2026-05-12T06:23:32.032+0000] {logging_mixin.py:188} INFO - [2026-05-12T06:23:32.032+0000] {dag.py:3096} INFO - Sync 1 DAGs
[2026-05-12T06:23:32.050+0000] {logging_mixin.py:188} INFO - [2026-05-12T06:23:32.050+0000] {dag.py:3954} INFO - Setting next_dagrun for dynamic_etl_framework to 2026-05-11 00:00:00+00:00, run_after=2026-05-12 00:00:00+00:00
[2026-05-12T06:23:32.078+0000] {processor.py:183} INFO - Processing /opt/airflow/dags/dynamic_etl_dag.py took 0.852 seconds
[2026-05-12T06:24:02.467+0000] {processor.py:161} INFO - Started process (PID=186) to work on /opt/airflow/dags/dynamic_etl_dag.py
[2026-05-12T06:24:02.468+0000] {processor.py:830} INFO - Processing file /opt/airflow/dags/dynamic_etl_dag.py for tasks to queue
[2026-05-12T06:24:02.470+0000] {logging_mixin.py:188} INFO - [2026-05-12T06:24:02.469+0000] {dagbag.py:545} INFO - Filling up the DagBag from /opt/airflow/dags/dynamic_etl_dag.py
[2026-05-12T06:24:03.064+0000] {processor.py:840} INFO - DAG(s) 'dynamic_etl_framework' retrieved from /opt/airflow/dags/dynamic_etl_dag.py
[2026-05-12T06:24:03.210+0000] {logging_mixin.py:188} INFO - [2026-05-12T06:24:03.210+0000] {dag.py:3096} INFO - Sync 1 DAGs
[2026-05-12T06:24:03.234+0000] {logging_mixin.py:188} INFO - [2026-05-12T06:24:03.234+0000] {dag.py:3954} INFO - Setting next_dagrun for dynamic_etl_framework to 2026-05-11 00:00:00+00:00, run_after=2026-05-12 00:00:00+00:00
[2026-05-12T06:24:03.273+0000] {processor.py:183} INFO - Processing /opt/airflow/dags/dynamic_etl_dag.py took 0.813 seconds
[2026-05-12T06:24:33.750+0000] {processor.py:161} INFO - Started process (PID=192) to work on /opt/airflow/dags/dynamic_etl_dag.py
[2026-05-12T06:24:33.751+0000] {processor.py:830} INFO - Processing file /opt/airflow/dags/dynamic_etl_dag.py for tasks to queue
[2026-05-12T06:24:33.753+0000] {logging_mixin.py:188} INFO - [2026-05-12T06:24:33.753+0000] {dagbag.py:545} INFO - Filling up the DagBag from /opt/airflow/dags/dynamic_etl_dag.py
[2026-05-12T06:24:34.466+0000] {processor.py:840} INFO - DAG(s) 'dynamic_etl_framework' retrieved from /opt/airflow/dags/dynamic_etl_dag.py
[2026-05-12T06:24:34.615+0000] {logging_mixin.py:188} INFO - [2026-05-12T06:24:34.614+0000] {dag.py:3096} INFO - Sync 1 DAGs
[2026-05-12T06:24:34.637+0000] {logging_mixin.py:188} INFO - [2026-05-12T06:24:34.637+0000] {dag.py:3954} INFO - Setting next_dagrun for dynamic_etl_framework to 2026-05-11 00:00:00+00:00, run_after=2026-05-12 00:00:00+00:00
[2026-05-12T06:24:34.672+0000] {processor.py:183} INFO - Processing /opt/airflow/dags/dynamic_etl_dag.py took 0.928 seconds
[2026-05-12T06:25:05.095+0000] {processor.py:161} INFO - Started process (PID=198) to work on /opt/airflow/dags/dynamic_etl_dag.py
[2026-05-12T06:25:05.097+0000] {processor.py:830} INFO - Processing file /opt/airflow/dags/dynamic_etl_dag.py for tasks to queue
[2026-05-12T06:25:05.098+0000] {logging_mixin.py:188} INFO - [2026-05-12T06:25:05.098+0000] {dagbag.py:545} INFO - Filling up the DagBag from /opt/airflow/dags/dynamic_etl_dag.py
[2026-05-12T06:25:05.862+0000] {processor.py:840} INFO - DAG(s) 'dynamic_etl_framework' retrieved from /opt/airflow/dags/dynamic_etl_dag.py
[2026-05-12T06:25:06.012+0000] {logging_mixin.py:188} INFO - [2026-05-12T06:25:06.011+0000] {dag.py:3096} INFO - Sync 1 DAGs
[2026-05-12T06:25:06.035+0000] {logging_mixin.py:188} INFO - [2026-05-12T06:25:06.034+0000] {dag.py:3954} INFO - Setting next_dagrun for dynamic_etl_framework to 2026-05-11 00:00:00+00:00, run_after=2026-05-12 00:00:00+00:00
[2026-05-12T06:25:06.079+0000] {processor.py:183} INFO - Processing /opt/airflow/dags/dynamic_etl_dag.py took 0.990 seconds
[2026-05-12T06:25:36.637+0000] {processor.py:161} INFO - Started process (PID=204) to work on /opt/airflow/dags/dynamic_etl_dag.py
[2026-05-12T06:25:36.638+0000] {processor.py:830} INFO - Processing file /opt/airflow/dags/dynamic_etl_dag.py for tasks to queue
[2026-05-12T06:25:36.641+0000] {logging_mixin.py:188} INFO - [2026-05-12T06:25:36.641+0000] {dagbag.py:545} INFO - Filling up the DagBag from /opt/airflow/dags/dynamic_etl_dag.py
[2026-05-12T06:25:37.483+0000] {processor.py:840} INFO - DAG(s) 'dynamic_etl_framework' retrieved from /opt/airflow/dags/dynamic_etl_dag.py
[2026-05-12T06:25:37.639+0000] {logging_mixin.py:188} INFO - [2026-05-12T06:25:37.638+0000] {dag.py:3096} INFO - Sync 1 DAGs
[2026-05-12T06:25:37.659+0000] {logging_mixin.py:188} INFO - [2026-05-12T06:25:37.659+0000] {dag.py:3954} INFO - Setting next_dagrun for dynamic_etl_framework to 2026-05-11 00:00:00+00:00, run_after=2026-05-12 00:00:00+00:00
[2026-05-12T06:25:37.694+0000] {processor.py:183} INFO - Processing /opt/airflow/dags/dynamic_etl_dag.py took 1.062 seconds
[2026-05-12T06:26:08.001+0000] {processor.py:161} INFO - Started process (PID=210) to work on /opt/airflow/dags/dynamic_etl_dag.py
[2026-05-12T06:26:08.002+0000] {processor.py:830} INFO - Processing file /opt/airflow/dags/dynamic_etl_dag.py for tasks to queue
[2026-05-12T06:26:08.004+0000] {logging_mixin.py:188} INFO - [2026-05-12T06:26:08.004+0000] {dagbag.py:545} INFO - Filling up the DagBag from /opt/airflow/dags/dynamic_etl_dag.py
[2026-05-12T06:26:08.721+0000] {processor.py:840} INFO - DAG(s) 'dynamic_etl_framework' retrieved from /opt/airflow/dags/dynamic_etl_dag.py
[2026-05-12T06:26:08.879+0000] {logging_mixin.py:188} INFO - [2026-05-12T06:26:08.878+0000] {dag.py:3096} INFO - Sync 1 DAGs
[2026-05-12T06:26:08.899+0000] {logging_mixin.py:188} INFO - [2026-05-12T06:26:08.899+0000] {dag.py:3954} INFO - Setting next_dagrun for dynamic_etl_framework to 2026-05-11 00:00:00+00:00, run_after=2026-05-12 00:00:00+00:00
[2026-05-12T06:26:08.933+0000] {processor.py:183} INFO - Processing /opt/airflow/dags/dynamic_etl_dag.py took 0.936 seconds
[2026-05-12T06:26:39.333+0000] {processor.py:161} INFO - Started process (PID=216) to work on /opt/airflow/dags/dynamic_etl_dag.py
[2026-05-12T06:26:39.335+0000] {processor.py:830} INFO - Processing file /opt/airflow/dags/dynamic_etl_dag.py for tasks to queue
[2026-05-12T06:26:39.337+0000] {logging_mixin.py:188} INFO - [2026-05-12T06:26:39.337+0000] {dagbag.py:545} INFO - Filling up the DagBag from /opt/airflow/dags/dynamic_etl_dag.py
[2026-05-12T06:26:40.007+0000] {processor.py:840} INFO - DAG(s) 'dynamic_etl_framework' retrieved from /opt/airflow/dags/dynamic_etl_dag.py
[2026-05-12T06:26:40.149+0000] {logging_mixin.py:188} INFO - [2026-05-12T06:26:40.149+0000] {dag.py:3096} INFO - Sync 1 DAGs
[2026-05-12T06:26:40.170+0000] {logging_mixin.py:188} INFO - [2026-05-12T06:26:40.170+0000] {dag.py:3954} INFO - Setting next_dagrun for dynamic_etl_framework to 2026-05-11 00:00:00+00:00, run_after=2026-05-12 00:00:00+00:00
[2026-05-12T06:26:40.199+0000] {processor.py:183} INFO - Processing /opt/airflow/dags/dynamic_etl_dag.py took 0.871 seconds
[2026-05-12T06:27:10.586+0000] {processor.py:161} INFO - Started process (PID=222) to work on /opt/airflow/dags/dynamic_etl_dag.py
[2026-05-12T06:27:10.587+0000] {processor.py:830} INFO - Processing file /opt/airflow/dags/dynamic_etl_dag.py for tasks to queue
[2026-05-12T06:27:10.589+0000] {logging_mixin.py:188} INFO - [2026-05-12T06:27:10.589+0000] {dagbag.py:545} INFO - Filling up the DagBag from /opt/airflow/dags/dynamic_etl_dag.py
[2026-05-12T06:27:11.193+0000] {processor.py:840} INFO - DAG(s) 'dynamic_etl_framework' retrieved from /opt/airflow/dags/dynamic_etl_dag.py
[2026-05-12T06:27:11.345+0000] {logging_mixin.py:188} INFO - [2026-05-12T06:27:11.345+0000] {dag.py:3096} INFO - Sync 1 DAGs
[2026-05-12T06:27:11.364+0000] {logging_mixin.py:188} INFO - [2026-05-12T06:27:11.364+0000] {dag.py:3954} INFO - Setting next_dagrun for dynamic_etl_framework to 2026-05-11 00:00:00+00:00, run_after=2026-05-12 00:00:00+00:00
[2026-05-12T06:27:11.391+0000] {processor.py:183} INFO - Processing /opt/airflow/dags/dynamic_etl_dag.py took 0.810 seconds
[2026-05-12T06:27:41.879+0000] {processor.py:161} INFO - Started process (PID=228) to work on /opt/airflow/dags/dynamic_etl_dag.py
[2026-05-12T06:27:41.880+0000] {processor.py:830} INFO - Processing file /opt/airflow/dags/dynamic_etl_dag.py for tasks to queue
[2026-05-12T06:27:41.882+0000] {logging_mixin.py:188} INFO - [2026-05-12T06:27:41.881+0000] {dagbag.py:545} INFO - Filling up the DagBag from /opt/airflow/dags/dynamic_etl_dag.py
[2026-05-12T06:27:42.526+0000] {processor.py:840} INFO - DAG(s) 'dynamic_etl_framework' retrieved from /opt/airflow/dags/dynamic_etl_dag.py
[2026-05-12T06:27:42.686+0000] {logging_mixin.py:188} INFO - [2026-05-12T06:27:42.685+0000] {dag.py:3096} INFO - Sync 1 DAGs
[2026-05-12T06:27:42.705+0000] {logging_mixin.py:188} INFO - [2026-05-12T06:27:42.705+0000] {dag.py:3954} INFO - Setting next_dagrun for dynamic_etl_framework to 2026-05-11 00:00:00+00:00, run_after=2026-05-12 00:00:00+00:00
[2026-05-12T06:27:42.740+0000] {processor.py:183} INFO - Processing /opt/airflow/dags/dynamic_etl_dag.py took 0.866 seconds
[2026-05-12T06:28:13.179+0000] {processor.py:161} INFO - Started process (PID=234) to work on /opt/airflow/dags/dynamic_etl_dag.py
[2026-05-12T06:28:13.181+0000] {processor.py:830} INFO - Processing file /opt/airflow/dags/dynamic_etl_dag.py for tasks to queue
[2026-05-12T06:28:13.184+0000] {logging_mixin.py:188} INFO - [2026-05-12T06:28:13.184+0000] {dagbag.py:545} INFO - Filling up the DagBag from /opt/airflow/dags/dynamic_etl_dag.py
[2026-05-12T06:28:13.944+0000] {processor.py:840} INFO - DAG(s) 'dynamic_etl_framework' retrieved from /opt/airflow/dags/dynamic_etl_dag.py
[2026-05-12T06:28:14.099+0000] {logging_mixin.py:188} INFO - [2026-05-12T06:28:14.099+0000] {dag.py:3096} INFO - Sync 1 DAGs
[2026-05-12T06:28:14.120+0000] {logging_mixin.py:188} INFO - [2026-05-12T06:28:14.120+0000] {dag.py:3954} INFO - Setting next_dagrun for dynamic_etl_framework to 2026-05-11 00:00:00+00:00, run_after=2026-05-12 00:00:00+00:00
[2026-05-12T06:28:14.152+0000] {processor.py:183} INFO - Processing /opt/airflow/dags/dynamic_etl_dag.py took 0.982 seconds
[2026-05-12T06:28:44.529+0000] {processor.py:161} INFO - Started process (PID=240) to work on /opt/airflow/dags/dynamic_etl_dag.py
[2026-05-12T06:28:44.530+0000] {processor.py:830} INFO - Processing file /opt/airflow/dags/dynamic_etl_dag.py for tasks to queue
[2026-05-12T06:28:44.533+0000] {logging_mixin.py:188} INFO - [2026-05-12T06:28:44.532+0000] {dagbag.py:545} INFO - Filling up the DagBag from /opt/airflow/dags/dynamic_etl_dag.py
[2026-05-12T06:28:45.248+0000] {processor.py:840} INFO - DAG(s) 'dynamic_etl_framework' retrieved from /opt/airflow/dags/dynamic_etl_dag.py
[2026-05-12T06:28:45.406+0000] {logging_mixin.py:188} INFO - [2026-05-12T06:28:45.405+0000] {dag.py:3096} INFO - Sync 1 DAGs
[2026-05-12T06:28:45.430+0000] {logging_mixin.py:188} INFO - [2026-05-12T06:28:45.430+0000] {dag.py:3954} INFO - Setting next_dagrun for dynamic_etl_framework to 2026-05-11 00:00:00+00:00, run_after=2026-05-12 00:00:00+00:00
[2026-05-12T06:28:45.465+0000] {processor.py:183} INFO - Processing /opt/airflow/dags/dynamic_etl_dag.py took 0.941 seconds
[2026-05-12T06:29:15.910+0000] {processor.py:161} INFO - Started process (PID=246) to work on /opt/airflow/dags/dynamic_etl_dag.py
[2026-05-12T06:29:15.912+0000] {processor.py:830} INFO - Processing file /opt/airflow/dags/dynamic_etl_dag.py for tasks to queue
[2026-05-12T06:29:15.913+0000] {logging_mixin.py:188} INFO - [2026-05-12T06:29:15.913+0000] {dagbag.py:545} INFO - Filling up the DagBag from /opt/airflow/dags/dynamic_etl_dag.py
[2026-05-12T06:29:16.598+0000] {processor.py:840} INFO - DAG(s) 'dynamic_etl_framework' retrieved from /opt/airflow/dags/dynamic_etl_dag.py
[2026-05-12T06:29:16.756+0000] {logging_mixin.py:188} INFO - [2026-05-12T06:29:16.756+0000] {dag.py:3096} INFO - Sync 1 DAGs
[2026-05-12T06:29:16.779+0000] {logging_mixin.py:188} INFO - [2026-05-12T06:29:16.779+0000] {dag.py:3954} INFO - Setting next_dagrun for dynamic_etl_framework to 2026-05-11 00:00:00+00:00, run_after=2026-05-12 00:00:00+00:00
[2026-05-12T06:29:16.811+0000] {processor.py:183} INFO - Processing /opt/airflow/dags/dynamic_etl_dag.py took 0.907 seconds
[2026-05-12T06:29:47.210+0000] {processor.py:161} INFO - Started process (PID=252) to work on /opt/airflow/dags/dynamic_etl_dag.py
[2026-05-12T06:29:47.211+0000] {processor.py:830} INFO - Processing file /opt/airflow/dags/dynamic_etl_dag.py for tasks to queue
[2026-05-12T06:29:47.213+0000] {logging_mixin.py:188} INFO - [2026-05-12T06:29:47.213+0000] {dagbag.py:545} INFO - Filling up the DagBag from /opt/airflow/dags/dynamic_etl_dag.py
[2026-05-12T06:29:47.866+0000] {processor.py:840} INFO - DAG(s) 'dynamic_etl_framework' retrieved from /opt/airflow/dags/dynamic_etl_dag.py
[2026-05-12T06:29:48.016+0000] {logging_mixin.py:188} INFO - [2026-05-12T06:29:48.015+0000] {dag.py:3096} INFO - Sync 1 DAGs
[2026-05-12T06:29:48.036+0000] {logging_mixin.py:188} INFO - [2026-05-12T06:29:48.036+0000] {dag.py:3954} INFO - Setting next_dagrun for dynamic_etl_framework to 2026-05-11 00:00:00+00:00, run_after=2026-05-12 00:00:00+00:00
[2026-05-12T06:29:48.066+0000] {processor.py:183} INFO - Processing /opt/airflow/dags/dynamic_etl_dag.py took 0.861 seconds
[2026-05-12T06:30:18.504+0000] {processor.py:161} INFO - Started process (PID=258) to work on /opt/airflow/dags/dynamic_etl_dag.py
[2026-05-12T06:30:18.505+0000] {processor.py:830} INFO - Processing file /opt/airflow/dags/dynamic_etl_dag.py for tasks to queue
[2026-05-12T06:30:18.508+0000] {logging_mixin.py:188} INFO - [2026-05-12T06:30:18.507+0000] {dagbag.py:545} INFO - Filling up the DagBag from /opt/airflow/dags/dynamic_etl_dag.py
[2026-05-12T06:30:19.227+0000] {processor.py:840} INFO - DAG(s) 'dynamic_etl_framework' retrieved from /opt/airflow/dags/dynamic_etl_dag.py
[2026-05-12T06:30:19.381+0000] {logging_mixin.py:188} INFO - [2026-05-12T06:30:19.381+0000] {dag.py:3096} INFO - Sync 1 DAGs
[2026-05-12T06:30:19.399+0000] {logging_mixin.py:188} INFO - [2026-05-12T06:30:19.399+0000] {dag.py:3954} INFO - Setting next_dagrun for dynamic_etl_framework to 2026-05-11 00:00:00+00:00, run_after=2026-05-12 00:00:00+00:00
[2026-05-12T06:30:19.427+0000] {processor.py:183} INFO - Processing /opt/airflow/dags/dynamic_etl_dag.py took 0.929 seconds
[2026-05-12T06:30:49.923+0000] {processor.py:161} INFO - Started process (PID=264) to work on /opt/airflow/dags/dynamic_etl_dag.py
[2026-05-12T06:30:49.924+0000] {processor.py:830} INFO - Processing file /opt/airflow/dags/dynamic_etl_dag.py for tasks to queue
[2026-05-12T06:30:49.926+0000] {logging_mixin.py:188} INFO - [2026-05-12T06:30:49.926+0000] {dagbag.py:545} INFO - Filling up the DagBag from /opt/airflow/dags/dynamic_etl_dag.py
[2026-05-12T06:30:50.583+0000] {processor.py:840} INFO - DAG(s) 'dynamic_etl_framework' retrieved from /opt/airflow/dags/dynamic_etl_dag.py
[2026-05-12T06:30:50.835+0000] {logging_mixin.py:188} INFO - [2026-05-12T06:30:50.834+0000] {dag.py:3096} INFO - Sync 1 DAGs
[2026-05-12T06:30:50.859+0000] {logging_mixin.py:188} INFO - [2026-05-12T06:30:50.858+0000] {dag.py:3954} INFO - Setting next_dagrun for dynamic_etl_framework to 2026-05-11 00:00:00+00:00, run_after=2026-05-12 00:00:00+00:00
[2026-05-12T06:30:50.898+0000] {processor.py:183} INFO - Processing /opt/airflow/dags/dynamic_etl_dag.py took 0.980 seconds
[2026-05-12T06:31:21.239+0000] {processor.py:161} INFO - Started process (PID=270) to work on /opt/airflow/dags/dynamic_etl_dag.py
[2026-05-12T06:31:21.240+0000] {processor.py:830} INFO - Processing file /opt/airflow/dags/dynamic_etl_dag.py for tasks to queue
[2026-05-12T06:31:21.241+0000] {logging_mixin.py:188} INFO - [2026-05-12T06:31:21.241+0000] {dagbag.py:545} INFO - Filling up the DagBag from /opt/airflow/dags/dynamic_etl_dag.py
[2026-05-12T06:31:21.898+0000] {processor.py:840} INFO - DAG(s) 'dynamic_etl_framework' retrieved from /opt/airflow/dags/dynamic_etl_dag.py
[2026-05-12T06:31:22.059+0000] {logging_mixin.py:188} INFO - [2026-05-12T06:31:22.059+0000] {dag.py:3096} INFO - Sync 1 DAGs
[2026-05-12T06:31:22.080+0000] {logging_mixin.py:188} INFO - [2026-05-12T06:31:22.080+0000] {dag.py:3954} INFO - Setting next_dagrun for dynamic_etl_framework to 2026-05-11 00:00:00+00:00, run_after=2026-05-12 00:00:00+00:00
[2026-05-12T06:31:22.108+0000] {processor.py:183} INFO - Processing /opt/airflow/dags/dynamic_etl_dag.py took 0.874 seconds
[2026-05-12T06:31:52.574+0000] {processor.py:161} INFO - Started process (PID=276) to work on /opt/airflow/dags/dynamic_etl_dag.py
[2026-05-12T06:31:52.576+0000] {processor.py:830} INFO - Processing file /opt/airflow/dags/dynamic_etl_dag.py for tasks to queue
[2026-05-12T06:31:52.578+0000] {logging_mixin.py:188} INFO - [2026-05-12T06:31:52.577+0000] {dagbag.py:545} INFO - Filling up the DagBag from /opt/airflow/dags/dynamic_etl_dag.py
[2026-05-12T06:31:53.323+0000] {processor.py:840} INFO - DAG(s) 'dynamic_etl_framework' retrieved from /opt/airflow/dags/dynamic_etl_dag.py
[2026-05-12T06:31:53.483+0000] {logging_mixin.py:188} INFO - [2026-05-12T06:31:53.483+0000] {dag.py:3096} INFO - Sync 1 DAGs
[2026-05-12T06:31:53.505+0000] {logging_mixin.py:188} INFO - [2026-05-12T06:31:53.505+0000] {dag.py:3954} INFO - Setting next_dagrun for dynamic_etl_framework to 2026-05-11 00:00:00+00:00, run_after=2026-05-12 00:00:00+00:00
[2026-05-12T06:31:53.537+0000] {processor.py:183} INFO - Processing /opt/airflow/dags/dynamic_etl_dag.py took 0.967 seconds
[2026-05-12T06:32:23.909+0000] {processor.py:161} INFO - Started process (PID=282) to work on /opt/airflow/dags/dynamic_etl_dag.py
[2026-05-12T06:32:23.910+0000] {processor.py:830} INFO - Processing file /opt/airflow/dags/dynamic_etl_dag.py for tasks to queue
[2026-05-12T06:32:23.912+0000] {logging_mixin.py:188} INFO - [2026-05-12T06:32:23.912+0000] {dagbag.py:545} INFO - Filling up the DagBag from /opt/airflow/dags/dynamic_etl_dag.py
[2026-05-12T06:32:24.516+0000] {processor.py:840} INFO - DAG(s) 'dynamic_etl_framework' retrieved from /opt/airflow/dags/dynamic_etl_dag.py
[2026-05-12T06:32:24.666+0000] {logging_mixin.py:188} INFO - [2026-05-12T06:32:24.666+0000] {dag.py:3096} INFO - Sync 1 DAGs
[2026-05-12T06:32:24.685+0000] {logging_mixin.py:188} INFO - [2026-05-12T06:32:24.685+0000] {dag.py:3954} INFO - Setting next_dagrun for dynamic_etl_framework to 2026-05-11 00:00:00+00:00, run_after=2026-05-12 00:00:00+00:00
[2026-05-12T06:32:24.712+0000] {processor.py:183} INFO - Processing /opt/airflow/dags/dynamic_etl_dag.py took 0.807 seconds
